"Document Title",Authors,"Author Affiliations","Publication Title",Date Added To Xplore,"Publication Year","Volume","Issue","Start Page","End Page","Abstract","ISSN",ISBNs,"DOI",Funding Information,PDF Link,"Author Keywords","IEEE Terms","Mesh_Terms",Article Citation Count,Patent Citation Count,"Reference Count","License",Online Date,Issue Date,"Meeting Date","Publisher",Document Identifier
"Symmetry-Protected Topological Phase Classification Using Hybrid Quantum Convolutional Neural Network with Three Quantum Filters","A. P. J; K. K; P. Sandeep; S. C. Dattatreya; S. N. S. Anil","Computer Science & Engineering, Vel Tech Rangarajan Dr. Sagunthala R&D Institute of Science and Technology, Chennai, India; Computer Science & Engineering, Vel Tech Rangarajan Dr. Sagunthala R&D Institute of Science and Technology, Chennai, India; Computer Science & Engineering, Vel Tech Rangarajan Dr. Sagunthala R&D Institute of Science and Technology, Chennai, India; Computer Science & Engineering, Vel Tech Rangarajan Dr. Sagunthala R&D Institute of Science and Technology, Chennai, India; Computer Science & Engineering, Vel Tech Rangarajan Dr. Sagunthala R&D Institute of Science and Technology, Chennai, India","2022 Second International Conference on Advances in Electrical, Computing, Communication and Sustainable Technologies (ICAECT)","1 Jul 2022","2022","","","1","6","In this research, a Hybrid Quantum Convolutional Neural Network (HQCNN) was proposed for Symmetry-Protected Topological (SPT) Phase data Classification. The HQCNN used quantum Convolutional and pooling layers with traditional fully connected networks. The quantum Convolutional (QConv) and quantum pooling (QPool) layers were developed using quantum circuit states. The TensorFlow quantum package was used to add the outcomes of the quantum circuits to dense layers for efficient classification. A different number of quantum filters were used in the HQCNN model and tested. A different number of quantum filters were used in the HQCNN model design. The performance of the HQCNN models with the different number of quantum filters was compared using validation and testing performance. The simulation results showed that the classification accuracy of the proposed HQCNN with Four Quantum Filters (HQCNN-4QF) was superior to other proposed HQCNNs on the SPT phase data Classification. The HQCNN-4QF model achieved the classification accuracy of 99.22 on SPT phase test data.","","978-1-6654-1120-2","10.1109/ICAECT54875.2022.9807939","","https://ieeexplore.ieee.org/stamp/stamp.jsp?arnumber=9807939","Convolutional Neural Network;Fully connected layer;Quantum Convolutional layer;Quantum filters;Quantum pooling layer","Training;Computational modeling;Simulation;Neural networks;Convolutional neural networks;Task analysis;Integrated circuit modeling","","","","15","IEEE","1 Jul 2022","21-22 April 2022","21-22 April 2022","IEEE","IEEE Conferences"
"Hybrid Quantum Convolutional Neural Networks for Enhanced Diabetic Retinopathy Detection","G. S. Babu; M. Lakshmi Sathwika; V. Yamuna; K. Sahithi; N. Rohith; P. Abhishek","Dept of CSE, GMR Institute of Technology, Rajam, India; Dept of CSE, GMR Institute of Technology, Rajam, India; Dept of CSM, Aditya Institute of Technology and Management, Tekkali; Dept of CSE, GMR Institute of Technology, Rajam, India; Dept of CSE, GMR Institute of Technology, Rajam, India; Dept of CSE, GMR Institute of Technology, Rajam, India",2025 4th OPJU International Technology Conference (OTCON) on Smart Computing for Innovation and Advancement in Industry 5.0,"14 Jul 2025","2025","","","1","6","Diabetic Retinopathy (DR) is a severe complication of diabetes, characterized by damage to the blood vessels in the retina, leading to an increased risk of vision loss or blindness. Patients with diabetes who develop DR face a significant risk of visual impairment, underscoring the need for advanced and reliable diagnostic tools. This research addresses this need by introducing a hybrid Quantum Convolutional Neural Network (QCNN) model, designed specifically for the automated detection of DR. By leveraging quantum principles and classical deep learning, this model provides a powerful approach to screening for diabetic retinopathy. In a Convolutional Neural Network (CNN), convolutional layers are primarily responsible for feature extraction from images, capturing intricate details essential for accurate classification. However, the proposed hybrid QCNN introduces quantum layers in addition to traditional convolutional layers, combining the strengths of both quantum computing and classical neural network structures. Quantum computing principles, such as superposition and entanglement, allow the QCNN to encode and process information in unique ways, enhancing the efficiency of feature extraction and the overall performance of the model. Superposition enables the QCNN to represent and manipulate multiple states simultaneously, while entanglement allows for a more complex, interconnected representation of image features. These quantum properties enable the QCNN to explore a broader feature space, offering richer representations of the retinal images than those achievable through classical methods alone. Evaluation of the model’s performance reveals that the QCNN surpasses a traditional CNN in both accuracy and diagnostic performance. This improvement suggests that hybrid QCNN models hold significant promise for enhancing diabetic retinopathy screening, paving the way for earlier diagnosis and better patient outcomes. Future research will focus on refining the hybrid QCNN model to improve its robustness and adaptability, aiming to ensure its effectiveness in real-world healthcare environments.","","979-8-3315-3536-0","10.1109/OTCON65728.2025.11070674","","https://ieeexplore.ieee.org/stamp/stamp.jsp?arnumber=11070674","Convolutional Neural Network;Diabetic retinopathy;Entanglement;Quantum Convolutional Neural Network;Superposition","Diabetic retinopathy;Adaptation models;Quantum computing;Accuracy;Quantum entanglement;Computational modeling;Visual impairment;Retina;Feature extraction;Convolutional neural networks","","","","15","IEEE","14 Jul 2025","9-11 April 2025","9-11 April 2025","IEEE","IEEE Conferences"
"Multi-Path Parallel Quantum Convolutional Neural Network","H. Qi; X. Huo; A. Gani","School of Computer Science, Shenyang Aerospace University, Shenyang, China; School of Computer Science, Shenyang Aerospace University, Shenyang, China; School of Computer Science, University of Malaya, Kuala Lumpur, Malaysia",2026 International Conference on Multi-scale Artificial Intelligence (MAI),"8 Jun 2026","2026","","","1","6","Quantum Convolutional Neural Networks (QCNN) migrate the convolution and pooling concepts of classical Convolutional Neural Networks (CNN) to variational quantum circuits, showing potential on Noisy Intermediate-Scale Quantum (NISQ) devices. However, traditional QCNN adopts a single-depth circuit structure, which has limitations in multi-scale feature extraction, and is prone to the barren plateau phenomenon during training, making it difficult to adapt to high-dimensional real-world scenarios such as network intrusion detection. This paper proposes a QCNN architecture based on a multi-path parallel structure. For the network intrusion detection task, it draws on the Inception module to construct three parallel quantum convolution paths: shallow, medium, and deep, achieving hierarchical extraction of multi-scale features; residual connections are introduced to preserve encoded state information and provide gradient shortcuts; a hybrid optimization strategy combining classical Adam and Quantum Natural Gradient (QNG) is adopted to adapt to the heterogeneous parameter space. Experimental validation shows that, on the UNSW-NB15 network intrusion detection dataset, the proposed Multi-Path Parallel Quantum Convolutional Neural Network (MP-QCNN) improves detection accuracy by 3% compared to traditional single-path QCNN and effectively mitigates the barren plateau phenomenon. This design strictly maintains NISQ depth constraints and quantum parallelism advantages, providing an efficient and stable feature extraction framework for high-dimensional tasks such as network intrusion detection.","","979-8-3315-4566-6","10.1109/MAI69289.2026.11543763","","https://ieeexplore.ieee.org/stamp/stamp.jsp?arnumber=11543763","Quantum Convolutional Neural Network;Multi- Path Parallel Structure;Inception Migration;Residual Connection;Quantum Natural Gradient","Convolutional neural networks;Design methodology;Optimization;Encoding;Equations;Printing;Modeling;Training;Convolution;Media","","","","17","IEEE","8 Jun 2026","24-26 April 2026","24-26 April 2026","IEEE","IEEE Conferences"
"Design and Implementation of Quantum Kernel Convolution for Hybrid Neural Networks","E. Şeker; Y. K. Bayraktaroğlu; D. E. Çam; E. G. Soyak; S. Kalem","Computer Engineering, Bahçeşehir University, Istanbul, Türkiye; Computer Engineering, Bahçeşehir University, Istanbul, Türkiye; Computer Engineering, Bahçeşehir University, Istanbul, Türkiye; Department of Computer Engineering, Bahçeşehir University, Istanbul, Türkiye; Electrical and Electronics Engineering, Bahçeşehir University, Istanbul, Türkiye",2025 10th International Conference on Computer Science and Engineering (UBMK),"24 Oct 2025","2025","","","1344","1349","Classical convolutional neural networks (CNNs) have achieved notable success in image classification but face challenges in scalability, interpretability, and computational cost. With the growing availability of Noisy Intermediate-Scale Quantum (NISQ) devices, hybrid quantum-classical models offer a promising alternative by leveraging quantum parallelism and entanglement. In this work, we present a hybrid Quantum Convolutional Neural Network (QCNN) that integrates quantum convolutional layers into classical image classification pipeline for the MNIST dataset. Our architecture features a modular, low-depth Quantum Kernel Convolution (QKC) design suitable for near-term hardware. We implement the system using Qiskit and evaluate in terms of classification accuracy, circuit efficiency, and integration feasibility. Our results demonstrate that (i) the hybrid QCNN achieves similar accuracy to classical models while reducing the number of classical parameters, and (ii) quantum layers can successfully perform dimensionality reduction through entanglement-based pooling. This study highlights the potential of hybrid QCNN as a practical quantum-enhanced model for real-world image recognition tasks.","2521-1641","979-8-3315-9975-1","10.1109/UBMK67458.2025.11206946","","https://ieeexplore.ieee.org/stamp/stamp.jsp?arnumber=11206946","quantum computing;convolutional neural network (CNN);quantum convolutional neural network (QCNN);Quantum Kernel Convolution (QKC)","Quantum computing;Accuracy;Quantum entanglement;Convolution;Computational modeling;Scalability;Convolutional neural networks;Kernel;Integrated circuit modeling;Image classification","","1","","15","IEEE","24 Oct 2025","17-21 Sept. 2025","17-21 Sept. 2025","IEEE","IEEE Conferences"
"UWB NLOS/LOS Classification Using Hybrid Quantum Convolutional Neural Networks","S. -G. Jeong; Q. -V. Do; H. -J. Hwang; M. Hasegawa; H. Sekiya; W. -J. Hwang","Department of Information Convergence Engineering, Center for Artificial Intelligence of Pusan National University, Busan, Korea; Department of Information Convergence Engineering, Center for Artificial Intelligence of Pusan National University, Busan, Korea; Department of Information Convergence Engineering, Center for Artificial Intelligence of Pusan National University, Busan, Korea; Department of Electrical Engineering, Tokyo University of Science, Tokyo, Japan; Graduate School of Engineering, Chiba University, Chiba, Japan; Department of Information Convergence Engineering, Center for Artificial Intelligence of Pusan National University, Busan, Korea",2023 IEEE International Conference on Consumer Electronics-Asia (ICCE-Asia),"27 Nov 2023","2023","","","1","2","Ultra-wide-band (UWB) technology has emerged as a promising solution for providing accurate indoor positioning capabilities. However, indoor environments have various obstacles, which induce significant signal propagation effects. To avoid this issue, UWB signal classification is essential for improving positioning accuracy. This paper proposes a hybrid quantum convolutional neural network (HQCNN) inspired by convolutional neural networks for UWB none-line-of-sight/line-of-sight signal classification. The result shows that the HQCNN outperforms benchmarks.","","979-8-3503-4431-8","10.1109/ICCE-Asia59966.2023.10326359","","https://ieeexplore.ieee.org/stamp/stamp.jsp?arnumber=10326359","Channel impulse response;convolutional neural network;hybrid quantum convolutional neural network;quantum convolutional neural network;ultra-wide-band","Computational modeling;Qubit;Pattern classification;Benchmark testing;Indoor environment;Convolutional neural networks;Data mining","","3","","3","IEEE","27 Nov 2023","23-25 Oct. 2023","23-25 Oct. 2023","IEEE","IEEE Conferences"
"On Circuit-Based Hybrid Quantum Neural Networks for Remote Sensing Imagery Classification","A. Sebastianelli; D. A. Zaidenberg; D. Spiller; B. L. Saux; S. L. Ullo","Engineering Department, University of Sannio, Benevento, Italy; Massachusetts Institute of Technology, Cambridge, MA, USA; European Space Agency, Frascati, Italy; European Space Agency, Frascati, Italy; Engineering Department, University of Sannio, Benevento, Italy",IEEE Journal of Selected Topics in Applied Earth Observations and Remote Sensing,"5 Jan 2022","2022","15","","565","580","This article aims to investigate how circuit-based hybrid quantum convolutional neural networks (QCNNs) can be successfully employed as image classifiers in the context of remote sensing. The hybrid QCNNs enrich the classical architecture of convolutional neural networks by introducing a quantum layer within a standard neural network. The novel QCNN proposed in this work is applied to the land-use and land-cover classification, chosen as an Earth observation (EO) use case, and tested on the EuroSAT dataset used as the reference benchmark. The results of the multiclass classification prove the effectiveness of the presented approach by demonstrating that the QCNN performances are higher than the classical counterparts. Moreover, investigation of various quantum circuits shows that the ones exploiting quantum entanglement achieve the best classification scores. This study underlines the potentialities of applying quantum computing to an EO case study and provides the theoretical and experimental background for future investigations.","2151-1535","","10.1109/JSTARS.2021.3134785","Massachusetts Institute of Technology; University of Sannio; MIT Science and Technology Initiative; European Space Agency Φ-Lab’s Quantum Computing for Earth Observation Initiative; ","https://ieeexplore.ieee.org/stamp/stamp.jsp?arnumber=9647979","Earth observation (EO);image classification;land-use and land-cover (LULC) classification;machine learning (ML);quantum computing (QC);quantum machine learning (QML);remote sensing","Quantum computing;Remote sensing;Computers;Quantum circuit;Quantum mechanics;Qubit;Task analysis","","129","","80","CCBY","13 Dec 2021","2022","","IEEE","IEEE Journals"
"Application of image recognition algorithm based on quantum convolutional neural network","X. Zhao","Harbin Institute of Petroleum, Harbin, China","2025 IEEE 5th International Conference on Electronic Technology, Communication and Information (ICETCI)","24 Jul 2025","2025","","","653","657","In this paper, an innovative Quantum image recognition algorithm, Quantum Auto Gradient Descent (QAGD), is proposed. The algorithm combines the advantages of quantum convolutional neural networks (QCNN), autoencoders (AE) and low-lot gradient descent (MGD). The introduction of an automatic encoder into the quantum convolutional neural network can effectively extract image features and reduce dimensionality, reduce data dimensions while retaining key information, and improve the model's ability to capture image features. At the same time, combined with the small-batch gradient descent optimization strategy, the model parameters are iteratively updated through small-batch data, which speeds up the model convergence speed and improves the training efficiency. In the experimental part, we compare QAGD with traditional image recognition algorithms, and the results show that QAGD algorithm has significant advantages in improving image recognition performance and reducing false positive rate, with higher recognition accuracy and faster training speed. This fully verifies the feasibility and effectiveness of QAGD architecture in the application of image recognition algorithms based on quantum convolutional neural networks.","","979-8-3315-3372-4","10.1109/ICETCI64844.2025.11084236","","https://ieeexplore.ieee.org/stamp/stamp.jsp?arnumber=11084236","quantum convolutional neural networks;image recognition;gradient descent","Training;Image recognition;Quantum computing;Accuracy;Autoencoders;Feature extraction;Data models;Convolutional neural networks;Optimization;Convergence","","","","11","IEEE","24 Jul 2025","23-25 May 2025","23-25 May 2025","IEEE","IEEE Conferences"
"Hybrid Quantum Convolutional Neural Networks with Structured Quantum Layers and Expressivity Analysis","H. K. Ping; T. Chye Cheah","School of Computer Science, University of Nottingham Malaysia, Selangor, Malaysia; School of Computer Science, University of Nottingham Malaysia, Selangor, Malaysia",2025 IEEE International Conference on Artificial Intelligence in Engineering and Technology (IICAIET),"5 Dec 2025","2025","","","292","297","This paper proposes and evaluate Hybrid Quantum Convolutional Neural Networks (HQCNNs) that integrate Structured Variational Quantum Circuits (SVQCs) into classical convolutional networks for image classification. Prior quanvolutional architectures often rely on unstructured variational circuits, leading to barren-plateau training landscapes, unpredictable convergence, and poor scaling of expressivity as qubit count grows. Moreover, simplistic data-encoding schemes can either fail to capture spatial correlations or demand impractically deep circuits, while arbitrary entanglement patterns obscure the relationship between circuit design and learning capacity. To address these challenges, we design four HQCNN architectures with progressively increased quantum encoding precision, entanglement topology, and classical post-processing depth. Each HQCNN replaces the convolutional layer with a quanvolutional layer: local image patches are encoded into small qubit registers via an Enhanced Novel Enhanced Quantum Representation (ENEQR), then processed by the SVQCs, and then measured to produce quantum feature maps. The four versions vary in quantum structure: Version 1 uses a simple linear 5-qubit chain (q=2), Version 2 adds wrap-around entanglement (closed-loop topology), Version 3 augments the classical head with a deeper batch-normalized multilayer perceptron, and Version 4 increases encoding fidelity to q=4 (7 qubits per patch). All models end-to-end using the Adam optimizer and cross-entropy loss on the MNIST dataset for 10 epochs using a PennyLane simulator. Version 4 achieves the best test accuracy (96% on MNIST). Fourier spectrum analysis reveals that richer entanglement and higher-fidelity encoding broaden the circuits’ harmonic spectrum, correlating with enhanced representational capacity and improved classification performance. These results confirm that carefully structured quantum layers and enhanced encoding can enrich feature representations and boost accuracy, albeit with increased simulation overhead and training complexity.","","979-8-3315-5451-4","10.1109/IICAIET67254.2025.11265063","","https://ieeexplore.ieee.org/stamp/stamp.jsp?arnumber=11265063","Quantum Algorithm;Hybrid Quantum Convolutional Neural Networks (HQCNN);Structured Variational Quantum Circuits (SVQC);Enhanced Novel Enhanced Quantum Representation (ENEQR);Quantum Image Encoding;Fourier Expressivity Analysis","Training;Image coding;Accuracy;Quantum entanglement;Qubit;Encoding;Topology;Convolutional neural networks;Integrated circuit modeling;Quantum circuit","","","","36","IEEE","5 Dec 2025","26-28 Aug. 2025","26-28 Aug. 2025","IEEE","IEEE Conferences"
"Real-Time Situational Awareness at National Borders: A Comparative Analysis of Classical and Hybrid QCNN Approaches","R. Thilagavathy; M. S. Aravindan","School of Computing, SRM Institute of Science and Technology, Chengalpet, India; School of Computing, SRM Institute of Science and Technology, Chengalpet, India",2025 6th International Conference on Recent Advances in Information Technology (RAIT),"30 Jul 2025","2025","","","1","6","Situational awareness at national borders is critical for maintaining security and enabling timely responses to potential threats. In this study, we explore and compare the performance of Classical Convolutional Neural Networks (CNNs) and Hybrid Quantum Convolutional Neural Networks (QCNNs) for real-time alert systems. The primary objective is to identify the algorithm that can deliver the fastest alerts, prioritizing speed over accuracy to ensure quick decision-making and action. By taking advantage of the computational advantages of quantum computing, we aim to determine whether QCNNs can outperform classical CNNs in scenarios where rapid response is paramount. Experimental results demonstrate the potential of both methodologies, with a detailed analysis of their speed performance, offering valuable insights for the deployment of efficient situational awareness systems at national borders.","2994-287X","979-8-3315-2480-7","10.1109/RAIT65068.2025.11088906","","https://ieeexplore.ieee.org/stamp/stamp.jsp?arnumber=11088906","Situational Awareness;National Borders;Classical Convolutional Neural Networks;Quantum Convolutional Neural Networks;Real-Time Alert Systems","Accuracy;Quantum computing;Computational modeling;Streaming media;Real-time systems;Convolutional neural networks;Time factors;Security;Reliability;Anomaly detection","","1","","15","IEEE","30 Jul 2025","6-8 March 2025","6-8 March 2025","IEEE","IEEE Conferences"
"Improving CNN-Based Breast Cancer Detection Integrating Quantum Layers","M. R. V. Reddy; B. Bhowmik","Department of Computer Science and Engineering, Maharshi Kanad QC Lab, BRICS Lab, National Institute of Technology Karnataka, Mangalore, Bharat; Department of Computer Science and Engineering, Maharshi Kanad QC Lab, BRICS Lab, National Institute of Technology Karnataka, Mangalore, Bharat","2025 6th International Conference on Control, Communication and Computing (ICCC)","18 Jul 2025","2025","","","1","6","Breast cancer continues to be a significant burden on global healthcare systems, as early and accurate diagnosis is crucial for improving patient outcomes. Conventional methods used for diagnosis include mammography and biopsy; although they do supply critical information, they often have poor accuracy and are operator-dependent. Artificial Intelligence(AI), particularly Convolutional Neural Networks, presents a promising tool for analyzing medical images; however, conventional CNNs face significant challenges in generalizing from one dataset to another. This paper presents a hybrid Quantum Convolutional Neural Networks(QCNN) framework by integrating the classical feature extraction models VGG16, VGG19, and InceptionV3 with a Quantum Convolutional Layer (QCL). It uses the principles of quantum, such as superposition and entanglement, which process high-dimensional data for capturing non-linear patterns. Therefore, it improves the model’s accuracy, sensitivity, and specificity. This hybrid framework presents a scalable and robust solution for the early detection of breast cancer, thereby advancing automated diagnostic systems to enhance reliability and adaptability.","","979-8-3315-1949-0","10.1109/ICCC64910.2025.11077196","","https://ieeexplore.ieee.org/stamp/stamp.jsp?arnumber=11077196","Quantum Convolutional Neural Networks;Mammography;Quantum Convolutional Layer;Biopsy;Artificial Intelligence","Quantum computing;Accuracy;Scalability;Neural networks;Biopsy;Sensitivity and specificity;Breast cancer;Robustness;Convolutional neural networks;Medical diagnostic imaging","","3","","26","IEEE","18 Jul 2025","23-25 May 2025","23-25 May 2025","IEEE","IEEE Conferences"
"Design and Implementation of Quantum Convolutional Neural Networks for Handwritten Character Classification","M. D. A. Putri; N. U. Maulidevi; I. Syafalni; R. Mulyawan","School of Electrical Engineering and Informatics, Bandung Institute of Technology, Indonesia; School of Electrical Engineering and Informatics, Bandung Institute of Technology, Indonesia; School of Electrical Engineering and Informatics, Bandung Institute of Technology, Indonesia; School of Electrical Engineering and Informatics, Bandung Institute of Technology, Indonesia",2025 International Symposium on Intelligent Signal Processing and Communication Systems (ISPACS),"19 Feb 2026","2025","","","1","5","This paper presents a hybrid Quantum Convolutional Neural Network (QCNN) designed for handwritten character classification using the EMNIST dataset. The model combines quantum convolution and pooling circuits with classical neural network layers. Various ansatz and pooling strategies were explored, with the Conv10 and PoolG combination achieving the highest accuracy of 81.38 percent. Several quantum data encoding methods were tested, where angle encoding on the X-axis outperformed others. Additionally, optimization methods were compared, and the Adam optimizer showed the best performance in terms of convergence and stability. Although the model performs well overall, it encounters difficulties when distinguishing visually similar characters such as “0” and “0.” The results support the feasibility of applying hybrid QCNN architectures to image classification tasks and suggest future improvements in data representation and circuit design.","2474-9745","979-8-3315-8066-7","10.1109/ISPACS68724.2025.11383252","ITB(grant numbers:RK3P Stage II 2025); ","https://ieeexplore.ieee.org/stamp/stamp.jsp?arnumber=11383252","QCNN;EMNIST;quantum machine learning;variational circuits","Neural networks;Optimization methods;Data visualization;Machine learning;Encoding;Stability analysis;Data models;Convolutional neural networks;Integrated circuit modeling;Image classification","","","","8","IEEE","19 Feb 2026","4-7 Nov. 2025","4-7 Nov. 2025","IEEE","IEEE Conferences"
"IoMT-Based Smart Healthcare Detection System Driven by Quantum Blockchain and Quantum Neural Network","Z. Qu; W. Shi; B. Liu; D. Gupta; P. Tiwari","Jiangsu Collaborative Innovation Center of Atmospheric Environment and Equipment Technology, School of Computer Science, Nanjing University of Information and Technology, Nanjing, China; School of Software, Nanjing University of Information and Technology, Nanjing, China; Hubei University of Science and Technology, Xianning, China; Maharaja Agrasen Institute of Technology, Delhi, India; School of Information Technology, Halmstad University, Halmstad, Sweden",IEEE Journal of Biomedical and Health Informatics,"6 Jun 2024","2024","28","6","3317","3328","Electrocardiogram (ECG) is the main criterion for arrhythmia detection. As a means of identification, ECG leakage seems to be a common occurrence due to the development of the Internet of Medical Things. The advent of the quantum era makes it difficult for classical blockchain technology to provide security for ECG data storage. Therefore, from the perspective of safety and practicality, this article proposes a quantum arrhythmia detection system called QADS, which achieves secure storage and sharing of ECG data based on quantum blockchain technology. Furthermore, a quantum neural network is used in QADS to recognize abnormal ECG data, which contributes to further cardiovascular disease diagnosis. Each quantum block stores the hash of the current and previous block to construct a quantum block network. The new quantum blockchain algorithm introduces a controlled quantum walk hash function and a quantum authentication protocol to guarantee legitimacy and security while creating new blocks. In addition, this article constructs a hybrid quantum convolutional neural network called HQCNN to extract the temporal features of ECG to detect abnormal heartbeats. The simulation experimental results show that HQCNN achieves an average training and testing accuracy of 94.7% and 93.6%. And the detection stability is much higher than classical CNN with the same structure. HQCNN also has certain robustness under the perturbation of quantum noise. Besides, this article demonstrates through mathematical analysis that the proposed quantum blockchain algorithm has strong security and can effectively resist various quantum attacks, such as external attacks, Entanglement-Measure attack and Interception-Measurement-Repeat attack.","2168-2208","","10.1109/JBHI.2023.3288199","National Natural Science Foundation of China(grant numbers:61373131,62071240); Priority Academic Program Development of Jiangsu Higher Education Institutions; CICAEET; ","https://ieeexplore.ieee.org/stamp/stamp.jsp?arnumber=10172019","Smart healthcare;arrhythmia detection;blockchain;quantum neural network;Internet of Medical Things","Blockchains;Electrocardiography;Heart beat;Medical services;Neural networks;Security;Arrhythmia","Neural Networks, Computer;Humans;Electrocardiography;Signal Processing, Computer-Assisted;Algorithms;Blockchain;Arrhythmias, Cardiac;Computer Security","47","","36","IEEE","3 Jul 2023","June 2024","","IEEE","IEEE Journals"
"Hybrid Quantum Convolutional Neural Network-Aided Pilot Assignment in Cell-Free Massive MIMO Systems","D. H. Nguyen; X. T. Nguyen; S. -G. Jeong; T. V. Chien; L. Hanzo; W. -J. Hwang","Department of Information Convergence Engineering, Pusan National University, Busan, South Korea; Faculty of Interdisciplinary Digital Technology, PHENIKAA University, Yen Nghia, Hanoi, Viet Nam; Department of Information Convergence Engineering, Pusan National University, Busan, South Korea; School of Information and Communications Technology, Hanoi University of Science and Technology, Hanoi, Viet Nam; Department of Electronics and Computer Science, University of Southampton, Southampton, U.K.; Digital-X AIoT Research Center, School of Computer Science and Engineering, Pusan National University, Busan, South Korea",IEEE Transactions on Vehicular Technology,"17 Dec 2025","2025","74","12","19876","19881","A sophisticated hybrid quantum convolutional neural network (HQCNN) is conceived for handling the pilot assignment task in cell-free massive MIMO systems, while maximizing the total ergodic sum throughput. The existing model-based solutions found in the literature are inefficient and/or computationally demanding. Similarly, conventional deep neural networks may struggle in the face of high-dimensional inputs, require complex architectures, and their convergence is slow due to training numerous hyperparameters. The proposed HQCNN leverages parameterized quantum circuits (PQCs) relying on superposition for enhanced feature extraction. Specifically, we exploit the same PQC across all the convolutional layers for customizing the neural network and for accelerating the convergence. Our numerical results demonstrate that the proposed HQCNN offers a total network throughput close to that of the excessive-complexity exhaustive search and outperforms the state-of-the-art benchmarks.","1939-9359","","10.1109/TVT.2025.3588212","Engineering and Physical Sciences Research Council(grant numbers:EP/W032635/1,EP/X04047X/1); European Research Council's Advanced Fellow Grant QuantCom(grant numbers:789028); Quantum Computing Based on Quantum Advantage Challenge Research(grant numbers:RS-2024-00408613); National Research Foundation of Korea(grant numbers:RS-2024-00336962); Institute of Information & Communications Technology Planning & Evaluation(grant numbers:IITP-2025-RS-2023-00254177); Korea Government; Institute of Information & Communications Technology Planning & Evaluation(grant numbers:IITP-2025-RS-2023-00260098); ","https://ieeexplore.ieee.org/stamp/stamp.jsp?arnumber=11091511","Cell-free massive MIMO;pilot allocation;quantum machine learning","Training;Throughput;Quantum circuit;Convolutional neural networks;Integrated circuit modeling;Vectors;Qubit;Quantum state;Massive MIMO;Convergence","","5","","21","IEEE","23 Jul 2025","Dec. 2025","","IEEE","IEEE Journals"
"Quantum Convolutional Neural Networks for Medical Image Diagnosis","A. S. Manek; K. S. Ganesh; M. Abuzar; C. K. K V; J. H; S. Christa","Department of Artificial Intelligence and Machine Learning, T. John Institue of Technology, Bengaluru, India; Department of Artificial Intelligence and Machine Learning, T. John Institue of Technology, Bengaluru, India; Department of Artificial Intelligence and Machine Learning, T. John Institue of Technology, Bengaluru, India; Department of Artificial Intelligence and Machine Learning, T. John Institue of Technology, Bengaluru, India; Department of Artificial Intelligence and Machine Learning, T. John Institue of Technology, Bengaluru, India; Department of Computer Science and Engg, School of Computing, MIT Art Design and Technology University, Pune, India","2025 IEEE International Conference for Women in Innovation, Technology & Entrepreneurship (ICWITE)","30 Dec 2025","2025","","","1","6","Recently, Quantum Computing has started being widely used for classical problem solving. We can use Quantum mechanics principles for problem solving. CNN (Convolutional Neural Network) had been used in classical computing and problem solving for many years, the implementation of this neural network model in Quantum devices and circuits is known as QCNN (Quantum Convolutional Neural Network). QCNNs are built using quantum circuits. QCNNs can read complicated pictures more quickly, they are allegedly better at extracting features and identifying patterns, these features can make it extremely good at image classification. By analyzing multiple features at the same time, QCNNs process data faster than classical CNNs and reduce the reliance on big datasets, therefore it addresses difficulties related to limited data. We can also see how robust QCNN is to noise, maintaining good accuracy despite many changes in image quality. Good speed and accuracy are demonstrated in experimental results on training datasets, indicating that QCNNs have the potential to transform medical diagnoses and enhance patient outcomes. We have made use of the chest x-ray image dataset which have three labels, Covid, Pneumonia, and Normal.","","978-1-6654-5762-0","10.1109/ICWITE64848.2025.11306951","","https://ieeexplore.ieee.org/stamp/stamp.jsp?arnumber=11306951","CNN;Convolution;Medical Diagnosis;Neural Network;Quantum circuits;QCNN","Accuracy;Neural networks;Transforms;Feature extraction;Convolutional neural networks;Problem-solving;Quantum circuit;Integrated circuit modeling;Medical diagnostic imaging;X-ray imaging","","","","26","IEEE","30 Dec 2025","26-27 Sept. 2025","26-27 Sept. 2025","IEEE","IEEE Conferences"
"Quantum Convolutional Neural Networks for Visual Pattern Recognition","N. Thayalan; V. Balalojanan; V. Vigneswaran; T. Sukirthan; K. Thiruthanigesan; S. Mahesan; R. G. Ragel","Faculty of Computing SLIIT, Northern Uni, Jaffna, Sri Lanka; Faculty of Computing SLIIT, Northern Uni, Jaffna, Sri Lanka; Faculty of Computing SLIIT, Northern Uni, Jaffna, Sri Lanka; Faculty of Computing SLIIT, Northern Uni, Jaffna, Sri Lanka; Faculty of Computing SLIIT, Northern Uni, Jaffna, Sri Lanka; Faculty of Computing SLIIT, Northern Uni, Jaffna, Sri Lanka; Department of Computer Engineering, University of Peradeniya, Sri Lanka",2026 6th International Conference on Advanced Research in Computing (ICARC),"31 Mar 2026","2026","","","1","6","Quantum machine learning is emerging as a promising frontier at the intersection of quantum computing and Artificial Intelligence, offering potential gains in speed, efficiency, and robustness. In this paper, a hybrid Quantum Convolutional Neural Network (QCNN) architecture is presented for visual pattern recognition tasks, leveraging quantum superposition and entanglement for enhanced feature extraction. Unlike previous studies that focus on small-scale or simplified datasets, this study systematically evaluates QCNNs across multiple benchmark datasets and provides a direct comparison with classical CNNs, highlighting practical quantum advantages such as parameter efficiency and noise-resilience. The proposed approach encodes classical image data from benchmark datasets, including $70 ~\mathrm{K} 28 \times 28$ grayscale images from MNIST and FashionMNIST, and $\mathbf{6 0 K}$ downsampled grayscale CIFAR-10 images, into quantum states using amplitude encoding, followed by hierarchical quantum convolution and pooling layers implemented via parametrised quantum circuits (PQCs). The model culminates in a classical dense layer for final classification. Experimental results demonstrate that the QCNN achieves competitive performance on low-dimensional grayscale datasets with 93.2 % accuracy on MNIST and 88.5% on Fashion MNIST, though it underperforms on more complex datasets like CIFAR-10 with 67.8 % accuracy due to current quantum hardware limitations. While not yet surpassing classical CNNs in raw accuracy, the proposed QCNN exhibits notable parameter efficiency, noise resilience, and theoretical potential for energy-efficient computation, highlighting its promise for future applications as quantum technologies mature.","","979-8-3315-5723-2","10.1109/ICARC68737.2026.11453832","","https://ieeexplore.ieee.org/stamp/stamp.jsp?arnumber=11453832","Amplitude Encoding;Hybrid Quantum-Classical Models;Parametrised Quantum Circuits;Quantum Algorithms;Quantum Advantage in Machine Learning","Visualization;Accuracy;Quantum advantage;Quantum entanglement;Machine learning;Gray-scale;Pattern recognition;Convolutional neural networks;Quantum circuit;Integrated circuit modeling","","","","16","IEEE","31 Mar 2026","18-19 Feb. 2026","18-19 Feb. 2026","IEEE","IEEE Conferences"
"Benchmarking Quantum Convolutional Neural Networks for Signal Classification in Simulated Gamma-Ray Burst Detection","F. Farsian; N. Parmiggiani; A. Rizzo; G. Panebianco; A. Bulgarelli; F. Schilliró; C. Burigana; V. Cardone; L. Cappelli; M. Meneghetti; G. Murante; G. Sarracino; R. Scaramella; V. Testa; T. Trombetti","OACT, INAF Via S. Sofia 78, Catania, Italy; OAS, INAF Via Pietro Gobetti 93/3, Bologna, Italy; OACT, INAF Via S. Sofia 78, Catania, Italy; OAS, INAF Via Pietro Gobetti 93/3, Bologna, Italy; OAS, INAF Via Pietro Gobetti 93/3, Bologna, Italy; OACT, INAF Via S. Sofia 78, Catania, Italy; IRA, INAF Via Pietro Gobetti 101, Bologna, Italy; OAR, INAF Via Frascati 33, Monteporzio Catone, Italy; OATs, INAF Via Tiepolo 11, Trieste, Italy; OAS, INAF Via Pietro Gobetti 93/3, Bologna, Italy; OATs, INAF Via Tiepolo 11, Trieste, Italy; OACN, INAF Via Moiariello 16, Napoli, Italy; OAR, INAF Via Frascati 33, Monteporzio Catone, Italy; OAR, INAF Via Frascati 33, Monteporzio Catone, Italy; IRA, INAF Via Pietro Gobetti 101, Bologna, Italy","2025 33rd Euromicro International Conference on Parallel, Distributed, and Network-Based Processing (PDP)","29 Apr 2025","2025","","","372","380","This study evaluates the use of Quantum Convolutional Neural Networks (QCNNs) for identifying signals resembling Gamma-Ray Bursts (GRBs) within simulated astrophysical datasets in the form of light curves. The task addressed here focuses on distinguishing GRB-like signals from background noise in simulated Cherenkov Telescope Array Observatory (CTAO) data, the next-generation astrophysical observatory for very high-energy gamma-ray science. QCNNs, a quantum counterpart of classical Convolutional Neural Networks (CNNs), leverage quantum principles to process and analyze high-dimensional data efficiently. We implemented a hybrid quantum-classical machine learning technique using the Qiskit framework, with the QCNNs trained on a quantum simulator. Several QCNN architectures were tested, employing different encoding methods such as Data Reuploading and Amplitude encoding. Key findings include that QCNNs achieved accuracy comparable to classical CNNs, often surpassing 90%, while using fewer parameters, potentially leading to more efficient models in terms of computational resources. A benchmark study further examined how hyperparameters like the number of qubits and encoding methods affected performance, with more qubits and advanced encoding methods generally enhancing accuracy but increasing complexity. QCNNs showed robust performance on time-series datasets, successfully detecting GRB signals with high precision. The research is a pioneering effort in applying QCNNs to astrophysics, offering insights into their potential and limitations. This work sets the stage for future investigations to fully realize the advantages of QCNNs in astrophysical data analysis.","2377-5750","979-8-3315-2493-7","10.1109/PDP66500.2025.00059","","https://ieeexplore.ieee.org/stamp/stamp.jsp?arnumber=10974789","Quantum Machine Learning;Quantum advantage;signal detection;Gamma-Ray Bursts","Observatories;Accuracy;Quantum advantage;Gamma-ray bursts;Qubit;Benchmark testing;Telescopes;Encoding;Convolutional neural networks;Signal detection","","1","","37","IEEE","29 Apr 2025","12-14 March 2025","12-14 March 2025","IEEE","IEEE Conferences"
"SALG-QCNN-SER: A Noise-Robust Quantum Convolutional Neural Network with Enhanced Cross-Domain Generalization for Speech Emotion Recognition","M. R. Hossen; M. S. Hosain; A. Mahdi; T. Debnath; M. N. Hossain","Dept. of Information and Communication Engineering, Pabna University of Science and Technology, Pabna, Bangladesh; Dept. of Information and Communication Engineering, Pabna University of Science and Technology, Pabna, Bangladesh; Dept. of Information and Communication Engineering, Pabna University of Science and Technology, Pabna, Bangladesh; Dept. of Information and Communication Engineering, Pabna University of Science and Technology, Pabna, Bangladesh; Dept. of Electrical, Electronic and Communication Engineering, Pabna University of Science and Technology, Pabna, Bangladesh",2025 28th International Conference on Computer and Information Technology (ICCIT),"6 May 2026","2025","","","2431","2436","Emotion recognition in speech is essential for human-computer interaction. This study introduces a refined hybrid Quantum Convolutional Neural Network (QCNN) framework designed to substantially enhance Speech Emotion Recognition (SER). It addresses major challenges such as speaker variability, noise robustness, and cross-domain applicability that often limit classical deep learning models. By Utilizing quantum principles like superposition and entanglement within a 6-qubit, 8-layer parameterized circuit, the model derives highdimensional, noise-resistant features from speech signals. The method includes sophisticated preprocessing steps, such as bandpass filtering and energy-based Voice Activity Detection (VAD), followed by Mel-Frequency Cepstral Coefficients (MFCC) extraction. Evaluated on a diverse dataset of 4,515 samples across eight emotions (Angry, Calm, Disgust, Fear, Happy, Neutral, Sad, Surprised), the QCNN achieved an accuracy of 86 %, setting a new benchmark. It surpasses classical approaches such as a CNN with attention $(77 \%)$, a traditional QCNN $(77.87 \%)$, and a hybrid quantum-classical network $(76 \%)$. The model demonstrated balanced performance, with precision scores ranging from 0.79 to 1.0 (including a perfect 1.0 for Fear) and recall scores from 0.82 to 0.94. These results underscore the promise of quantum-enhanced neural networks in capturing complex, nonlinear speech emotion patterns and establishing a new standard for robust, generalizable SER systems.","2474-9656","979-8-3315-7867-1","10.1109/ICCIT68739.2025.11491179","","https://ieeexplore.ieee.org/stamp/stamp.jsp?arnumber=11491179","QCNNs;SER;Quantum Machine Learning;MFCC;Deep Learning;Affective Computing","Circuits;Filtering;Quantum circuit;Band-pass filters;Filters;Circuits and systems;Nonlinear circuits;Active filters;Filter banks;Quantum circuit","","","","10","IEEE","6 May 2026","19-21 Dec. 2025","19-21 Dec. 2025","IEEE","IEEE Conferences"
"A QCNN Algorithm Deployed on A Quantum Computer","X. Chen; B. Jiang; Y. Wu; Y. Ye","The 32nd Research Institute of China Electronics Technology Corporation, Shanghai, China; The 32nd Research Institute of China Electronics Technology Corporation, Shanghai, China; The 32nd Research Institute of China Electronics Technology Corporation, Shanghai, China; The 32nd Research Institute of China Electronics Technology Corporation, Shanghai, China","2022 International Conference on Computing, Communication, Perception and Quantum Technology (CCPQT)","14 Nov 2022","2022","","","390","395","CNN (Convolutional neural network) is an excellent machine learning model, especially in image recognition, where they have excellent results. However, it is difficult to learn effectively if the given dimensionality of the data or model is too large. QCNN QCNN (Quantum Convolutional Neural Network) offer new solutions to the problems faced by CNN using a quantum computing environment and provide directions for improving the performance of existing learning models. However, most of the current QCNN models are only simulation programs running on a classical computer and cannot actually run on a quantum computer. In this paper, we propose a QCNN model with a quantum encoding circuit that can encode classical data into quantum data, allowing the QCNN to run on quantum computers. Firstly, we introduce the method of quantum state amplitude encoding to represent the high-dimensional classical data into the form of quantum states, constructing a bridge between traditional data and quantum state transformation, while significantly reducing the dimensionality of the processed data. Secondly, we construct the QCNN model and analyze how to implement the image recognition function by QCNN network and the optimization method of the model. Finally, we validate the learning effect of the model using MNIST handwritten digits and compare and discuss the learning effect of QCNN with classical models.","","978-1-6654-7020-9","10.1109/CCPQT56151.2022.00074","","https://ieeexplore.ieee.org/stamp/stamp.jsp?arnumber=9939255","Quantum Computing;Quantum Convolutional Neural Network;Image Recognition;Machine Learning","Analytical models;Quantum computing;Image recognition;Computational modeling;Optimization methods;Quantum state;Data models","","4","","22","IEEE","14 Nov 2022","5-7 Aug. 2022","5-7 Aug. 2022","IEEE","IEEE Conferences"
"Real-Time Collaborative Route Planning in Autonomous Vehicles by Leveraging Optimized Quantum Neural Networks","M. Seyfipoor; M. J. S. Zafarqandi; S. Mohammadi","School of Electrical and Computer Engineering, University of Tehran, Tehran, Iran; Computer Engineering, University of Tehran, Tehran, Iran; Electrical and Computer Engineering, University of Tehran, Tehran, Iran","2025 29th International Computer Conference, Computer Society of Iran (CSICC)","24 Apr 2025","2025","","","1","7","In this paper, we present an approach to enhance the intelligence of autonomous vehicles by focusing on real-time collaborative route planning. This aspect is critical not only for individual vehicles but also for ensuring effective interaction among multiple autonomous systems. The challenge is to optimize route planning algorithms for real-time operation without compromising accuracy. To address this, we leverage quantum computing techniques, integrating them with CNN architectures to develop Quantum Convolutional Neural Networks (QCNNs) and the Optimized QCNN. Neural networks play a key role in tasks such as predicting paths, estimating traffic flow, and selecting optimal routes, ensuring efficient and adaptive planning. The integration of quantum computing with neural networks significantly enhances real-time performance and the Optimized QCNN, developed using the Circuit Depth Reduction strategy, further improves accuracy and convergence rate. Our evaluation, conducted on the Cityscapes Dataset, demonstrates that QCNNs comparing with traditional CNNs achieve faster convergence rate and lower loss value. Furthermore, Optimized QCNNs surpass standard QCNNs in both convergence rate and loss, while also achieving higher accuracy even than traditional CNNs, making them a powerful model for real-time collaborative route planning in autonomous vehicles.","","979-8-3315-2311-4","10.1109/CSICC65765.2025.10967421","","https://ieeexplore.ieee.org/stamp/stamp.jsp?arnumber=10967421","QCNN;Optimization;Autonomous Vehicle;Route Planning;Real-Time","Accuracy;Quantum computing;Computational modeling;Neural networks;Collaboration;Real-time systems;Planning;Autonomous vehicles;Optimization;Convergence","","","","23","IEEE","24 Apr 2025","5-6 Feb. 2025","5-6 Feb. 2025","IEEE","IEEE Conferences"
"Hybrid Quantum-Classical Neural Network (HQCNN) for Crypto Price Forecasting","M. S. Shak; N. Rahman; F. Mahmud; A. C. Das; A. A. Eva; A. Sayeema","University of the Potomac, VA, United States; Trine University, Detroit, Michigan, USA; Gannon University, Erie, PA, USA; University of the Potomac, VA, United States; American International University-Bangladesh, Dhaka, Bangladesh; Bangladesh University of Professionals (BUP), Dhaka, Bangladesh","2025 3rd International Conference on Artificial Intelligence, Blockchain, and Internet of Things (AIBThings)","19 Dec 2025","2025","","","1","5","Cryptocurrency price prediction remains a challenging problem due to the highly volatile nature of digital asset markets. This study introduces a Hybrid Quantum-Classical Neural Network (HQCNN) for cryptocurrency price forecasting, leveraging quantum feature encoding and extraction with deep learning architectures. The proposed model utilizes Quantum Convolutional Neural Networks (QCNN) to enhance feature representations, which are then processed by classical deep learning models such as Long Short-Term Memory (LSTM) and Transformer networks. Experimental results on historical cryptocurrency data demonstrate that HQCNN outperforms state-of-the-art models. The proposed model achieves a mean absolute error (MAE) of 0.023 and a root mean squared error (RMSE) of 0.036, surpassing traditional deep learning methods such as LSTM (MAE: 0.040, RMSE: 0.056) and Transformerbased models (MAE: 0.035, RMSE: 0.050). Ablation studies confirm the importance of quantum feature encoding, as removing it degrades performance by up to $\mathbf{3 8. 2 \%}$. Additionally, HQCNN reduces inference time to 7 milliseconds, making it suitable for real-time trading applications. Despite its advantages, HQCNN faces challenges related to quantum hardware constraints, training overhead, and interpretability in financial decision-making. Future work will focus on deploying the model on real quantum processors, integrating reinforcement learning for market adaptability, and enhancing interpretability with quantum explainability techniques.","","979-8-3315-8856-4","10.1109/AIBThings66987.2025.11296267","","https://ieeexplore.ieee.org/stamp/stamp.jsp?arnumber=11296267","Quantum Machine Learning;Cryptocurrency Price Prediction;Hybrid Quantum-Classical Neural Network;Quantum Convolutional Neural Network;Time-Series Forecasting","Adaptation models;Neural networks;Predictive models;Feature extraction;Transformers;Hardware;Encoding;Cryptocurrency;Forecasting;Long short term memory","","","","17","IEEE","19 Dec 2025","6-7 Sept. 2025","6-7 Sept. 2025","IEEE","IEEE Conferences"
"Data Augmentation Effectiveness Analysis on Improving QCNN Algorithm Performance","S. I. Izhari; I. Syafalni; N. U. Maulidevi; R. Mulyawan","School of Electrical Engineering and Informatics, Bandung Institute of Technology, Indonesia; School of Electrical Engineering and Informatics, Bandung Institute of Technology, Indonesia; School of Electrical Engineering and Informatics, Bandung Institute of Technology, Indonesia; School of Electrical Engineering and Informatics, Bandung Institute of Technology, Indonesia",2025 International Symposium on Intelligent Signal Processing and Communication Systems (ISPACS),"19 Feb 2026","2025","","","1","6","Quantum Convolutional Neural Networks (QCNNs) represent an emerging paradigm that combines quantum computing principles with convolutional neural network concepts. However, limitations in dataset size and quantum processing complexity often hinder optimal performance. This research analyzes the effectiveness of various data augmentation techniques in improving QCNN algorithm performance, examining both pure quantum models and hybrid approaches with classical-to-quantum transfer learning. Data augmentation techniques are categorized into geometric transformations, photometric transformations, and their combinations. Experimental results demonstrate that augmentation significantly impacts full QCNN models, particularly when combined with angle encoding, achieving accuracy improvements up to 87.00 % with an average enhancement of 27.27 % compared to baseline without augmentation. For hybrid QCNN models, photometric transformations (P3) with saturation and hue adjustments achieved maximum accuracy of 73.00 % and average improvement of 12.93 % using ResNet18 architecture. These findings reinforce the potential of data augmentation as an important strategy in developing more accurate QCNN models.","2474-9745","979-8-3315-8066-7","10.1109/ISPACS68724.2025.11383288","","https://ieeexplore.ieee.org/stamp/stamp.jsp?arnumber=11383288","QCNN;Data Augmentation;Geometric Transform;Photometric Transform;Transfer Learning;Hybrid QCNN;Quantum Encoding","Analytical models;Accuracy;Quantum computing;Transfer learning;Signal processing algorithms;Transforms;Data augmentation;Data models;Encoding;Convolutional neural networks","","","","10","IEEE","19 Feb 2026","4-7 Nov. 2025","4-7 Nov. 2025","IEEE","IEEE Conferences"
"Image Classification using Quantum Convolutional Neural Network (QCNN)","R. Sivaranjani; B. S. Priya; O. Gurrapu; P. Kadiri; N. S. Chandana; J. V. Suman","Department of CSE, Raghu Engineering College, Visakhapatnam, India; Department of CSE (AIML), BVRIT Hyderabad College of Engineering for Women, Hyderabad, Telangana, India; Volvo Trucks North America Greensboro, North Carolina; Department of CSE (AIML), School of Computing, Mohan Babu University, Tirupati, Andhra Pradesh, India; Department of ECE, GMR Institute of Technology, Andhra Pradesh, India; Department of ECE, GMR Institute of Technology, Andhra Pradesh, India",2025 International Conference on Metaverse and Current Trends in Computing (ICMCTC),"17 Oct 2025","2025","","","1","6","Convolutional Neural Networks (CNNs) are extensively utilized for image classification due to their ability to exploit data correlations effectively. However, traditional CNNs encounter several challenges, including limitations in accuracy improvement, computational efficiency, explain ability, and generalization. As data dimensionality or model complexity increases, CNNs often become more difficult to train efficiently, leading to slower processing times. To overcome these challenges, Quantum Convolutional Neural Networks (QCNNs) offer a promising quantum-based approach to enhance existing models, particularly by improving training efficiency and reducing processing times. This paper provides a comparative analysis of classical CNNs and a novel quantum circuit architecture tailored for image-based tasks. The analysis emphasizes the adaptability and potential of quantum circuits to enhance feature extraction, recognition accuracy, and processing efficiency.We applied various QCNN architectures to the Chinese-MNIST dataset and compared their performance with traditional CNN models. Although QCNNs achieved slightly lower accuracy, they demonstrated significantly greater stability. These findings high- light QCNNs’ potential to overcome the computational limitations of conventional deep learning, offering a promising pathway for quantum-enhanced solutions in computer vision. Future work will focus on refining quantum circuit designs, developing hybrid quantum-classical models, and extending QCNN applications to larger and more diverse datasets.","","979-8-3315-3821-7","10.1109/ICMCTC62214.2025.11196520","","https://ieeexplore.ieee.org/stamp/stamp.jsp?arnumber=11196520","Quantum Convolutional Neural Network;Classification;Quantum Machine Learning component;formatting;style;styling;insert (key words)","Analytical models;Quantum computing;Accuracy;Computational modeling;Computer architecture;Feature extraction;Convolutional neural networks;Integrated circuit modeling;Quantum circuit;Image classification","","2","","15","IEEE","17 Oct 2025","10-11 April 2025","10-11 April 2025","IEEE","IEEE Conferences"
"Osteoarthritis Classification Using Hybrid Quantum Convolutional Neural Network","D. Tikariha; A. Moomin; D. Jeyamani; P. Rukmani","School of Computer Science and Engineering, Vellore Institute of Technology, Chennai Campus, Chennai, India; School of Computer Science and Engineering, Vellore Institute of Technology, Chennai Campus, Chennai, India; School of Computer Science and Engineering, Vellore Institute of Technology, Chennai Campus, Chennai, India; School of Computer Science and Engineering, Vellore Institute of Technology, Chennai Campus, Chennai, India",IEEE Access,"22 Aug 2025","2025","13","","145060","145070","This work explores the integration of quantum computing within a classical Convolutional Neural Network (CNN) framework, leveraging a VGG16 model enhanced with a quantum Convolutional Neural Network (QCNN) for the classification of knee osteoarthritis (OA) severity. A custom quantum layer was incorporated to boost the model’s feature extraction capabilities, enabling effective differentiation between healthy and OA-affected knees in medical imaging data. The model utilises the Swish activation function, which combines smoothness and nonlinearity to enhance learning efficiency and gradient flow, which are critical in complex diagnostic tasks. Using a QCNN, this model harnesses the ability of quantum computing to represent high-dimensional data transformations, a novel approach that complements classical CNN layers by exploring patterns that are not captured in traditional networks. The initial results showed a high classification accuracy of 97.26%, suggesting that quantum-enhanced layers can significantly bolster feature extraction and classification in medical diagnostics. Furthermore, multiple variations of pre-trained models with Quantum Convolutional Layers, such as XceptionNet, ResNet, and InceptionNet, were developed and compared in terms of the evaluation metrics that achieved 87.84,89.70, and 86.64, respectively. This hybrid VGG16-QCNN model showed the highest accuracy, demonstrating the potential of QCNNs in advancing the precision and scalability of AI-driven healthcare solutions.","2169-3536","","10.1109/ACCESS.2025.3599679","","https://ieeexplore.ieee.org/stamp/stamp.jsp?arnumber=11127090","Quantum convolutional neural network;VGG16;swish activation function;knee osteoarthritis classification;medical imaging;feature extraction;quantum layer;image preprocessing;convolutional neural networks;medical diagnostics;quantum computing;hyperparameter tuning","Convolutional neural networks;Accuracy;Feature extraction;Computational modeling;Osteoarthritis;Deep learning;X-rays;Medical diagnostic imaging;Quantum circuit;Integrated circuit modeling","","","","30","CCBYNCND","18 Aug 2025","2025","","IEEE","IEEE Journals"
"Poster: Scalable Quantum Convolutional Neural Networks for Edge Computing","J. Wu; Q. Li","Department of Computer Science, William & Mary, Williamsburg, VA, USA; Department of Computer Science, William & Mary, Williamsburg, VA, USA",2022 IEEE/ACM 7th Symposium on Edge Computing (SEC),"2 Jan 2023","2022","","","307","309","The convolutional neural network (CNN) has become a general approach for image processing in machine learning tasks. Quantum CNN (QCNN) is an emerging method to implement CNN using quantum computing. Quantum computing utilizes the properties of quantum mechanics to perform efficient computing. However, current quantum machines do not support large-scale QCNNs due to a lack of qubits. As a consequence, QCNNs are limited in scale and cannot directly process high-dimensional images. These shortcomings result in suboptimal QCNN performance. Meanwhile, building quantum machines with enough qubits is technically difficult and costly. These obstacles motivate us to design a quantum edge computing (QEC) system capable of achieving the scalability of QCNNs. Quantum machines are organized hierarchically in the QEC system. The quantum machines closer to the users collaboratively load and extract quantum features from the high-dimensional input data. Subsequently, the quantum machine in the next layer collects the extracted features and performs further operations to produce the final results. Each quantum machine in the QEC system is equipped with a local small-scale QCNN to capture the data pattern of its input. The local QCNNs could be combined to form a large-scale QCNN capable of learning and processing high-dimensional data, overcoming hardware limitations and improving performance.","","978-1-6654-8611-8","10.1109/SEC54971.2022.00041","","https://ieeexplore.ieee.org/stamp/stamp.jsp?arnumber=9996801","Distributed Quantum Computing;Quantum Machine Learning;Quantum Neural Networks;Quantum Convolutional Neural Networks","Scalability;Computational modeling;Qubit;Quantum mechanics;Machine learning;Feature extraction;Hardware","","8","","2","IEEE","2 Jan 2023","5-8 Dec. 2022","5-8 Dec. 2022","IEEE","IEEE Conferences"
"Quantum Convolutional Neural Networks: A Survey on Architectures, Applications, and Future Directions","R. Rahman; D. C. Nguyen","Department of Electrical and Computer Engineering, The University of Alabama in Huntsville, Huntsville, AL, USA; Department of Electrical and Computer Engineering, The University of Alabama in Huntsville, Huntsville, AL, USA",IEEE Transactions on Neural Networks and Learning Systems,"","2026","PP","99","1","20","Quantum convolutional neural networks (QCNNs) are a highly appealing architecture that combines quantum computing and deep learning. Inspired by classical convolutional neural network (CNN) hierarchical feature extraction, QCNNs use quantum operations such as entanglement, superposition, and measurement to capture complex correlations in high-dimensional datasets. Since their introduction, QCNNs have evolved into several architectural variants, including fully quantum, variational, hybrid, and graph-based models, and have been investigated in applications ranging from quantum many-body physics to classical machine learning tasks such as image classification, speech recognition, and time-series forecasting. The development of software ecosystems such as Qiskit Machine Learning, Pennylane, and TensorFlow Quantum (TFQ) has facilitated rapid development and experimentation, speeding up research. Despite these developments, existing research remains divided, with many focused on individual implementations and lacking a unifying taxonomy or full review. This article addresses that gap by providing a systematic and holistic survey on QCNN, offering comparative insights across key architectures, applications, and toolboxes, and outlining open challenges. We also identify potential study areas, such as scalable architectures, domain-knowledge integration, fault tolerance, and security. This survey seeks to serve as a basic reference for furthering QCNN research in the current near-term quantum era and beyond, providing both architectural insights and application-driven viewpoints.","2162-2388","","10.1109/TNNLS.2026.3677762","","https://ieeexplore.ieee.org/stamp/stamp.jsp?arnumber=11471278","Quantum convolutional neural networks;quantum machine learning (QML)","Satellite images;Earth Observing System;Radio broadcasting;Frequency modulation;Circuits;Quantum circuit;Filtering;Filters;Circuits and systems;Counting circuits","","","","","IEEE","2 Apr 2026","","","IEEE","IEEE Early Access Articles"
"Comparison of CNN and QCNN Performance in Binary Classification of Breast Cancer Histopathological Images","T. Tasnim; M. Rahman; F. Wu","Computer Science, Tuskegee University, Tuskegee, USA; Computer Science, Tuskegee University, Tuskegee, USA; Computer Science, Tuskegee University, Tuskegee, USA",2024 IEEE International Conference on Big Data (BigData),"16 Jan 2025","2024","","","3780","3787","Breast cancer is a leading cause of mortality among women, with early detection being crucial for improving outcomes. This study explores the use of Quantum Convolutional Neural Network (QCNN) for automating breast cancer detection through histopathological images. We compare QCNNs with classical Convolutional Neural Network (CNN) for binary classification of benign and malignant tumors using the BreakHis dataset. Our results demonstrate that QCNN outperform CNN in accuracy, especially in smaller batch sizes, and offer faster convergence with improved computational efficiency. This highlights QCNNs’ potential in enhancing diagnostic precision and efficiency in medical imaging.","2573-2978","979-8-3503-6248-0","10.1109/BigData62323.2024.10825102","National Science Foundation; ","https://ieeexplore.ieee.org/stamp/stamp.jsp?arnumber=10825102","Breast cancer;QCNN;CNN;histopathological images;quantum computing","Accuracy;Scalability;Malignant tumors;Mortality;Breast cancer;Natural language processing;Planning;Convolutional neural networks;Quantum circuit;Medical diagnostic imaging","","6","","16","IEEE","16 Jan 2025","15-18 Dec. 2024","15-18 Dec. 2024","IEEE","IEEE Conferences"
"Performance Evaluation of Quantum Encoding Techniques in QCNN for Bone Marrow Cell Classification","H. P. Kanna; P. Goriparthi; K. S. Rajasekhar; A. Kolusu","Department of ECE, Acharya Nagarjuna University, Guntur, India; Department of ECE, Acharya Nagarjuna University, Guntur, India; Department of ECE, Acharya Nagarjuna University, Guntur, India; Department of CSE, NIT, Puducherry, India","2026 International Conference on Computing, Communication, Control and Cyber-Physical Systems (I5CPS)","30 Mar 2026","2026","","","1","6","This paper investigates the effectiveness of classical and quantum-enhanced deep learning models for bone marrow cell classification, with particular emphasis on the role of quantum data encoding strategies. A classical EfficientNet combined with a convolutional neural network (CNN) is evaluated alongside multiple Quantum Convolutional Neural Network (QCNN) architectures employing single, dual, and multi-encoding schemes, including angle, basis, and amplitude encoding. The experimental results indicate that single encoding QCNN models achieve performance comparable to the classical baseline, with amplitude encoding yielding improved validation accuracy. Dual-encoding approaches demonstrate improved generalization, with the angle-amplitude encoding QCNN achieving the highest macro F1-score of 0.895 and a test accuracy of 89.25%. The multi-encoding hybrid QCNN further improves overall accuracy, attaining the highest training accuracy of 95.90% and test accuracy of 89.40%, though at the cost of increased model complexity. These findings highlight that carefully designed hybrid quantum encoding strategies can effectively balance representation capacity and generalization, offering competitive performance over classical models and underscoring the potential of QCNNs in Bone marrow cell classification.","","979-8-3315-6154-3","10.1109/I5CPS67958.2026.11452422","","https://ieeexplore.ieee.org/stamp/stamp.jsp?arnumber=11452422","Quantum Convolutional Neural Network (QCNN);Quantum Encoding;Hematopathology;Medical Image Classification","Training;Performance evaluation;Accuracy;Quantum computing;Image coding;Microprocessors;Computer architecture;Bones;Encoding;Convolutional neural networks","","","","18","IEEE","30 Mar 2026","26-27 Feb. 2026","26-27 Feb. 2026","IEEE","IEEE Conferences"
"Breast Cancer Severity Classification; Mesh Denoising Graph Triple Attention with Stereoscopic Scalable Quantum Convolutional Neural Networks","I. C; S. R. Devi; M. Asma; C. Kalpana; R. Sandhiya; D. R","Department of Computer Science and Business System, Sri Sairam Engineering College, Chennai, Tamil Nadu, India; Department of Computer Science, Saveetha College of Liberal Arts and Sciences, SIMATS Deemed to be University, Thandalam, Chennai, Tamil Nadu, India; Department of Computer Science and Engineering, CMR Technical Campus, Hyderabad, Telangana, India; Department of Information Technology, NPR College of Engineering & Technology, Dindigul, Tamil Nadu, India; Department of Computer Science and Engineering, R M K College of Engineering and Technology, Puduvoyal, Chennai, Tamil Nadu, India; Department of Computer Science, Mount Carmel College Autonomous, Bengaluru, Karnataka, India",2025 6th International Conference on Data Intelligence and Cognitive Informatics (ICDICI),"2 Sep 2025","2025","","","1117","1123","Breast cancer diagnosis and classification are often hindered by challenges such as low image quality, overlapping tissue features, and the lack of distinct tumor boundaries. These limitations contribute to high false-negative and false-positive rates, reducing diagnostic accuracy. Additionally, the scarcity of annotated data and the computational complexity of existing models further impact their performance. To address these issues, advanced imaging techniques, improved feature extraction, and robust classification strategies are essential. This study presents and validates the Mesh Denoising Graph Triple Attention with Stereoscopic Scalable Quantum Convolutional Neural Networks (MD-GTA-SSQCNNet) for breast cancer severity classification using the MIAS (Mammographic Image Analysis Society) dataset. The process begins with Adaptive Mesh Denoising Guided Normal Filtering (AMDGNF), which enhances image quality. This is followed by segmentation of tumor-affected regions using the Geometric Algebra Transformer (GAT). Feature extraction and classification are carried out using the Graph Triple Attention with Stereoscopic Scalable Quantum Convolutional Neural Network (GTASSQCNNet). To further improve classification accuracy across multiple breast cancer classes, the Osprey Optimization Algorithm (OsOA) is employed; optimizing the model based on tumor class distribution and affected regions. The Pythonbased implementation using the MIAS dataset demonstrates that MD-GTA-SSQCNNet significantly outperforms conventional approaches, achieving 99.9% classification efficiency and 99.8 % sensitivity. These results highlight the potential for highly accurate automated systems to assist or even replace manual diagnosis in breast cancer detection.","","979-8-3315-0313-0","10.1109/ICDICI66477.2025.11135114","","https://ieeexplore.ieee.org/stamp/stamp.jsp?arnumber=11135114","Breast cancer;Denoising Graph Triple Attention;Geometric Algebra Transformer;MIAS;Osprey Optimization Algorithm","Image quality;Accuracy;Stereo image processing;Noise reduction;Feature extraction;Transformers;Breast cancer;Convolutional neural networks;Optimization;Tumors","","","","18","IEEE","2 Sep 2025","9-11 July 2025","9-11 July 2025","IEEE","IEEE Conferences"
"MNIST Fashion Classification Using Quantum Convolutional Neural Networks","N. Ali; A. Tiwari; R. K. Neiwal","Embedded Systems Division, Centre for Development of Advanced Computing, Noida, India; Embedded Systems Division, Centre for Development of Advanced Computing, Noida, India; Electronics Division, Ministry of Electronics and Information Technology, New Delhi, India",2024 IEEE International Conference on Computer Vision and Machine Intelligence (CVMI),"11 Dec 2024","2024","","","1","6","This paper explores the innovative application of Quantum Convolutional Neural Networks (QCNN) in the classification of the MNIST fashion dataset. Quantum computing presents novel opportunities for enhancing machine learning algorithms, particularly in handling complex datasets. The MNIST fashion dataset is a large collection of Zalando’s article images, serves as an ideal candidate for demonstrating the efficacy of QCNN. This paper dives into the implementation of QCNN, compares QCNN’s performance with traditional neural networks, and further evaluates QCNN’s potential in revolutionizing image classification tasks in the realm of Quantum Machine Learning.","","979-8-3503-7687-6","10.1109/CVMI61877.2024.10782725","","https://ieeexplore.ieee.org/stamp/stamp.jsp?arnumber=10782725","Quantum Convolutional Neural Networks;MNIST Fashion Dataset;Quantum Machine Learning","Computers;Quantum computing;Machine learning algorithms;Computational modeling;Scalability;Neural networks;Quantum mechanics;Machine learning;Convolutional neural networks;Image classification","","2","","25","IEEE","11 Dec 2024","19-20 Oct. 2024","19-20 Oct. 2024","IEEE","IEEE Conferences"
"Quantum Convolutional Neural Network for Medical Image Classification: A Hybrid Model","R. Khatoniar; V. Vyas; V. Acharya; A. Saxena; A. Saxena; R. Neiwal; K. Korgaonkar","CSIS Department, K K Birla Goa Campus, BITS Pilani, Goa, India; C-DAC Pune, Pune, India; CSIS Department, K K Birla Goa Campus, BITS Pilani, Goa, India; Christ University (Bengaluru), India; C-DAC Pune, Pune, India; MeitY (Delhi), Delhi, India; CSIS Department, K K Birla Goa Campus, BITS Pilani, Goa, India",2024 International Conference on Trends in Quantum Computing and Emerging Business Technologies,"5 Sep 2024","2024","","","1","5","This study explores the application of Quantum Convolutional Neural Networks (QCNNs) in the realm of image classification, particularly focusing on datasets with a highly reduced number of features. We investigate the potential quantum computing holds in processing and classifying image data efficiently, even with limited feature availability. This research investigates QCNNs’ application within a highly constrained feature environment, using chest X-ray images to distinguish between normal and pneumonia cases. Our findings demonstrate QCNNs’ utility in classifying images from the dataset with drastically reduced feature dimensions, highlighting QCNNs’ robustness and their promising future in machine learning and computer vision. Additionally, this study sheds light on the scalability of QCNNs and their adaptability across various training-test splits, emphasizing their potential to enhance computational efficiency in machine learning tasks. This suggests a possibility of paradigm shift in how we approach data-intensive challenges in the era of quantum computing. We are looking into quantum paradigms like Quantum Support Vector Machine (QSVM) going forward so that we can explore trade offs effectiveness of different classical and quantum computing techniques.","","979-8-3503-8427-7","10.1109/TQCEBT59414.2024.10545121","","https://ieeexplore.ieee.org/stamp/stamp.jsp?arnumber=10545121","Quantum computing;quantum neural networks;quantum machine learning;quantum computer architecture","Quantum computing;Quantum entanglement;Computational modeling;Machine learning;Robustness;Computational efficiency;Convolutional neural networks","","3","","12","IEEE","5 Sep 2024","22-23 March 2024","22-23 March 2024","IEEE","IEEE Conferences"
"Analysis of Influencing Factors in Digital Image Recognition Based on Quantum Convolutional Neural Networks","J. Wang; M. Zhang; J. -S. Lai; F. Li","China Academy of Information and Communication Technology (CAICT), Beijing, China; China Academy of Information and Communication Technology (CAICT), Beijing, China; China Academy of Information and Communication Technology (CAICT), Beijing, China; China Academy of Information and Communication Technology (CAICT), Beijing, China",2025 23rd International Conference on Optical Communications and Networks (ICOCN),"5 Sep 2025","2025","","","1","3","Quantum Convolutional Neural Network (QCNN) is an integration of classical convolutional neural networks and quantum computing, designed to leverage the unique advantages of quantum computing to enhance machine learning models. It holds promise for providing novel perspectives in solving complex pattern recognition tasks. In the process of image recognition, factors such as the type of convolutional layers, pooling layers, and sample sets significantly influence the recognition results. This study conducts experimental validation on QCNN-based image recognition, investigating the impact of different convolutional layer types, pooling layer types, and image sample datasets on the accuracy of QCNN recognition. Additionally, future development trends of QCNN are discussed.","2771-3059","979-8-3315-4875-9","10.1109/ICOCN67308.2025.11145523","National Science Foundation; ","https://ieeexplore.ieee.org/stamp/stamp.jsp?arnumber=11145523","quantum computing;quantum neural networks;quantum convolutional neural networks;image recognition","Quantum computing;Image recognition;Digital images;Computational modeling;Neural networks;Machine learning;Market research;Optical fiber communication;Pattern recognition;Convolutional neural networks","","1","","9","IEEE","5 Sep 2025","28-31 July 2025","28-31 July 2025","IEEE","IEEE Conferences"
"Quantum Convolutional Neural Networks based Human Activity Recognition using CSI","S. M. Danish; S. Kumar","Department of Electrical Engineering, Indian Institute of Technology, Patna, India; Department of Electrical Engineering, Indian Institute of Technology, Patna, India",2025 17th International Conference on COMmunication Systems and NETworks (COMSNETS),"20 Feb 2025","2025","","","945","949","Human Activity Recognition (HAR) plays an important role in smart environments and Internet of Things (IoT) applications, where accurate real-time monitoring can enhance automation and interaction. While Classical Convolutional Neural Networks (CNNs) have been widely used for such tasks, they face limitations in scalability and feature extraction, especially when dealing with large datasets. To address these challenges, we propose a novel application of Quantum Convolutional Neural Networks (QCNNs) specifically tailored for processing CSI data in HAR. Our method aims to combine the power of quantum computing with classical convolutional methods to extract complex patterns from CSI signals, thereby improving accuracy and maintaining computational efficiency. The challenge of high-dimensional CSI data is addressed by hybridizing classical and quantum layers in the architecture, which enables better feature extraction and learning capabilities. Results show that our QCNN achieves superior performance in comparison to traditional CNNs.","2155-2509","979-8-3315-3119-5","10.1109/COMSNETS63942.2025.10885693","Science and Engineering Research Board; ","https://ieeexplore.ieee.org/stamp/stamp.jsp?arnumber=10885693","Activity Recognition;Channel State Information;Quantum Computing;Deep Neural Networks;IoT","Quantum computing;Accuracy;Convolution;Scalability;Face recognition;Feature extraction;Real-time systems;Human activity recognition;Convolutional neural networks;Internet of Things","","2","","11","IEEE","20 Feb 2025","6-10 Jan. 2025","6-10 Jan. 2025","IEEE","IEEE Conferences"
"Quantum Convolutional Neural Network on Protein Distance Prediction","Z. Hong; J. Wang; X. Qu; X. Zhu; J. Liu; J. Xiao","Ping An Technology (Shenzhen) Co., Ltd., Shenzhen, China; Ping An Technology (Shenzhen) Co., Ltd., Shenzhen, China; Ping An Technology (Shenzhen) Co., Ltd., Shenzhen, China; Ping An Technology (Shenzhen) Co., Ltd., Shenzhen, China; Ping An Technology (Shenzhen) Co., Ltd., Shenzhen, China; Ping An Technology (Shenzhen) Co., Ltd., Shenzhen, China",2021 International Joint Conference on Neural Networks (IJCNN),"20 Sep 2021","2021","","","1","8","Proteins are linear polymers that fold into an incredible variety of three-dimensional structures that enable sophisticated functionality for biology. Predicting protein distance with high precision remains challenging, particularly for small protein families. As deep learning achieves remarkable success in many areas, deep learning also allows scientists to predict proteins' three-dimensional structure. As convolutional neural networks have a powerful ability to learn data features at multiple levels of abstraction, we deploy CNN to predict protein distance. To accelerate the training process, we apply a quantum convolutional neural network(QCNN) to improve the protein structure prediction efficiently. For QCNN, the conventional convolutional layer is transformed to a quantum convolution or quanvolutional layer. Since the protein data has large input, we explore the large dimension of these quantum transformations. And in experiments, we compare the different number of layers in QCNN during the training phase. We found the QCNN is similar to CNN that is the deeper layer can get better performance. The simulations show the proposed method can accelerate the convergence while maintaining the performance.","2161-4407","978-1-6654-3900-8","10.1109/IJCNN52387.2021.9533405","","https://ieeexplore.ieee.org/stamp/stamp.jsp?arnumber=9533405","quantum;quantum deep learning;neural network;quantum convolutional neural network;protein distance prediction","Proteins;Training;Deep learning;Neural networks;Predictive models;Feature extraction;Data models","","13","","43","IEEE","20 Sep 2021","18-22 July 2021","18-22 July 2021","IEEE","IEEE Conferences"
"Dynamic Multi-Pqc Quantum Convolutional Neural Network for Real-Time Pothole Detection: Invited Paper","M. Kim; J. Heo; E. J. Roh; S. Park","Division of Computer Science, Sookmyung Women's University, Seoul, Republic of Korea; Division of Computer Science, Sookmyung Women's University, Seoul, Republic of Korea; Department of Electrical and Computer Engineering, Korea University, Seoul, Republic of Korea; Division of Computer Science, Sookmyung Women's University, Seoul, Republic of Korea",2025 IEEE 26th International Workshop on Signal Processing and Artificial Intelligence for Wireless Communications (SPAWC),"4 Sep 2025","2025","","","1","5","This paper presents a novel quantum artificial intelligence model for efficient and accurate pothole detection on road surfaces, specifically tailored for autonomous vehicle (AV) environments. Potholes are widely recognized in the literature as critical risk factors that can cause significant vehicle damage and contribute to traffic accidents. Accordingly, timely and precise detection of potholes is essential to ensure the safety of both vehicles and their occupants. To meet the stringent real-time constraints of AV navigation, the proposed approach employs quantum convolutional neural networks (QCNNs), which provide enhanced expressiveness, low-latency inference, and fewer parameters while achieving performance comparable to classical convolutional neural networks (CNNs). To ensure algorithmic stability under various road and traffic dynamics, a Lyapunov optimization strategy is integrated into the QCNN architecture. This enables the design of a stabilized learning framework, which dynamically regulates the detection model to maintain robustness and performance even in fluctuating environments. Experiments show that the proposed QCNN outperforms classical CNNs in both accuracy and efficiency. In addition, the proposed Lyapunov optimization-based QCNN architecture control further enhances real-time performance, considering inference delay.","1948-3252","978-1-6654-7776-5","10.1109/SPAWC66079.2025.11143329","MSIT; ITRC(grant numbers:IITP-2024-RS-2024-00436887); IITP; ","https://ieeexplore.ieee.org/stamp/stamp.jsp?arnumber=11143329","Quantum artificial intelligence;Quantum convolutional neural network;Lyapunov optimization;Pothole detection","Wireless communication;Accuracy;Roads;Heuristic algorithms;Real-time systems;Stability analysis;Convolutional neural networks;Artificial intelligence;Vehicle dynamics;Optimization","","","","19","IEEE","4 Sep 2025","7-10 July 2025","7-10 July 2025","IEEE","IEEE Conferences"
"Quantum Convolutional Neural Network for Coffee Plant Disease Diagnosis","S. Kulkarni; S. V; P. D. Shenoy; V. K. R","Dept. of Computer Science & Engineering, University Visvesvaraya College of Engineering, Bangalore University, Bengaluru, India; Dept. of CSE[IC], Rajarajeshwari College of Engineering, Bengaluru, India; Dept. of Computer Science & Engineering, University Visvesvaraya College of Engineering, Bangalore University, Bengaluru, India; Dept. of Computer Science & Engineering, University Visvesvaraya College of Engineering, Bangalore University, Bengaluru, India","2025 IEEE International Conference for Women in Innovation, Technology & Entrepreneurship (ICWITE)","30 Dec 2025","2025","","","1","6","In modern agriculture, high crop yields and food security depend on early and accurate identification of plant diseases. Deep learning (DL) models like convolutional neural networks (CNNs) have successfully classified plant disease using leaf images. Classical models are adequate for small-scale applications but inefficient for large-scale applications because of their high processing requirements and difficulty in handling highdimensional data. To overcome these challenges, this study proposes the Quantum Convolutional Neural Network (QCNN) by leveraging the Cirq library to introduce quantum circuit simulation. The QCNN model is trained on the Kaggle coffee plant dataset and JMuBEN Mendeley. Quantum Fourier transforms (QFT) are used to preprocess the input images for enhanced quality and to find regions of interest (ROI) for disease lesions. The empirical results prove that the QCNN has drastically improved the model's performance in each phase of the epoch when compared with the traditional CNN model. In the training phase, the QCNN accomplished 96.98 %, whereas the CNN achieved 88.95 % for 150 epochs. Similarly, an effective performance is accomplished during the testing phase by QCNN with 95.89% in comparison with the CNN performance of 85.77 %. Hence, this work emphasizes the power of QCNN in faster training and analytical capabilities using entanglement and superposition in the quantum domain.","","978-1-6654-5762-0","10.1109/ICWITE64848.2025.11307161","","https://ieeexplore.ieee.org/stamp/stamp.jsp?arnumber=11307161","Convolutional Neural Networks (CNN);Computer Vision (CV);Deep Learning (DL);Image Processing (IP);Machine Learning (ML);Quantum Convolutional Neural Networks (QCNN);Quantum Fourier Transforms (QFT)","Training;Deep learning;Plant diseases;Accuracy;Fourier transforms;Quantum entanglement;Libraries;Convolutional neural networks;Integrated circuit modeling;Quantum circuit","","","","21","IEEE","30 Dec 2025","26-27 Sept. 2025","26-27 Sept. 2025","IEEE","IEEE Conferences"
"Introduction to Heterogeneous Knowledge Transfer for Quantum Convolutional Neural Networks","E. J. Roh; K. Lee; J. Kim","Department of Electrical and Computer Engineering, Korea University, Seoul, Republic of Korea; Department of Electrical and Computer Engineering, Korea University, Seoul, Republic of Korea; Department of Electrical and Computer Engineering, Korea University, Seoul, Republic of Korea",2024 15th International Conference on Information and Communication Technology Convergence (ICTC),"14 Jan 2025","2024","","","1154","1156","The convolutional neural network (CNN) is widely utilized in computer vision due to its ability to effectively harness correlation information within data. However, when the data's dimensionality or the model's complexity becomes excessively large, CNN faces significant challenges in maintaining efficient learning. The quantum convolutional neural network (QCNN) offers an innovative solution by leveraging quantum computing environments, to address problems conventionally solved by CNN or enhance the performance of existing learning models. This paper proposes a model of the CNN structure for quantum computing and introduces a method for enhancing model performance by integrating heterogeneous knowledge transfer (HKT) for QCNN with the CNN model used in conventional computer vision tasks. Furthermore, this paper examines the feasibility of the QCNN-HKT model in comparison to CNN and QCNN by conducting training experiments on the KITTI dataset with quantum computing simulation libraries Torchquantum.","2162-1241","979-8-3503-6463-7","10.1109/ICTC62082.2024.10827785","MSIT(grant numbers:IITP-2024-RS-2024-00436887); ","https://ieeexplore.ieee.org/stamp/stamp.jsp?arnumber=10827785","","Training;Computer vision;Quantum computing;Correlation;Computational modeling;Libraries;Information and communication technology;Convolutional neural networks;Knowledge transfer;Faces","","","","13","IEEE","14 Jan 2025","16-18 Oct. 2024","16-18 Oct. 2024","IEEE","IEEE Conferences"
"Quantum vs Classical: Performance Benchmarking of CNN and QCNN in Binary Image Classification","T. Tasnim; A. Saha; M. Rahman; F. Wu","Computer Science, Tuskegee University, Tuskegee, USA; Computer Science, Tuskegee University, Tuskegee, USA; Computer Science, Tuskegee University, Tuskegee, USA; Computer Science, Tuskegee University, Tuskegee, USA",2025 IEEE 15th Annual Computing and Communication Workshop and Conference (CCWC),"5 Mar 2025","2025","","","00203","00208","This paper presents a comprehensive comparison of Convolutional Neural Network (CNN) and Quantum Convolutional Neural Network (QCNN) in cloud-based environments, focusing on training accuracy and computational efficiency. Using datasets of dog and cat images, we conducted extensive experiments on GPU platforms. Our findings indicate that QCNN consistently outperform CNN across various batch sizes and epochs, demonstrating superior accuracy and reliability in binary image classification tasks. The results highlight the potential of QCNN to revolutionize deep learning by addressing the computational limitations of classical approaches. The study also underscores the importance of quantum computing in enhancing the scalability and efficiency of neural network models.","","979-8-3315-0769-5","10.1109/CCWC62904.2025.10903816","National Science Foundation(grant numbers:2019561,2234911,2209637,2100134); ","https://ieeexplore.ieee.org/stamp/stamp.jsp?arnumber=10903816","QCNN;CNN;Cloud;Quantum Computing","Training;Quantum computing;Accuracy;Scalability;Neural networks;Graphics processing units;Focusing;Convolutional neural networks;Reliability;Image classification","","2","","12","IEEE","5 Mar 2025","6-8 Jan. 2025","6-8 Jan. 2025","IEEE","IEEE Conferences"
"Toward Quantum-Enabled Medical Imaging: Optimized CNNs for Diagnosis","S. P. Santhoshkumar; S. Rajaambika; P. D; E. Loganathan; B. S; K. Deepika","Department of Computer Science and Design, Vel Tech Rangarajan Dr. Sagunthala R&D Institute of Science and Technology, Avadi, Chennai, Tamilnadu, India; Department of Artificial Intelligence and Data Science, Kathir College of Engineering, Coimbatore, Tamilnadu, India; Department of Computer Science and Engineering, Karpagam College of Engineering, Coimbatore, Tamilnadu, India; Department of Computer Science and Engineering, Erode Sengunthar Engineering College, Erode, Tamilnadu, India; Department of Computer Science and Design, R.M.K. Engineering College, Kavaraipettai, Tamilnadu, India; Department of Computer Science and Engineering, Vivekanandha College of Engineering for Women, Namakkal, Tamilnadu, India",2026 International Conference on Emerging Smart Computing and Informatics (ESCI),"28 Apr 2026","2026","","","1","6","The recent accelerated development of quantum computing has offered new avenues of re-conceptualization of classical architecture-constrained computational models. Quantum Convolutional Neural Networks (QCNNs) can also be leveraged on the principles of quantum mechanics to provide a fundamentally improved framework on the analysis of medical images. In contrast to classical CNNs, QCNNs take advantage of quantum parallelism and entanglement to find discriminative features more effectively and allows analyzing high-dimensional image patterns simultaneously and does not highly rely on massive annotated datasets. This quantum benefit does not only improve the feature mapping quicker rate but also improves the classification performance in a particular situation of scarce or nonhomogeneous medical information. More so, QCNN models are also naturally resilient to noise, and can maintain a high diagnostic accuracy under the conditions of fluctuation in image quality, which is a critical attribute in clinical settings. Experimental assessment on dataset of chest X-rays with labels of samples of Types- Covid-19, Pneumonia and Normal results in significant gains in speed of inference, discrimination of features and generalization. The results reveal the potential of quantum-driven imaging designs in disrupting the diagnostic platform; which refined QCNN designs could lead to significant improvements in the diagnostic platforms to the extent of improving the reliability of the decision and clinical impact.","2996-1815","979-8-3315-8949-3","10.1109/ESCI68015.2026.11493187","","https://ieeexplore.ieee.org/stamp/stamp.jsp?arnumber=11493187","Quantum Enhanced Diagnosis;High dimensional Image processing;Quantum Convolutional Neural Networks (QCNN);Medical Image Analysis;Quantum Parallelism;Quantum Entanglement","Circuits;Quantum circuit;Integrated circuits;Circuits and systems;Quantum communication;Quantum circuit;Pixel;Protocols;Communication systems;HTTP","","","","19","IEEE","28 Apr 2026","11-13 March 2026","11-13 March 2026","IEEE","IEEE Conferences"
"HQ-CNN: Hybrid Quantum-CNN for Precise Radio-Based Indoor Tracking in mmWave Networks","V. -L. Nguyen; L. -H. Nguyen; R. -H. Hwang","Dept. of Computer Science and Information Engineering, National Chung Cheng University, Chiayi, Taiwan; College of Artificial Intelligence, National Yang Ming Chiao Tung University, Tainan, Taiwan; College of Artificial Intelligence, National Yang Ming Chiao Tung University, Tainan, Taiwan",2026 IEEE Wireless Communications and Networking Conference (WCNC),"16 Jun 2026","2026","","","1","6","Radio-based indoor localization is vital for the Internet of Things (IoT) applications such as smart healthcare. However, existing methods often require intrusive infrastructure or lack sufficient resolution for through-wall tracking. To address this, we propose a hybrid quantum-convolutional neural network-based framework (HQ-CNN) for high-precision localization in massive MIMO environments. The primary motivation for exploiting quantum-inspired techniques is to reduce model size and computational overhead through quantum data encoding, which is essential for resource-constrained IoT devices. Accordingly, the framework first extracts temporal channel state information, such as angle of arrival (AoA), to generate dynamic Angle-Delay Profiles (ADPs), capturing interactions with both static and moving objects. A generative adversarial network (GAN)-based frame prediction is employed for noise suppression and ADP refinement. The core innovation lies in the integration of a hybrid quantum-CNN, which improves learning from high-dimensional ADPs while maintaining low computational and memory overhead on a traditional GPU-based computer. Evaluations on DeepMIMO show the framework outperforms baselines in scalability and competes with their accuracy. This work demonstrates the potential of hybrid quantum-classical technologies for precise radio-based tracking.","1558-2612","979-8-3315-7729-2","10.1109/WCNC65185.2026.11555410","","https://ieeexplore.ieee.org/stamp/stamp.jsp?arnumber=11555410","Hybrid quantum CNN;quantum-classical learning;User tracking;Radio Localization","Modeling;Convolutional neural networks;Tracking;Location awareness;Printing;Accuracy;Delays;Timing;Internet of Things;Equations","","","","18","IEEE","16 Jun 2026","13-16 April 2026","13-16 April 2026","IEEE","IEEE Conferences"
"Noisy HQNNs: A Comprehensive Analysis of Noise Robustness in Hybrid Quantum Neural Networks","T. Ahmed; A. Marchisio; M. Kashif; M. Shafique","eBrain Lab, Division of Engineering, New York University Abu Dhabi, Abu Dhabi, UAE; eBrain Lab, Division of Engineering, New York University Abu Dhabi, Abu Dhabi, UAE; eBrain Lab, Division of Engineering, New York University Abu Dhabi, Abu Dhabi, UAE; eBrain Lab, Division of Engineering, New York University Abu Dhabi, Abu Dhabi, UAE",2025 International Joint Conference on Neural Networks (IJCNN),"14 Nov 2025","2025","","","1","10","Hybrid Quantum Neural Networks (HQNNs) offer promising potential of quantum computing while retaining the flexibility of classical deep learning. However, the limitations of Noisy Intermediate-Scale Quantum (NISQ) devices introduce significant challenges in achieving ideal performance due to noise interference, such as decoherence, gate errors, and readout errors. This paper presents an extensive comparative analysis of two HQNN algorithms, Quantum Convolutional Neural Network (QCNN) and Quanvolutional Neural Network (QuanNN), assessing their noise resilience across diverse image classification tasks. We systematically inject noise into variational quantum circuits using five quantum noise channels: Phase Flip, Bit Flip, Phase Damping, Amplitude Damping, and Depolarizing Noise. By varying noise probabilities from 0.1 to 1.0, we evaluate the correlation between noise robustness and model behavior across different noise levels.Our findings demonstrate that different noise types and levels significantly influence HQNN performance. The QuanNN shows robust performance across most noise channels for low noise levels (0.1 - 0.4), but succumbs to diverse effects of depolarizing and amplitude damping noise at probabilities between (0.5 - 1.0). However, the QuanNN exhibits robustness to bit flip noise at high probabilities (0.9 - 1.0). On the other hand, the QCNN tends to benefit from the noise injection by outperforming noise-free models for bit flip, phase flip, and phase damping at high noise probabilities. However, for other noise types, the QCNN shows gradual performance degradation as noise increases. These insights aim to guide future research in error mitigation strategies to enhance HQNN models in the NISQ era.","2161-4407","979-8-3315-1042-8","10.1109/IJCNN64981.2025.11229153","","https://ieeexplore.ieee.org/stamp/stamp.jsp?arnumber=11229153","Quantum Machine Learning;Hybrid Quantum-Classical Neural Networks;Quantum Convolutional Neural Networks;Quanvolutional Neural Networks;Noise Robustness","Damping;Performance evaluation;Noise;Neural networks;Robustness;Noise robustness;Noise measurement;Convolutional neural networks;Noise level;Image classification","","5","","57","IEEE","14 Nov 2025","30 June-5 July 2025","30 June-5 July 2025","IEEE","IEEE Conferences"
"A Quantum CNN Approach for MRI Based Multi-Class Brain Tumor Classification","R. Pulicherla; G. Namineni","Dept. of ECE, Mohan Babu University, Tirupati, India; Dept. of ECE, Mohan Babu University, Tirupati, India",2026 IEEE Madhya Pradesh Section Conference (MPCON),"13 May 2026","2026","","","242","246","The evolution of quantum computing has paved way for several evolutions, protruding into medical diagnosis too. This paper focuses on Quantum Convolutional Neural Network is compared with existing methods like Support Vector Machine, Convolutional Neural Network and ResNet18 used for brain tumor classification. A detailed study of various types of brain tumor is provided along with possible diagnosis and treatment. The frameworks corresponding to SVM, CNN, ResNet18 and QCNN are provided. The metrics used to evaluate the methods are provided like accuracy, precision, recall, F1 score, confusion matrix and quantum related metrics like Quantum Fidelity, Quantum Cross Entropy Loss, etc. The QCNN is observed to improved accuracy by 10.12%, precision by 10.96%, recall by 3.8%, specificity by 5.4%, F1 score by 7.1%, MSE by 65.5% good results in all parameters varying from 0.1% to 10.96% when compared with SVM, CNN and ResNet18, for multiclass brain tumor classification of Glioma, Meningioma, Pituitary and No Tumor. The quantum fidelity is about 1.0 and the quantum cross entropy is about 0.054. Hence QCNN proves to be a better choice for brain tumor classification.","","979-8-3315-9335-3","10.1109/MPCON69668.2026.11508296","","https://ieeexplore.ieee.org/stamp/stamp.jsp?arnumber=11508296","brain tumor;convolutional neural network;glioma;meningioma;pituitary;quantum computing;support vector machine","Tumors;Convolutional neural networks;Support vector machines;Equations;Brain tumors;Machine learning;Printing;Learning (artificial intelligence);Machining;Accuracy","","","","14","IEEE","13 May 2026","14-15 March 2026","14-15 March 2026","IEEE","IEEE Conferences"
"Multi-Class Quantum Convolutional Neural Networks Using Strongly Entangling Circuits","I. Syafalni; M. D. A. Putri; M. D. S. Widyatmaja; E. A. Ditya; R. Mulyawan; F. Z. Ruskanda; N. U. Maulidevi","School of Electrical Engineering and Informatics, Bandung Institute of Technology, Indonesia; School of Electrical Engineering and Informatics, Bandung Institute of Technology, Indonesia; School of Electrical Engineering and Informatics, Bandung Institute of Technology, Indonesia; School of Electrical Engineering and Informatics, Bandung Institute of Technology, Indonesia; School of Electrical Engineering and Informatics, Bandung Institute of Technology, Indonesia; School of Electrical Engineering and Informatics, Bandung Institute of Technology, Indonesia; School of Electrical Engineering and Informatics, Bandung Institute of Technology, Indonesia",2025 International Symposium on Intelligent Signal Processing and Communication Systems (ISPACS),"19 Feb 2026","2025","","","1","4","The rapid advancement of quantum computing technology has enabled new approaches to developing sophisticated machine learning models. In this paper, we present a multi-class Quantum Convolutional Neural Network (QCNN) architecture enhanced with strongly entangling circuits. The research targets the improvement of model's representation advantage and efficiency in solving classifications. The proposed method combines amplitude encoding with quantum convolutional and pooling layers or QCNN, augmented by strongly entangling layers to capture the data patterns. Experimental results show that our QCNN achieves higher classification accuracy with fewer parameters compared to traditional quantum models on the MNIST dataset. It highlights the potential of our method in complex multi-class classification.","2474-9745","979-8-3315-8066-7","10.1109/ISPACS68724.2025.11382899","","https://ieeexplore.ieee.org/stamp/stamp.jsp?arnumber=11382899","","Training;Accuracy;Quantum entanglement;Computational modeling;Machine learning;Computer architecture;Encoding;Convolutional neural networks;Integrated circuit modeling;Quantum circuit","","","","10","IEEE","19 Feb 2026","4-7 Nov. 2025","4-7 Nov. 2025","IEEE","IEEE Conferences"
"Leveraging Quantum Computing for Enhanced Medical Image Processing and Diagnostics","A. Shrivastava; R. Riad Al-Fatlawy; G. Nijhawan; G. Singh; A. Kumar; R. Kant Prasad","Saveetha School of Engineering, Saveetha Institute of Medical and Technical Sciences, Chennai, Tamilnadu, India; Department of Computers Techniques Engineering, College of Technical Engineering, The Islamic University, Najaf, Iraq; Lovely Professional University, Phagwara, India; Mangalmay Institute of Management & Technology, Greater Noida; Department of Computer Engineering and Applications, Institute of Engineering and Technology, GLA University, Mathura; Lloyd Institute of Engineering & Technology, Gr. Noida",2025 2nd International Conference on Artificial Intelligence for Innovations in Healthcare Industries (ICAIIHI),"25 Feb 2026","2025","","","1","6","Quantum computing is fast transforming the medical world and giving it a new level of speed, accuracy, and safety in the health-care information. The latest developments use quantum machine learning and quantum-classical to improve medical imaging like classification, segmentation, and disease prediction, going beyond the capability of the classical algorithms. In the multifactorial disease cases, like cancer and neurological diseases, quantum-enhanced analytics will yield better clinical prognoses, better biomarker discoveries, and earlier detection. In the meantime, quantum-cryptography protocols are under development that will provide protection against privacy threats that are constantly changing to harm patient data. State-of-the-art quantum neural networks and adaptive hybrid quantum convolutional neural networks (CNNs) continue to optimize the process of diagnostics, reducing resource consumption, without losing the level of accuracy. This review maps these new applications, identifies the new trends, and talks about the future challenges of such applications, especially the requirement of explainable, interpretable quantum AI, which the clinicians can believe in. In brief, quantum technologies are in their infancy, but will have the ability to advance precision medicine, customised treatment and revolutionise medical decision-making.","","979-8-3315-8267-8","10.1109/ICAIIHI67124.2025.11403130","","https://ieeexplore.ieee.org/stamp/stamp.jsp?arnumber=11403130","Quantum Algorithms;Medical Image Processing;Quantum Machine Learning;Diagnostic Imaging;Quantum Data Encryption;AI in Healthcare","Technological innovation;Accuracy;Quantum algorithm;Protocols;Reviews;Medical services;Machine learning;Biomedical image processing;Protection;Medical diagnostic imaging","","1","","46","IEEE","25 Feb 2026","4-5 Dec. 2025","4-5 Dec. 2025","IEEE","IEEE Conferences"
"Quantum-Enhanced Convolutional Neural Network for Multiclass Potato Leaf Disease Classification","A. Murmu; P. Mitra; A. Chakrabarti","A. K. Choudhury School of IT, University of Calcutta, Kolkata, India; A. K. Choudhury School of IT, University of Calcutta, Kolkata, India; A. K. Choudhury School of IT, University of Calcutta, Kolkata, India","2026 International Conference on Next-Gen Quantum and Advanced Computing: Algorithms, Security, and Beyond (NQComp)","5 May 2026","2026","","","533","538","Potato leaf diseases pose a serious challenge to agricultural sustainability and food security in regions such as West Bengal, India, where potato cultivation plays a vital socio-economic role. Although classical deep learning models demonstrate strong performance, they often suffer from overfitting, limited generalization, and heavy reliance on large labeled datasets, while manual inspection remains time-consuming and error-prone. This work proposes a hybrid Quantum Convolutional Neural Network (QCNN) integrated with 4-qubit parameterized quantum circuits (PQCs) for accurate classification of five major potato leaf disease categories, including nutrient deficiency, fungal, and viral infections. The model incorporates quantum activation layers, quantum softmax, and a focused loss function to enhance non-linear feature representation and multi-class separability. Grad-CAM is employed to improve the interpretability of predictions. Experiments conducted on a diverse, field-collected dataset from Bardhaman, Bankura, and Purulia districts achieve a classification accuracy of 99.94%, demonstrating superior generalization, robustness, and explainability compared to classical approaches. This study highlights the practical potential of quantum-enhanced AI for precision agriculture.","","979-8-3315-5935-9","10.1109/NQComp68334.2026.11497723","","https://ieeexplore.ieee.org/stamp/stamp.jsp?arnumber=11497723","Quantum Convolutional Neural Network;Potato Leaf Disease;Parameterized Quantum Circuits;Precision Agriculture;Deep Learning;Focal Loss","Apertures;Circuits;Quantum circuit;Circuit simulation;Circuits and systems;Quantum circuit;Quantum communication;Internet;Protocols;Communication systems","","","","15","IEEE","5 May 2026","5-6 March 2026","5-6 March 2026","IEEE","IEEE Conferences"
"Exploring the Power of Quantum Convolutional Neural Networks for Brain MRI Image Classification","B. Tantawi; H. K. Ahmed; M. Magdy; M. Adel; G. I. Sayed","School of Computer Science, Canadian International College (CIC), Cairo, Egypt; School of Computer Science, Canadian International College (CIC), Cairo, Egypt; School of Computer Science, Canadian International College (CIC), Cairo, Egypt; School of Computer Science, Canadian International College (CIC), Cairo, Egypt; School of Computer Science, Canadian International College (CIC), Cairo, Egypt","2023 Intelligent Methods, Systems, and Applications (IMSA)","24 Aug 2023","2023","","","549","584","Various neurological problems such as brain tumors, strokes, and Alzheimer's disease can all be detected and treated with the help of medical imaging. The level of image analysis determines how accurate and reliable a diagnosis made using Magnetic Resonance Imaging (MRI) will be. As a result, the intricate design of brain structures as well as the presence of noise and aberrations in the recorded pictures might make it difficult at times. This study proposes a Quantum Convolutional Neural Networks (QCNN)-based classification model for brain MRI images. Preprocessing and QCNN-based categorization comprise the two key components of the proposed model. A publicly available real brain MRI dataset is used to test the proposed model. The proposed model is extremely promising, according to the experimental findings. The results also demonstrated that the proposed QCNN outperforms its traditional convolutional neural network counterpart. The proposed model looks very promising, according to the experimental findings. The results additionally demonstrated that the proposed QCNN outperforms its traditional convolutional neural network counterpart. It achieved a 96.1% total accuracy.","","979-8-3503-3556-9","10.1109/IMSA58542.2023.10217624","","https://ieeexplore.ieee.org/stamp/stamp.jsp?arnumber=10217624","Quantum Computing;Convolutional Neural Network;Image Classification;Brain Tumors","Quantum computing;Magnetic resonance imaging;Computational modeling;Stroke (medical condition);Brain modeling;Data augmentation;Convolutional neural networks","","5","","17","IEEE","24 Aug 2023","15-16 July 2023","15-16 July 2023","IEEE","IEEE Conferences"
"Proposal of PolSAR Land Classification Using Full-Learning Quaternion Convolutional Neural Networks","Y. Matsumoto; R. Natsuaki; A. Hirose","Department of Electrical Engineering and Information Systems, The University of Tokyo, Tokyo, Japan; Department of Electrical Engineering and Information Systems, The University of Tokyo, Tokyo, Japan; Department of Electrical Engineering and Information Systems, The University of Tokyo, Tokyo, Japan",IGARSS 2022 - 2022 IEEE International Geoscience and Remote Sensing Symposium,"28 Sep 2022","2022","","","235","238","Quaternion convolutional neural networks (QCNNs) are in-herently useful for image processing and PolSAR land classification, since they can learn the relationship between the components of input vectors with quaternionic rotations. However, conventional QCNNs fix their rotation axes represented by quaternion weights, resulting in reduction of the degree of freedom (DoF) and the lose of the expression ability. In this paper, we propose QCNNs which learn all the four parameters of the quaternion weights by backpropagation. They perform learning with the maximum of DoF so that they take full advantages of quaternion learning. In addition, we use two totally different features, namely, Pauli RGB features and normalized Stokes vectors. We experimentally found that Pauli RGB features are suitable for discrimination between town and forest, and Stokes vectors between water and grass. Combining their two results complementarily improves classification results. Our proposed QCNNs show the best classification performance compared with real-valued convolutional neural networks and fixed-axis QCNN. These results demonstrate the strength of the proposed QCNN in adaptive polarization processing in multimodal data in the PolSAR field.","2153-7003","978-1-6654-2792-0","10.1109/IGARSS46834.2022.9883874","JSPS(grant numbers:18H04105); ","https://ieeexplore.ieee.org/stamp/stamp.jsp?arnumber=9883874","Polarimetric synthetic aperture radar (PolSAR);convolutional neural network (CNN);quaternion neural network (QNN)","Backpropagation;Quaternions;Image processing;Neural networks;Geoscience and remote sensing;Forestry;Polarimetric synthetic aperture radar","","1","","4","IEEE","28 Sep 2022","17-22 July 2022","17-22 July 2022","IEEE","IEEE Conferences"
"QCACNN: A Quantum Convolutional Neural Network Algorithm for Traffic Sign Recognition in Carbon-Intelligent Electric Vehicles","Z. Qu; Y. Xia; L. Sun; W. Liu; G. Muhammad","Engineering Research Center of Digital Forensics, Ministry of Education, and the School of Computer Science, Nanjing University of Information Science and Technology, Nanjing, China; School of Computer Science, Nanjing University of Information Science and Technology, Nanjing, China; School of Computer Science, Nanjing University of Information Science and Technology, Nanjing, China; School of Software, Nanjing University of Information Science and Technology, Nanjing, China; Department of Computer Engineering, College of Computer and Information Sciences, King Saud University, Riyadh, Saudi Arabia",IEEE Internet of Things Journal,"22 Aug 2025","2025","12","17","34708","34719","Traffic sign recognition is essential for autonomous driving, enhancing driving efficiency and ensuring road safety. Traffic signs utilize colors and patterns to relay critical information, with color accuracy being especially significant. Traditional models, reliant on extensive data and computing resources, struggle to meet the efficiency demands of electric vehicles with carbon-intelligent computing. Leveraging the physical properties of quantum superposition states, quantum computing offers a solution with its unique parallel computing capabilities, potentially enhancing recognition efficiency and facilitating real-time processing. Quantum convolutional neural networks (QCNNs) show promise in processing large-scale image data with improved efficiency and accuracy. However, most of QCNN researches focus on grayscale image classification, with limited studies on multichannel data. This article introduces the quantum channel attention convolutional neural network (QCACNN), which incorporates a quantum channel attention layer (QCAL) to enhance multichannel data classification. The experimental results demonstrate that QCACNNs surpasses traditional QCNNs in traffic sign recognition, performing comparably to conventional CNNs and SENet models with fewer computing resources. Detailed performance analysis and ablation studies validate the effectiveness of each component within this architecture. Quantum noise resistance tests confirm the robustness of QCACNN, making it a viable solution for electric vehicles with enhanced scalability.","2327-4662","","10.1109/JIOT.2025.3553897","Innovation Program for Quantum Science and Technology(grant numbers:2021ZD0302901); National Natural Science Foundation of China(grant numbers:62071240); Ongoing Research Funding Program, King Saud University, Riyadh, Saudi Arabia(grant numbers:ORF-2025-34); ","https://ieeexplore.ieee.org/stamp/stamp.jsp?arnumber=10937939","Carbon-intelligent computing;electric vehicle;image recognition;quantum convolutional neural network (QCNN)","Qubit;Quantum computing;Convolutional neural networks;Computer architecture;Training;Image recognition;Quantum circuit;Quantum channels;Image color analysis;Quantum state","","4","","34","IEEE","24 Mar 2025","1 Sept.1, 2025","","IEEE","IEEE Journals"
"Organ classification Using Quantum Convolution Network","P. Gohel; A. Chakraborty; K. R. JV","COE-AI, HCL Technologies, Bengaluru, India; COE-AI, HCL Technologies, Bengaluru, India; COE-AI, HCL Technologies, Bengaluru, India",2022 IEEE International Conference on Quantum Computing and Engineering (QCE),"22 Nov 2022","2022","","","831","832","Automated body part recognition is an essential part of medical image analysis. It is one of the core aspects of any medical image identification or segmentation. It reduces search time with increased accuracy in detecting an organ of interest. Here, we present a quantum machine learning based organ classification model for X-RAY data sets of hand, ankle, knee, and chest. We have used deep quanvolutional neural network. Quanvolutional neural network is a hybrid neural network where input data are encoded into quantum encoding, and then it is processed with a classical neural network. It is also called HQCNN (Hybrid Quantum Convolutional Neural Net-work) [3]. Our results show that HQCNN based implementation gives 92.5% validation accuracy with fast convergence, while classical CNN gives 93% validation accuracy.","","978-1-6654-9113-6","10.1109/QCE53715.2022.00134","","https://ieeexplore.ieee.org/stamp/stamp.jsp?arnumber=9951170","Quantum machine learning;Quanvolutional;quantum circuits;image classification","Image segmentation;Quantum computing;Image recognition;Image analysis;Neural networks;Machine learning;Encoding","","8","","3","IEEE","22 Nov 2022","18-23 Sept. 2022","18-23 Sept. 2022","IEEE","IEEE Conferences"
"Quantum-Enhanced Convolutional Neural Networks for Image Classification","T. Qayyum; A. Tariq; M. W. Haseeb; A. Lakas; M. A. Serhani; Z. Trabelsi","College of Information Technology, United Arab Emirates University, Al Ain, UAE; College of Information Technology, United Arab Emirates University, Al Ain, UAE; Department of Physics, United Arab Emirates University, Al Ain, UAE; College of Information Technology, United Arab Emirates University, Al Ain, UAE; Dept. of Computing and Informatics, University of Sharjah, Sharjah, UAE; College of Information Technology, United Arab Emirates University, Al Ain, UAE",2023 IEEE Future Networks World Forum (FNWF),"13 May 2024","2023","","","1","7","In recent years, there has been a growing interest in leveraging the unique properties of quantum computing to develop novel machine learning algorithms and architectures. This research paper presents an investigation of quantum convolutional neural networks (QCNNs), which leverage the unique properties of quantum computing to potentially improve the accuracy and efficiency of image classification tasks. Specifically, the paper explores three different QCNN architectures, including a pure quantum-based QCNN, a hybrid QCNN with a single quantum convolution layer, and a hybrid convolutional architecture with multiple quantum filters. We tested the models on MNIST dataset and the results of the study demonstrate that hybrid architectures that combine quantum and classical processing are more effective than pure quantum-based architectures in image classification tasks. In particular, the third model, the Hybrid Convolution with Multiple Quantum Filters, achieved the highest test set accuracy of 92.7%. The use of multiple quantum filters in conjunction with a classical neural network resulted in enhanced accuracy and efficiency in image classification tasks, highlighting the potential of hybrid architectures for future applications in machine learning tasks.","2770-7679","979-8-3503-2458-7","10.1109/FNWF58287.2023.10520509","","https://ieeexplore.ieee.org/stamp/stamp.jsp?arnumber=10520509","Quantum Computing;Quantum Convolutional Network;QCNN;CIRQ","Quantum computing;Filters;Machine learning algorithms;Convolution;Neural networks;Computer architecture;Machine learning","","5","","23","IEEE","13 May 2024","13-15 Nov. 2023","13-15 Nov. 2023","IEEE","IEEE Conferences"
"Quanvolution Neural Network to Recognize arrhythmia from 2D scaleogram features of ECG signals","S. S; K. T; I. K; S. M","Elec. and Comm. Engg. Vel Tech Rangarajan Dr. Sagunthala, R & D Inst. of Sci. and Tech.; Elec. and Comm. Engg. Vel Tech Rangarajan Dr. Sagunthala, R & D Inst. of Sci. and Tech.; Elec. and Comm. Engg. Vel Tech Rangarajan Dr. Sagunthala, R & D Inst. of Sci. and Tech.; Elec. and Comm. Engg., Paavai Engineering College",2022 International Conference on Innovative Trends in Information Technology (ICITIIT),"1 Apr 2022","2022","","","1","5","Quantum computing is the main emerging technology solving complex problems and even though error raised will be high, can be computed using customized algorithms. We propose the use of discrete wavelet transform to decompose the ECG signals followed by computing 2D scalogram to obtain time-frequency features and apply Quanvolutional Neural Network to classify those scalogram images to recognize Arrhythmia. This is the first paper to introduce scalogram and Quanvolutional neural networks. We considered using publicly available physio net MIT-BIH arrhythmia database for our research. The proposed model of hybrid quantum classical model comprising quantum convolutional neural networks for the MIT-BIH arrhythmia database resulting in the precision of 98% and Receiver Operating Curve Score of 100%.","","978-1-6654-0670-3","10.1109/ICITIIT54346.2022.9744224","","https://ieeexplore.ieee.org/stamp/stamp.jsp?arnumber=9744224","Quantum Machine Learning;Hybrid quantum classical model;Quantum convolutional Neural Networks","Databases;Computational modeling;Neural networks;Transforms;Predictive models;Logic gates;Electrocardiography","","11","","20","IEEE","1 Apr 2022","12-13 Feb. 2022","12-13 Feb. 2022","IEEE","IEEE Conferences"
"Quantum Mechanism-Based Convolution Model for the Classification of Pathogenic Bacteria","I. Naz; J. H. Shah; M. H. U. Rehman; M. Rafiq; G. S. Choi","Department of Computer Science, COMSATS University Islamabad, Wah Campus, Islamabad, Pakistan; Department of Computer Science, COMSATS University Islamabad, Wah Campus, Islamabad, Pakistan; Department of Computer Science, COMSATS University Islamabad, Wah Campus, Islamabad, Pakistan; Department of Game Software, Keimyung University, Daegu, Dalseo-gu, Republic of Korea; Department of Information and Communication Engineering, Yeungnam University, Gyeongsan-si, Republic of Korea",IEEE Access,"15 Dec 2023","2023","11","","137747","137757","Water, especially drinking water, should be clean and free of disease-causing bacteria because of its critical role in life. However, it isn’t easy to identify and classify them rapidly at an early stage. Primarily, the examination of water is performed manually to check the contamination level. Some researchers have proposed techniques to detect and classify bacteria images, but this field still needs more attention. In this research work, a robust Quantum Convolutional Neural Network (QCNN) classification model is proposed to classify the six major categories of pathogenic bacteria. For the acquisition of pathogen images, different slides are created through the gram-staining process, and then images are captured from those slides. DIBaS is the publicly available dataset that provides these slides captured through gram-staining, which is used to evaluate the proposed methodology. So, in the first step, database preprocessing, small patches are extracted from slide images. However, the extracted patches were not clear and very useful, so the Enhanced Super-Resolution Generative Adversarial Network Model (ESRGAN) was applied to images to improve the image quality of extracted patches. The third step is to extract the deep features and classify bacterial images using the QCNN model, in which the Quantum Convolutional layer is added, and classical data is converted into quantum data to perform classification. Based on the results of classification experiments using the QCNN model, the accuracy is 96.54%.","2169-3536","","10.1109/ACCESS.2023.3339127","Basic Science Research Program through the National Research Foundation of Korea(NRF); Ministry of Education(grant numbers:NRF-2019R1A2C1006159); 2023 Yeungnam University Research Grant; National Research Program for Universities (NRPU) Higher Education Commission (HEC) under Project ID 7794, COMSATS University Islamabad, Wah Campus; ","https://ieeexplore.ieee.org/stamp/stamp.jsp?arnumber=10339292","Generative adversarial network (GAN);pathogens;quantum convolutional network (QCNN);super resolution","Microorganisms;Pathogens;Clustering algorithms;Classification algorithms;Image processing;Image segmentation;Feature extraction;Generative adversarial networks;Convolutional neural networks;Quantum computing;Superresolution","","7","","57","CCBYNCND","1 Dec 2023","2023","","IEEE","IEEE Journals"
"Architectural Design of Quantum Convolutional Neural Network for Multi-Class Image Classification","S. Song; K. Chen","School of computer science and technology, Changchun university of science and technology, Changchun, China; School of computer science and technology, Changchun university of science and technology, Changchun, China","2025 5th International Conference on Artificial Intelligence, Big Data and Algorithms (CAIBDA)","9 Oct 2025","2025","","","1272","1277","This study proposes a quantum convolutional neural network (QCNN) designed for image multi-classification tasks. To enhance feature extraction, the quantum convolutional employs singular value decomposition (SVD) to construct custom quantum gates. Quantum fully connected layers are built based on the swap test, which improves both generalization and classification performance. The QCNN is trained and tested on the PennyLane quantum computing framework. It achieves a test accuracy of $\mathbf{9 4. 0 7 \%}$ on a four-class classification task using the MNIST dataset. To evaluate its practicality, simulation experiments are conducted under various types of quantum noise. The results show that the QCNN remains robust against noise, demonstrating strong potential for practical quantum environments.","","979-8-3315-2664-1","10.1109/CAIBDA65784.2025.11183394","","https://ieeexplore.ieee.org/stamp/stamp.jsp?arnumber=11183394","quantum computing;quantum convolutional neural networks;quantum image classification","Quantum computing;Quantum entanglement;Computational modeling;Noise;Feature extraction;Robustness;Convolutional neural networks;Matrix decomposition;Image classification;Singular value decomposition","","","","12","IEEE","9 Oct 2025","20-22 June 2025","20-22 June 2025","IEEE","IEEE Conferences"
"Quantum Convolutional Neural Network for Resource-Efficient Image Classification: A Quantum Random Access Memory (QRAM) Approach","S. Oh; J. Choi; J. -K. Kim; J. Kim","School of Electrical Engineering, Korea University, Seoul, Republic of Korea; School of Computer Science and Engineering, Chung-Ang University, Seoul, Republic of Korea; School of Electrical Engineering, Korea University, Seoul, Republic of Korea; School of Electrical Engineering, Korea University, Seoul, Republic of Korea",2021 International Conference on Information Networking (ICOIN),"2 Feb 2021","2021","","","50","52","Convolutional Neural Network (CNN) is a breakthrough learning model that shows outstanding performance in computer vision and deep learning applications. However, it is a relatively burdened model in terms of learning speed and resource usage compared to other learning models when the learning scale becomes large. Quantum Convolutional Neural Network (QCNN) is a novel model as a potential solution using quantum computers to handle this problem. Quantum computers with a limited number of usable qubits needs a resource-efficient method to process large-scale data at once. In addition, Quantum Random Access Memory (QRAM) can store the large data to qubits logarithmically using superposition and entanglement. The QRAM algorithm can design a new QCNN model that can efficiently process in massive data. This paper proposes a more resource and depth efficient model for larger-sized input data and the number of output channels using the QRAM algorithm and efficiently extracting features.","1976-7684","978-1-7281-9101-0","10.1109/ICOIN50884.2021.9333906","National Research Foundation; ","https://ieeexplore.ieee.org/stamp/stamp.jsp?arnumber=9333906","","Computational modeling;Qubit;Random access memory;Feature extraction;Data models;Classification algorithms;Convolutional neural networks","","26","","20","IEEE","2 Feb 2021","13-16 Jan. 2021","13-16 Jan. 2021","IEEE","IEEE Conferences"
"Speech Recognition Using Quantum Convolutional Neural Network","T. B; Y. S; V. A; J. J","Computer Science and Engineering, Rajalakshmi Engineering College, Chennai, India; Computer Science and Engineering, Rajalakshmi Engineering College, Chennai, India; Computer Science and Engineering, Rajalakshmi Engineering College, Chennai, India; Computer Science and Engineering, Rajalakshmi Engineering College, Chennai, India",2023 Eighth International Conference on Science Technology Engineering and Mathematics (ICONSTEM),"7 Jun 2023","2023","","","1","7","Quantum machine learning (QML) has emerged as an exciting new technology that explores challenging machine learning issues by relying on advances in quantum computing. A convolutional neural network is primarily used in the classical portion of the QNN-based Speech Recognition System, which is made up of both classical and quantum components. The quantum component is based on the equation’s quantum circuits with a certain learnable parameter. Speech recognition technology is one of the quickly evolving technologies, along with Siri on the iPhone, chatbots, Alexa on the Amazon Echo, etc… The research uses a quantum convolutional neural network (QCNN) to identify voice and convert it to text. The use of Quantum filters will reduce the input in to qubits and then it will be further moving in to the feature extraction and classification process. QCNN gives more accurate results and will increase the scalability by adding more layers in to the model.","","979-8-3503-4779-1","10.1109/ICONSTEM56934.2023.10142793","","https://ieeexplore.ieee.org/stamp/stamp.jsp?arnumber=10142793","QML;QNN;QCNN;Qubits","Scalability;Virtual assistants;Qubit;Speech recognition;Machine learning;Mathematics;Convolutional neural networks","","8","","20","IEEE","7 Jun 2023","6-7 April 2023","6-7 April 2023","IEEE","IEEE Conferences"
"Predicting Heat Plume Temperature and Spatial Location Using Quantum Convolutional Neural Networks","D. Maheshwari; J. Pelzer; M. Schulte","SGS, IPVS University of Stuttgart, Stuttgart, Germany; SGS, IPVS University of Stuttgart, Stuttgart, Germany; SGS, IPVS University of Stuttgart, Stuttgart, Germany","2025 International Conference on Quantum Communications, Networking, and Computing (QCNC)","15 May 2025","2025","","","623","627","In this paper, we analyze the potential of quantum computing to provide machine learning based fast and efficient surrogate models for complex simulations. As an example, we focus on the prediction of temperature changes in groundwater caused by geothermal heat pumps in the city of Munich. To account for the current limitations of scalability of quantum computers, we simplify the simulation input and output used for training our surrogate neural network to a small number of parameters. Unlike classical machine learning, quantum computing offers the potential for exponential advantages, potentially overcoming current computational limitations. A Quantum Convolutional Neural Network (QCNN), inspired by the convolution and pooling operations in classical Convolutional Neural Networks (CNNs), leverages parameterized quantum circuits to enhance efficiency. We propose a variant of a QCNN for our application and execute it using the IBM Qiskit’s statevector simulator, the IBM Qiskit fake backend, the PennyLane simulator, and an IBM simulator integrated with the PennyLane framework. We use noise models to simulate errors like real quantum computing hardware. The performance of all models was assessed by analyzing their training and testing mean squared error (MSE) losses.","","979-8-3315-3159-1","10.1109/QCNC64685.2025.00103","Deutsche Forschungsgemeinschaft; ","https://ieeexplore.ieee.org/stamp/stamp.jsp?arnumber=11000147","quantum computing;quantum convolutional neural network;simulation;shallow groundwater heat pumps","Training;Analytical models;Quantum computing;Heat pumps;Computational modeling;Noise;Machine learning;Convolutional neural networks;Integrated circuit modeling;Quantum circuit","","1","","13","IEEE","15 May 2025","31 March-2 April 2025","31 March-2 April 2025","IEEE","IEEE Conferences"
"Decentralizing Feature Extraction with Quantum Convolutional Neural Network for Automatic Speech Recognition","C. -H. H. Yang; J. Qi; S. Y. -C. Chen; P. -Y. Chen; S. M. Siniscalchi; X. Ma; C. -H. Lee","School of Electrical and Computer Engineering, Georgia Institute of Technology, USA; School of Electrical and Computer Engineering, Georgia Institute of Technology, USA; Brookhaven National Laboratory, NY, USA; IBM Research, Yorktown Heights, NY, USA; School of Electrical and Computer Engineering, Georgia Institute of Technology, USA; School of Electrical and Computer Engineering, Georgia Institute of Technology, USA; School of Electrical and Computer Engineering, Georgia Institute of Technology, USA","ICASSP 2021 - 2021 IEEE International Conference on Acoustics, Speech and Signal Processing (ICASSP)","13 May 2021","2021","","","6523","6527","We propose a novel decentralized feature extraction approach in federated learning to address privacy-preservation issues for speech recognition. It is built upon a quantum convolutional neural network (QCNN) composed of a quantum circuit encoder for feature extraction, and a recurrent neural network (RNN) based end-to-end acoustic model (AM). To enhance model parameter protection in a decentralized architecture, an input speech is first up-streamed to a quantum computing server to extract Mel-spectrogram, and the corresponding convolutional features are encoded using a quantum circuit algorithm with random parameters. The encoded features are then down-streamed to the local RNN model for the final recognition. The proposed decentralized framework takes advantage of the quantum learning progress to secure models and to avoid privacy leakage attacks. Testing on the Google Speech Commands Dataset, the proposed QCNN encoder attains a competitive accuracy of 95.12% in a decentralized model, which is better than the previous architectures using centralized RNN models with convolutional features. We conduct an in-depth study of different quantum circuit encoder architectures to provide insights into designing QCNN-based feature extractors. Neural saliency analyses demonstrate a high correlation between the proposed QCNN features, class activation maps, and the input Mel-spectrogram. We provide an implementation1 for future studies.","2379-190X","978-1-7281-7605-5","10.1109/ICASSP39728.2021.9413453","","https://ieeexplore.ieee.org/stamp/stamp.jsp?arnumber=9413453","Acoustic Modeling;Quantum Machine Learning;Automatic Speech Recognition;and Federated Learning","Recurrent neural networks;Convolution;Computational modeling;Computer architecture;Predictive models;Feature extraction;Collaborative work","","137","","32","IEEE","13 May 2021","6-11 June 2021","6-11 June 2021","IEEE","IEEE Conferences"
"A New Quantum Circuits of Quantum Convolutional Neural Network for X-Ray Images Classification","M. Yousif; B. Al-Khateeb; B. Garcia-Zapirain","College of Computer Science and Information Technology, University of Anbar, Ramadi, Anbar, Iraq; College of Computer Science and Information Technology, University of Anbar, Ramadi, Anbar, Iraq; eVIDA Laboratory, University of Deusto, Bilbao, Spain",IEEE Access,"15 May 2024","2024","12","","65660","65671","A common model for classifying images is the convolutional neural network (CNN), which has the benefit of effectively using data correlation information. Despite their remarkable success, classical CNNs may face challenges in achieving further improvements in accuracy, computational efficiency, explainability, and generalization. However, if the specified data dimension or model grows too large, CNN becomes difficult to train effectively with a slowdown processing. In order to address a problem using CNN utilizing quantum computing, Quantum Convolutional Neural Network (QCNN) proposes a novel quantum solution or enhances the functionality of an existing learning model in terms of processing time during training. This paper presents a comparative analysis between classical Convolutional Neural Networks (CNNs) and a novel quantum circuit architecture tailored for image-based tasks, emphasizing the adaptability and versatility of quantum circuits in enhancing feature extraction capabilities and then final accuracy and processing time. A MNIST and covidx-cxr3 datasets was used to train quantum-CNN models, and the results of these comparisons were made with traditional CNN performance. The results demonstrate that the suggested QCNN beat the traditional CNN in terms of recognition accuracy and processing speed (process time) when combined with cutting-edge feature extraction techniques. This superiority is particularly evident when trained on the covidx-cxr3 dataset, highlighting the potential for quantum computing to revolutionize image classification tasks.","2169-3536","","10.1109/ACCESS.2024.3396411","This work was supported in part by the eVIDA Lab of the Depart?ment of Education of the Basque Country under Grant IT1536-22.; ","https://ieeexplore.ieee.org/stamp/stamp.jsp?arnumber=10517587","Quantum computing;quantum circuit;convolutional neural network;covid19;quantum convolution;quantum pooling;quantum convolutional neural network;image classification","Quantum computing;Convolutional neural networks;Quantum circuit;COVID-19;Computational modeling;Integrated circuit modeling;Biomedical imaging;Image classification","","23","","33","CCBYNCND","2 May 2024","2024","","IEEE","IEEE Journals"
"Spine Image Reconstruction and Lesion Classification Based on Transfer Learning and Quantum Convolutional Neural Network","A. Dastgir; W. Bin; J. Sheng; M. U. Saeed","School of Computer Science and Engineering, Central South University, Changsha, China; School of Computer Science and Engineering, Central South University, Changsha, China; School of Computer Science and Engineering, Central South University, Changsha, China; School of Computer Science and Engineering, Central South University, Changsha, China",2024 IEEE International Conference on High Performance Computing and Communications (HPCC),"23 Jul 2025","2024","","","1","6","Spine CT image reconstruction and lesion classification are crucial in diagnosing spine disorders, supporting treatment through automated lesion detection. Leveraging advancements in machine learning, this paper introduces a novel approach using transfer learning and a Quantum Convolutional Neural Network (QCNN) to improve accuracy in spine image analysis. First, the study applies MobileNetv2 and ResNet50-based transfer learning models for spine image reconstruction, comparing their results to select the best-performing model. For lesion classification, a QCNN model is proposed, with its outputs passed into a traditional neural network comprising convolutional, max-pooling, and residual layers. The proposed methods outperform prior models and other pre-trained machine learning classifiers, demonstrating enhanced accuracy and efficiency in spine lesion classification. This approach offers valuable support for radiologists, suggesting an efficient automated solution for identifying and classifying spinal lesions in CT images.","","979-8-3315-4046-3","10.1109/HPCC64274.2024.00012","","https://ieeexplore.ieee.org/stamp/stamp.jsp?arnumber=11083346","Spine Lesion;Deep Learning;Quantum Network;Transfer Learning","Deep learning;Accuracy;Computed tomography;Computational modeling;Transfer learning;Lesions;Convolutional neural networks;Quantum networks;Image reconstruction;Residual neural networks","","1","","20","IEEE","23 Jul 2025","13-15 Dec. 2024","13-15 Dec. 2024","IEEE","IEEE Conferences"
"Quantum Algorithms and Hybrid Solutions for Real-Time Vision Applications: Evaluation and Comparison","M. Seyfipoor; M. J. Samii Zafarqandi; S. Mohammadi","School of Electrical and Computer Engineering, University of Tehran, Tehran, Iran; Computer Engineering, University of Tehran, Tehran, Iran; Electrical and Computer Engineering, University of Tehran, Tehran, Iran",2024 11th International Symposium on Telecommunications (IST),"21 Jan 2025","2024","","","805","811","This paper presents an evaluation of various quantum algorithms for their potential application in real-time vision applications. By analyzing the underlying principles and mechanisms of key quantum algorithms, including those based on the Quantum Fourier Transform (QFT), amplitude amplification, quantum walks, and quantum optimization, the study aims to assess their suitability for enhancing vision tasks. The computational advantages offered by these quantum algorithms, such as speed and efficiency, are highlighted, particularly in comparison to classical approaches. Algorithms based on amplitude amplification, like Grover’s Algorithm and Quantum Counting, demonstrate significant promise for improving the accuracy and speed of object detection, especially in scenarios requiring real-time processing. Similarly, quantum walk algorithms show potential in navigating structured data efficiently, making them relevant for rapid detection tasks. The paper further explores the integration of quantum algorithms with classical techniques, emphasizing the development of hybrid models, such as Quantum Convolutional Neural Networks (QCNNs). Experimental comparisons between traditional Convolutional Neural Networks (CNNs) and QCNNs reveal that quantum-enhanced models may offer advantages in initial training phases, suggesting enhanced capabilities in feature extraction and pattern recognition. The results indicate that while quantum algorithms hold considerable promise for advancing the field of object detection, particularly in real-time applications, further research is needed to fully realize their potential. This study contributes to the growing field of quantum computing by providing a detailed analysis of how various quantum algorithms can be applied to complex data processing tasks in computer vision, offering new directions for the development of more efficient detection systems.","","979-8-3503-5625-0","10.1109/IST64061.2024.10843426","","https://ieeexplore.ieee.org/stamp/stamp.jsp?arnumber=10843426","Quantum;vision application;Hybrid Algorithms","Training;Quantum algorithm;Navigation;Object detection;Data processing;Quantum annealing;Real-time systems;Pattern recognition;Convolutional neural networks;Optimization","","1","","33","IEEE","21 Jan 2025","9-10 Oct. 2024","9-10 Oct. 2024","IEEE","IEEE Conferences"
"Hybrid Quantum Convolutional Neural Network for Myopathy Detection from EMG Signals","N. B. Agarwal; K. K. Makam; D. K. Yadav","Department of Computer Science and Engineering, S D Bansal College of Technology, Indore, India; IIT Inodre and HOD Informatics, MCTE, Mhow, Indore, India; Department of Computer Science and Engineering, Sage University, Indore, Inida","2025 IEEE 1st International Conference on Smart Innovations in Systems, Infrastructure, Mechanical, Power, AI and Computing Technologies (SISIMPACT)","26 Mar 2026","2025","","","1060","1065","Muscle weakening and degeneration are hallmarks of myopathy, a neuromuscular ailment that is difficult to identify since its symptoms can be confused with those of other disorders including neuropathy. Despite being a key diagnostic tool, electromyography (EMG) interpretation is frequently subjective and necessitates expert analysis. New developments in quantum computing allow for hybrid quantum-classical models that improve the processing of biomedical signals. This study introduces a system for automated myopathy identification using EMG signals that is based on Quantum Convolutional Neural Networks (QCNNs). Combining the durability of deep learning with quantum parallelism, the suggested design uses a conventional neural network for classification and quantum circuits for effective feature extraction. The QCNN outperforms both classical CNN and purely quantum baselines in accuracy, precision, recall, F1-score, and ROC-AUC, according to experimental results, which demonstrate that it reaches 96.99% accuracy. The viability of real-time clinical implementation was also assessed by analyzing inference time and qubit use. Although encouraging, issues with scalability-due to qubit constraints-model interpretability for clinical trust, and generalization to a variety of patient populations still exist. In the era of Noisy Intermediate-Scale Quantum (NISQ), this work shows how QCNNs can be used for medical diagnostics. It also lays the groundwork for further studies into multi-class classification, cross-modal learning, and deployment on actual quantum hardware.","","979-8-3315-5787-4","10.1109/SISIMPACT67725.2025.11439624","","https://ieeexplore.ieee.org/stamp/stamp.jsp?arnumber=11439624","Quantum Convolutional Neural Network (QCNN);Myopathy Detection;Electromyography (EMG);Neuromuscular Disorders;Quantum Machine Learning (QML);Biomedical Signal Processing;Explainable AI (XAI)","Neuromuscular;Computational modeling;Qubit;Quantum mechanics;Computer architecture;Feature extraction;Electromyography;Hardware;Convolutional neural networks;Integrated circuit modeling","","","","22","IEEE","26 Mar 2026","28-29 Nov. 2025","28-29 Nov. 2025","IEEE","IEEE Conferences"
"Quantum Convolutional Neural Network Framework for Efficient and Accurate Plant Disease Diagnosis","G. Jhansi; P. Sudhakar; C. C. Surya; A. K. Kumar; M. R. Chunduru; G. Satyanarayana","Department of AIML, Swarnandhra College of Engineering and Technology, Narsapur, India; Department of CSE, Ramachandra College of Engineering (A), Eluru, India; Department of AIML, Swarnandhra College of Engineering and Technology, Narsapur, India; Department of Mathematics, SRKR Engineering College, Bhimavaram, AP, India; Department of CSE, Koneru Lakshmaiah Educational Foundation Vaddeswaram Guntur Distric, AP, India; Department of CSE, Vasireddy Venkatadri International Technological University (VVITU) Nambur Guntur District, AP, India",2025 2nd International Conference on Electronic Circuits and Signaling Technologies (ICECST),"30 Dec 2025","2025","","","934","939","Plants are susceptible to numerous illnesses during their growth stages, rendering early diagnosis a significant challenge in contemporary agriculture. Not being able to find infections early on can greatly lower agricultural yields and hurt farmers' incomes. There are several new methods that use Machine Learning and Deep Learning to solve this problem; however they generally have low classification accuracy or need millions of trainable parameters, which makes them less efficient. To overcome these limitations, this study proposes a Quantum Convolutional Neural Network (QCNN) model for the automated detection of plant diseases. To the best of our knowledge, there is currently no literature that has investigated QCNNs for this purpose. This work employs the proposed approach to detect Bacterial Spot disease in peach plants utilizing leaf photos from the publicly accessible Plant Village dataset. The system only needs 9,914 trainable parameters to work, and it gets 94.96 % accuracy. These results show that QCNNs are good at predicting plant diseases and could be useful in other areas of agriculture as well.","","979-8-3315-9481-7","10.1109/ICECST66106.2025.11307653","","https://ieeexplore.ieee.org/stamp/stamp.jsp?arnumber=11307653","Plant Disease Detection;Quantum Convolutional Neural Network (QCNN);Plant Village Dataset;Bacterial Spot;Precision Agriculture;Lightweight Model","Deep learning;Plant diseases;Accuracy;Microorganisms;Quantum computing;Computational modeling;Plants (biology);Rendering (computer graphics);Convolutional neural networks;Internet of Things","","1","","21","IEEE","30 Dec 2025","23-25 Oct. 2025","23-25 Oct. 2025","IEEE","IEEE Conferences"
"A Study and Exploration of Hyperparameters in Quantum Convolutional Neural Networks","M. A. A. Ghazali; I. Syafalni; N. U. Maulidevi; R. Mulyawan","School of Electrical Engineering and Informatics, Bandung Institute of Technology, Indonesia; School of Electrical Engineering and Informatics, Bandung Institute of Technology, Indonesia; School of Electrical Engineering and Informatics, Bandung Institute of Technology, Indonesia; School of Electrical Engineering and Informatics, Bandung Institute of Technology, Indonesia",2025 International Symposium on Intelligent Signal Processing and Communication Systems (ISPACS),"19 Feb 2026","2025","","","1","6","While Quantum Convolutional Neural Networks (QCNNs) show great potential for image classification tasks, their application is hampered by the lack of systematic guidance for hyperparameter configuration. The selection process, which is often a matter of trial-and-error, leads to suboptimal and inefficient model performance. This research addresses this issue by constructing an experimental framework to perform a comprehensive sensitivity analysis of QCNN hyperparameters. Using a constrained grid search method, thousands of model configurations were evaluated on the MNIST, Fashion-MNIST, and CIFAR-10 datasets under two scenarios: an ideal environment and an environment with a realistic quantum noise model. Analysis using non-parametric statistical tests reveals that nearly all tested hyperparameter categories, including the optimizer, embedding method, ansatz architecture, reduction method, and cost function, have a statistically significant impact on performance. The choice of optimizer and data embedding method were found to be the two most crucial factors. A key finding of this study is that the choice of hyperparameters actively and significantly determines the model's robustness to noise, revealing a clear trade-off between optimal performance in ideal conditions and resilience in noisy ones. This research provides a practical, evidence-based guide that can help researchers prioritize tuning to achieve more effective and efficient QCNN performance.","2474-9745","979-8-3315-8066-7","10.1109/ISPACS68724.2025.11383323","","https://ieeexplore.ieee.org/stamp/stamp.jsp?arnumber=11383323","QCNN;Hyperparameter;Quantum Computing;Image Classification","Quantum computing;Systematics;Sensitivity analysis;Search methods;Noise;Robustness;Convolutional neural networks;Tuning;Image classification;Resilience","","","","10","IEEE","19 Feb 2026","4-7 Nov. 2025","4-7 Nov. 2025","IEEE","IEEE Conferences"
"Efficient Gate-Encoded Quantum Convolutional Neural Network with Channel Attention for Image Classification","Y. Lin; G. Yu; T. Zhu; X. Jiang","Department of Automation, University of Science and Technology of China, Hefei, China; Department of Automation, University of Science and Technology of China, Hefei, China; Department of Automation, University of Science and Technology of China, Hefei, China; Department of Automation, Hefei Comprehensive National Science Center, University of Science and Technology of China, the Institute of Artificial Intelligence, Hefei, China",2025 IEEE 37th International Conference on Tools with Artificial Intelligence (ICTAI),"15 Dec 2025","2025","","","536","543","This paper presents an improved Quantum Convolutional Neural Network (QCNN) architecture that overcomes key limitations of current quantum-classical hybrid models for image classification. To address challenges in expressivity and feature extraction on noisy intermediate-scale quantum (NISQ) devices, we propose two key innovations: (1) Gate Encoding Optimization, which reduces quantum bit (qubit) usage while retaining spatial information, and (2) Quantum Channel Attention (QCA), a novel attention mechanism tailored for hybrid QCNNs which utilizes measurement-driven feedback to capture inter-channel dependencies. Evaluated on the MNIST dataset, our model achieves 95.68 % accuracy—on par with classical CNNs (95.73 %) and significantly better than a baseline QCNN (93.23%)—while reducing parameters by 49.6 %. These results demonstrate the proposed model's effectiveness and practicality for quantum machine learning in the NISQ era.","2375-0197","979-8-3315-4919-0","10.1109/ICTAI66417.2025.00079","","https://ieeexplore.ieee.org/stamp/stamp.jsp?arnumber=11272566","Quantum Machine Learning;Quantum Neural Network;Machine Learning for Computer Vision","Technological innovation;Qubit;Quantum channels;Neural networks;Logic gates;Feature extraction;Convolutional neural networks;Noise measurement;Optimization;Image classification","","","","23","IEEE","15 Dec 2025","3-5 Nov. 2025","3-5 Nov. 2025","IEEE","IEEE Conferences"
"Distorted Edge Feature Extraction Using Quantum Convolutional Structure","Y. Mo; S. Lohani; M. Thornton","Electrical and Computer Engineering Electrical and Computer Engineering, Darwin Deason Institute for Cyber Security (SMU), Dallas, Texas, USA; Electrical and Computer Engineering Electrical and Computer Engineering, Darwin Deason Institute for Cyber Security (SMU), Dallas, Texas, USA; Darwin Deason Institute for Cyber Security, Southern Methodist University (SMU), Dallas, Texas, USA",2025 IEEE 18th Dallas Circuits and Systems Conference (DCAS),"25 Jun 2025","2025","","","1","6","Advancements in quantum information have significantly impacted the field of image processing, although challenges remain. In edge detection, image distortion often hinders the extraction of target boundaries. In this paper, we propose a method to extract distorted edge features by applying shallow layers in quantum convolutional neural networks (QCNN). By combining the advantages of quantum computing and the layered structure of convolutional neural networks (CNN), this approach addresses the problem and compares the extracted distorted pattern with the reference pattern, achieving a best matching ratio of 99.71 % in images interfered with impulse noise. Furthermore, we also compare the performance with the classical method and other quantum algorithms, our method gains a 97.19 % ratio.","2766-5186","979-8-3315-9934-8","10.1109/DCAS65331.2025.11045502","","https://ieeexplore.ieee.org/stamp/stamp.jsp?arnumber=11045502","edge detection;quantum convolutional structure;Cascade Controlled-X structure","Quantum algorithm;Circuits and systems;Image edge detection;Noise;Feature extraction;Distortion;Convolutional neural networks;Pattern matching","","4","","22","IEEE","25 Jun 2025","11-13 April 2025","11-13 April 2025","IEEE","IEEE Conferences"
"Corn Leaf Disease Detection using Quantum CNN","P. G. Arepalli; S. Chennamsetti; M. M. Poluri; S. Kumpati; R. K. Pulugujju; H. Karanki","Department of CSE, Vignan’s Nirula Institute of Technology and Science for Women, Guntur, India; Department of CSE, Vignan’s Nirula Institute of Technology and Science for Women, Guntur, India; Department of CSE, Vignan’s Nirula Institute of Technology and Science for Women, Guntur, India; Department of CSE, Vignan’s Nirula Institute of Technology and Science for Women, Guntur, India; Department of CSE, Vignan’s Nirula Institute of Technology and Science for Women, Guntur, India; Department of CSE, Vignan’s Nirula Institute of Technology and Science for Women, Guntur, India",2025 7th International Conference on Intelligent Sustainable Systems (ICISS),"16 Jul 2025","2025","","","1235","1239","Corn leaf diseases are one of the biggest challenges undermining crop productivity and ensuring global food security, so early and accurate identification is crucial for proper management of the crop. Although Dense CNN and GoogleNet achieved high accuracies of 98.06% and 98.7%, respectively, the models fail to capture more complex relationships and patterns related to various leaf diseases because they use classical deep learning architectures. But with large datasets, the potential comes only in optimizing feature extraction and classification processes. With this, a need arises to introduce Quantum Convolutional Neural Networks (QCNN), where the principle of quantum computing can be utilized to enhance the representation of features for better detection accuracy. The demonstration of our experiments showed that the QCNN achieves a detection accuracy of 99%, superior to both Dense CNN and GoogleNet. Agriculture.","","979-8-3315-2243-8","10.1109/ICISS63372.2025.11076546","","https://ieeexplore.ieee.org/stamp/stamp.jsp?arnumber=11076546","CNN;Quantum;Deep Learning;Corn leaf;Disease","Deep learning;Productivity;Accuracy;Quantum computing;Quantum entanglement;Crops;Food security;Feature extraction;Convolutional neural networks;Diseases","","1","","21","IEEE","16 Jul 2025","12-14 March 2025","12-14 March 2025","IEEE","IEEE Conferences"
"Towards Quantum Machine Learning for Malicious Code Analysis","J. Lopez; S. R. Nowmi; V. Cadena; M. S. Rahman","Department of Computer Science, University of Texas, El Paso, TX, USA; Department of Computer Science, University of Texas, El Paso, TX, USA; Department of Computer Science, University of Texas, El Paso, TX, USA; Department of Computer Science, University of Texas, El Paso, TX, USA",2025 IEEE International Conference on Quantum Computing and Engineering (QCE),"1 Dec 2025","2025","02","","211","216","Classical machine learning (CML) has been extensively studied for malware classification. With the emergence of quantum computing, quantum machine learning (QML) presents a paradigm-shifting opportunity to improve malware detection, though its application in this domain remains largely unexplored. In this study, we investigate two hybrid quantumclassical models - a Quantum Multilayer Perceptron (QMLP) and a Quantum Convolutional Neural Network (QCNN), for malware classification. Both models utilize angle embedding to encode malware features into quantum states. QMLP captures complex patterns through full qubit measurement and data reuploading, while QCNN achieves faster training via quantum convolution and pooling layers that reduce active qubits. We evaluate both models on five widely used malware datasets -API-Graph, EMBER-Domain, EMBER-Class, AZ-Domain, and AZ-Class, across binary and multiclass classification tasks. Our results show high accuracy for binary classification $\mathbf{9 5 - 9 6 \%}$ on API-Graph, 91-92% on AZ-Domain, and $\mathbf{7 7 \%}$ on EMBER-Domain. In multiclass settings, accuracy ranges from 91.6-95.7% on API-Graph, 41.7-93.6% on AZ-Class, and 60.7-88.1% on EMBER-Class. Overall, QMLP outperforms QCNN in complex multiclass tasks, while QCNN offers improved training efficiency at the cost of reduced accuracy.","","979-8-3315-5736-2","10.1109/QCE65121.2025.10321","","https://ieeexplore.ieee.org/stamp/stamp.jsp?arnumber=11249907","Quantum Machine Learning;Malware Classification;Windows Malware;Android Malware;Hybrid QuantumClassical Models;","Training;Dimensionality reduction;Quantum computing;Accuracy;Computational modeling;Qubit;Quantum state;Multilayer perceptrons;Malware;Quantum simulation","","","","33","IEEE","1 Dec 2025","30 Aug.-5 Sept. 2025","30 Aug.-5 Sept. 2025","IEEE","IEEE Conferences"
"A Quantum Convolutional Neural Network for Image Classification","Y. Lü; Q. Gao; J. Lü; M. Ogorzałek; J. Zheng","Beihang University, Beijing, P. R. China; Beihang University, Beijing, P. R. China; Beihang University, Beijing, P. R. China; Department of Information Technologies, Jagiellonian University, Kraków, Poland; Beihang University, Beijing, P. R. China",2021 40th Chinese Control Conference (CCC),"6 Oct 2021","2021","","","6329","6334","Artificial neural networks have achieved great success in many fields ranging from image recognition to video understanding. However, its high requirements for computing and memory resources have limited further development on processing big data with high dimensions. In recent years, advances in quantum computing show that building neural networks on quantum processors is a potential solution to this problem. In this paper, we propose a novel neural network model named Quantum Convolutional Neural Network (QCNN), aiming at utilizing the computing power of quantum systems to accelerate classical machine learning tasks. The designed QCNN is based on implementable quantum circuits and has a similar structure as classical convolutional neural networks. Numerical simulation results on the MNIST dataset demonstrate the effectiveness of our model.","1934-1768","978-9-8815-6380-4","10.23919/CCC52363.2021.9550027","National Natural Science Foundation of China; ","https://ieeexplore.ieee.org/stamp/stamp.jsp?arnumber=9550027","Quantum Computing;Machine Learning;Neural Network;Quantum Convolutional Neural Network","Quantum system;Program processors;Computational modeling;Quantum state;Numerical models;Convolutional neural networks;Integrated circuit modeling","","18","","35","","6 Oct 2021","26-28 July 2021","26-28 July 2021","IEEE","IEEE Conferences"
"Predicting DNA Toehold-Mediated Strand Displacement Rate Constants Using a Quantum Convolutional Neural Network","V. Vancea","Faculty of Mathematics and Computer Science, University of Bucharest, Bucharest, Romania",2025 27th International Symposium on Symbolic and Numeric Algorithms for Scientific Computing (SYNASC),"21 Apr 2026","2025","","","244","252","Dynamic DNA nanotechnology enables applications in biosensing, molecular computing, and nanorobotics. Toeholdmediated strand displacement (TMSD) is a key mechanism in these systems. In this study, we replace a classical convolutional neural network (CNN) with a quantum convolutional neural network (QCNN), leveraging TensorFlow Quantum (TFQ) to predict TMSD rate constants ($\boldsymbol{k}_{\mathbf{1}}$). Using a dataset of $\mathbf{4 4 5 0}$ DNA sequences with simulated $\boldsymbol{k}_{\mathbf{1}}$ values, we combine DNA-BERT embeddings with nucleotide availability and GC affinity features. The proposed QCNN model demonstrates strong performance, achieving an RMSE of 0.79 and $\mathbf{R}^{\mathbf{2}}$ of 0.74, comparable to the classical CNN. This demonstrates the promise of hybrid quantumclassical machine learning in the field of DNA nanotechnology.","2470-881X","979-8-3315-9011-6","10.1109/SYNASC69064.2025.00040","","https://ieeexplore.ieee.org/stamp/stamp.jsp?arnumber=11479539","DNA nanotechnology;DNA-BERT;Deep learning;Toehold-mediated strand displacement;Quantum convolutional neural network","Payloads;Circuits;Quantum circuit;Filtering;Logic gates;Filters;System-on-chip;Circuits and systems;Logic circuits;Central Processing Unit","","","","39","IEEE","21 Apr 2026","22-25 Sept. 2025","22-25 Sept. 2025","IEEE","IEEE Conferences"
"ALS Detection Framework Based on Automatic Singular Spectrum Analysis and Quantum Convolutional Neural Network From EMG Signals","K. K. Makam; V. K. Singh; R. B. Pachori","Department of Electrical Engineering, Indian Institute of Technology Indore, Indore, India; Department of Electrical Engineering, Indian Institute of Technology Indore, Indore, India; Department of Electrical Engineering, Indian Institute of Technology Indore, Indore, India",IEEE Sensors Letters,"6 Sep 2024","2024","8","9","1","4","Electromyogram (EMG) signals are recordings of the electrical activity in muscles, which are studied due to their informative nature regarding neuromuscular disorders. Analysis of EMG signals is invaluable for identifying various neuromuscular conditions. In this letter, an automatic singular spectrum analysis (Auto-SSA) and quantum convolutional neural network (QCNN)-based framework is proposed for the detection of amyotrophic lateral sclerosis (ALS) using EMG signals. The Auto-SSA effectively decomposes the EMG signals into reconstructed components, from which the particle swarm optimization extracts the most significant features. The QCNN classifies the extracted features for efficient ALS detection. The proposed framework outperforms the compared state-of-the-art ALS detection frameworks, achieving a testing accuracy of 98.50%. With the obtained performance, the proposed framework could be a valuable diagnostic tool for ALS neuromuscular conditions.","2475-1472","","10.1109/LSENS.2024.3449369","","https://ieeexplore.ieee.org/stamp/stamp.jsp?arnumber=10646470","Sensor applications;amyotrophic lateral sclerosis (ALS) identification;and quantum machine learning;automatic singular spectrum analysis (Auto-SSA);electromyogram (EMG);particle swarm optimization (PSO);quantum convolutional neural network (QCNN)","Electromyography;Training;Feature extraction;Testing;Sensors;Accuracy;Machine learning","","8","","19","IEEE","26 Aug 2024","Sept. 2024","","IEEE","IEEE Journals"
"Quantum Convolutional Neural Network-based Online Malware File Detection for Smart Grid Devices","A. R. Akash; B. Ahn; A. Jenkins; A. Khot; L. Silva; H. Tavares-Vengas; T. Kim","Electrical Engineering and Computer Science, Texas A&M University-Kingsville, Kingsville, TX, USA; Electrical Engineering and Computer Science, Texas A&M University-Kingsville, Kingsville, TX, 78363 USA; Electrical Engineering and Computer Science, Texas A&M University-Kingsville, Kingsville, TX, 78363 USA; Electrical Engineering and Computer Science, Texas A&M University-Kingsville, Kingsville, TX, 78363 USA; Electrical Engineering and Computer Science, Texas A&M University-Kingsville, Kingsville, TX, 78363 USA; Electrical Engineering and Computer Science, Texas A&M University-Kingsville, Kingsville, TX, 78363 USA; Electrical Engineering and Computer Science, Texas A&M University-Kingsville, Kingsville, TX, 78363 USA",2023 IEEE Design Methodologies Conference (DMC),"29 Jan 2024","2023","","","1","5","Cybersecurity concerns have arisen due to extensive information exchange among networked smart grid devices which also employ seamless firmware update. An outstanding issue is the presence of malware-injected malicious devices at the grid edge which can cause severe disturbances to grid operations and propagate malware on the power grid. This paper proposes a cloud-based, device-specific malware file detection system for smart grid devices. In the proposed system, a quantum-convolutional neural network (QCNN) with a deep transfer learning (DTL) is designed and implemented in a cloud platform to detect malware files targeting various smart grid devices. The proposed QCNN algorithm incorporates quantum circuits to extract more features from the malware image files than the filter in conventional CNNs and the DTL method to improve detection accuracy for different types of devices (e.g., processor architecture and operating systems). The proposed algorithm is implemented in the IBM Watson Studio cloud platform that utilizes IBM Quantum processor. The experimental results validate that the proposed malware file detection method significantly improves the malware file detection rates compared to the conventional CNN-based method.","","979-8-3503-1554-7","10.1109/DMC58182.2023.10412597","","https://ieeexplore.ieee.org/stamp/stamp.jsp?arnumber=10412597","cybersecurity;deep transfer learning;cybersecurity;malware detection;quantum convolutional neural network;smart grid devices","Transfer learning;Feature extraction;Malware;Smart grids;Convolutional neural networks;Computer security;Quantum circuit","","4","","22","IEEE","29 Jan 2024","24-26 Sept. 2023","24-26 Sept. 2023","IEEE","IEEE Conferences"
"Eye Movement Detection Based on SM-SSA and Quantum CNN from EMG of EOM Signals","K. K. Makam; V. K. Singh; R. B. Pachori","Department of Electrical Engineering, Indian Institute of Technology Indore, Indore, India; Department of Electrical Engineering, Indian Institute of Technology Indore, Indore, India; Department of Electrical Engineering, Indian Institute of Technology Indore, Indore, India",IEEE Sensors Letters,"11 Apr 2025","2025","9","5","1","4","Analysis and classification of electromyogram (EMG) signals are pivotal for developing assistive technologies. These signals are nonstationary in nature and require nonstationary signal processing methods for their analysis. In this study, the sliding mode singular spectrum analysis (SM-SSA) method is considered for analysis of EMG of extraocular muscles (EOM) signals. Furthermore, we propose a new framework combining SM-SSA and quantum convolutional neural network (QCNN) for the task of eye movement detection. The SM-SSA decomposes EMG of EOM signals into its constituent components from which features are extracted. The neighborhood component analysis is used to obtain the optimal set of features which are classified into different eye movement classes using QCNN classifier. The proposed framework achieved a classification accuracy of 98.70%, outperforming compared methods from literature.","2475-1472","","10.1109/LSENS.2025.3550346","","https://ieeexplore.ieee.org/stamp/stamp.jsp?arnumber=10923688","Sensor applications;electromyogram (EMG) of extraocular muscles (EOM);neighborhood components analysis;quantum convolutional neural networks (QCNNs);sliding mode singular spectrum analysis (SM-SSA)","Feature extraction;Electromyography;Entropy;Muscles;Data mining;Complexity theory;Accuracy;Spectral analysis;Machine learning algorithms;Decoding","","2","","24","IEEE","12 Mar 2025","May 2025","","IEEE","IEEE Journals"
"Quantum Convolutional Neural Network based on Variational Quantum Fuzzy Inference","F. Zheng; Z. Liu; S. Zhang","School of Cyberspace Security, Chengdu University of Information Technology, Chengdu, China; School of Cyberspace Security, Chengdu University of Information Technology, Chengdu, China; School of Cyberspace Security, Chengdu University of Information Technology, Chengdu, China","2024 5th International Conference on Information Science, Parallel and Distributed Systems (ISPDS)","12 Sep 2024","2024","","","629","632","In recent years, with the rapid development of quantum technology, quantum machine learning has attracted wide attention. In this paper, we propose a novel quantum machine learning model which introduces variational quantum gates in the quantum fuzzy inference circuits, and adjusts the variational gate parameters to automatically learn fuzzy rules for data classification through quantum machine learning training. Comparison results on the iris dataset show that our variational quantum fuzzy inference quantum convolutional neural network (VQFI-QCNN) outperforms classical multi layer perceptron (MLP) neural networks with a similar number of parameters, demonstrating the potential advantages of quantum. Due to the better results on the iris structured dataset, our VQFI-QCNN deserves further investigation, and as the number of quantum bits available for quantum computers increases, our method may also be applied in the future to efficiently classify structured data in mega data.","","979-8-3503-5271-9","10.1109/ISPDS62779.2024.10667586","National Natural Science Foundation of China; Research and Development; Research and Development; Research and Development; ","https://ieeexplore.ieee.org/stamp/stamp.jsp?arnumber=10667586","parameterized quantum circuits;quantum fuzzy inference;quantum convolutional neural network;artificial intelligence;parallel computing","Fuzzy logic;Training;Iris;Quantum computing;Neural networks;Distributed databases;Machine learning","","1","","10","IEEE","12 Sep 2024","31 May-2 June 2024","31 May-2 June 2024","IEEE","IEEE Conferences"
"Dark Web Image Classification Using Quantum Convolutional Neural Network","A. Dalvi; S. Bhoir; I. Siddavatam; S. G. Bhirud","Department of Computer Engineering, Veermata Jijabai Technological Institute, India; Department of Information Technology, K. J. Somaiya College of Engineering, India; Department of Information Technology, K. J. Somaiya College of Engineering, India; Department of Computer Engineering, Veermata Jijabai Technological Institute, India",2022 International Conference on Trends in Quantum Computing and Emerging Business Technologies (TQCEBT),"14 Feb 2023","2022","","","1","5","Researchers have investigated the dark web for various purposes and with various approaches. Most of the dark web data investigation focused on analysing text collected from HTML pages of websites hosted on the dark web. In addition, researchers have documented work on dark web image data analysis for a specific domain, such as identifying and analyzing Child Sexual Abusive Material (CSAM) on the dark web. However, image data from dark web marketplace postings and forums could also be helpful in forensic analysis of the dark web investigation.The presented work attempts to conduct image classification on classes other than CSAM. Nevertheless, manually scanning thousands of websites from the dark web for visual evidence of criminal activity is time and resource intensive. Therefore, the proposed work presented the use of quantum computing to classify the images using a Quantum Convolutional Neural Network (QCNN). Authors classified dark web images into four categories alcohol, drugs, devices, and cards. The provided dataset used for work discussed in the paper consists of around 1242 images. The image dataset combines an open source dataset and data collected by authors. The paper discussed the implementation of QCNN and offered related performance measures.","","978-1-6654-5361-5","10.1109/TQCEBT54229.2022.10041625","","https://ieeexplore.ieee.org/stamp/stamp.jsp?arnumber=10041625","Dark Web;Marketplace Images;Quantum Circuit;Quantum Computing for Cyber Security;Quantum Convolutional Neural Network","Performance evaluation;Drugs;Visualization;Dark Web;Quantum computing;Forensics;Market research","","1","","17","IEEE","14 Feb 2023","13-15 Oct. 2022","13-15 Oct. 2022","IEEE","IEEE Conferences"
"Quantum-Enhanced YOLOv8 for Intelligent Safety Helmet Detection on Construction Sites","L. -C. Hung; K. -C. Hsu; C. Yu-Ming","Dept. of Electrical Engineering, Cheng Shiu University, Kaohsiung, Taiwan; Dept. of Electrical Engineering, Cheng Shiu University, Kaohsiung, Taiwan; Dept. of Electrical Engineering, Cheng Shiu University, Kaohsiung, Taiwan",2025 13th International Conference on Orange Technology (ICOT),"12 Mar 2026","2025","","","1","4","This paper presents construction site safety is a critical challenge, particularly in monitoring personnel compliance with protective equipment such as safety helmets. Traditional object detection methods, including classical YOLOv8, achieve high accuracy in standard scenarios but often struggle under complex environments characterized by small object sizes, occlusions, variable lighting, and dense human presence. This study proposes a hybrid quantum-classical approach by integrating a quantum convolutional neural network (QCNN) with YOLOv8 for enhanced safety helmet detection. The QCNN module leverages quantum superposition and entanglement to encode and extract high-dimensional feature representations from input images, effectively capturing subtle patterns that may be missed by classical convolutional layers. The quantum features are fused with classical CNN features and processed through YOLOv8’s neck and head layers to predict bounding boxes, class labels, and object confidence. Experimental evaluation demonstrates that the proposed Quantum YOLOv8 framework improves small-object detection, enhances robustness against occlusion and lighting variations, and maintains high detection accuracy in dense, cluttered environments.","","979-8-3315-8183-1","10.1109/ICOT68409.2025.11425369","","https://ieeexplore.ieee.org/stamp/stamp.jsp?arnumber=11425369","Quantum;olov8;Q NN;Neural Network","Deep learning;Quantum entanglement;Lighting;Object detection;Helmets;Feature extraction;Probabilistic logic;Real-time systems;Robustness;Safety","","","","21","IEEE","12 Mar 2026","1-3 Dec. 2025","1-3 Dec. 2025","IEEE","IEEE Conferences"
"Hybrid Quantum Convolutional Neural Networks in TensorFlow Quantum","B. Khurelsukh","School of Electrical and Electronic Engineering, University College Dublin, Dublin, Ireland",2022 33rd Irish Signals and Systems Conference (ISSC),"19 Jul 2022","2022","","","1","7","This paper presents a quantum convolutional neural network (QCNN) that classifies the happy and sad emotions from the fabled facial emotion recognition dataset (FER), FER-2013. The model uses the data re-uploading concept on the qubit(s) of the parameterized quantum circuits (PQCs) in the quantum convolutional layer of the hybrid QCNN model, which achieved a 70.25 % validation accuracy on the test set. Later, a model averaging ensemble approach was implemented which yielded results motivating further investigation.","2688-1454","978-1-6654-5227-4","10.1109/ISSC55427.2022.9826145","","https://ieeexplore.ieee.org/stamp/stamp.jsp?arnumber=9826145","QCNN;FER","Emotion recognition;Convolution;Qubit;Data models;Convolutional neural networks;Integrated circuit modeling;Task analysis","","3","","14","IEEE","19 Jul 2022","9-10 June 2022","9-10 June 2022","IEEE","IEEE Conferences"
"Medical Image Recognition for Breast Cancer Detection Using Hybrid Quantum-Classical Deep Learning","T. S. Lawrence; M. Margala; P. Chakrabarti; S. S. S; N. G","School of Computing and Informatics, University of Louisiana at Lafayette, USA; School of Computing and Informatics, University of Louisiana at Lafayette, USA; Department of Computer Science and Engineering, Sir Padampat Singhania University, Udaipur, Rajasthan, India; Department of Computer Science and Engineering, KG Reddy College of Engineering and Technology, Hyderabad, Telangana, India; Department of Computer Science and Engineering, Sathyabama Institute of Science and Technology, Chennai, Tamil Nadu, India",2025 International Conference on Emerging Engineering Technologies and Applications (IC-EETA),"9 Jun 2026","2025","","","829","833","One of the common and maybe fatal diseases harming women all around, breast cancer is one such condition. Accurate medical image analysis allows for early detection, which can greatly increase survival rates. Although they encounter challenges such as high computational expenses, poor data efficiency, and suboptimal feature extraction, conventional deep learning methods have produced promising results. By using quantum parallelism and entanglement to enable more quick and more complex computations, quantum computing provides a new approach to overcome these limitations. This paper intends to propose a hybrid quantum-classical deep learning model for the identification of breast cancer areas in mammographic images. The proposed method combines a quantum convolutional neural network (QCNN) with a classical convolutional neural network (CNN) to benefit from the advantages accompanying both classical and quantum processing. The hybrid model processes the mammogram data using classical pre-processing and quantum convolution layers; classification then follows with fully connected layers followed by classical pooling. The results of the MIAS dataset experiments indicate a classification accuracy of 98.4%, which is superior to the operation of traditional CNN and transfer learning-based models.","","979-8-3315-9566-1","10.1109/IC-EETA66496.2025.11548221","","https://ieeexplore.ieee.org/stamp/stamp.jsp?arnumber=11548221","Quantum computing;hybrid deep learning;breast cancer detection;quantum convolutional neural network;medical image analysis","Modeling;Breast cancer;Convolutional neural networks;Biomedical imaging;Accuracy;Printing;Joining processes;Convolution;Deep learning;Feature extraction","","","","16","IEEE","9 Jun 2026","6-8 Nov. 2025","6-8 Nov. 2025","IEEE","IEEE Conferences"
"A Novel Framework For Brain Disease Classification Using Quantum Convolutional Neural Network","S. Chandra; S. Saxena; S. Kumar; M. K. Chaube; N. K. Bodhey","Data Science and Artificial Intelligence, IIIT-Naya Raipur, Chhattisgarh, India; Data Science and Artificial Intelligence, IIIT-Naya Raipur, Chhattisgarh, India; Computer Science and Engineering, IIIT-Naya Raipur, Chhattisgarh, India; Mathematical Sciences, IIIT-Naya Raipur, Chhattisgarh, India; Radio-Diagnosis, All India Institute of Medical Sciences Raipur, Chhattisgarh, India",2022 IEEE International Women in Engineering (WIE) Conference on Electrical and Computer Engineering (WIECON-ECE),"19 Jun 2023","2022","","","346","351","More than 3,410 children and teens (under the age of 20) in India suffer from catastrophic brain disorders and the creation of abnormal brain cells each year, according to recent reports on the country’s rapid increase in brain ailments. It is difficult to quantify the survival rate of human patients due to the rarity, variability, and abnormal development of tumors. These patients cannot be accurately predicted using machine learning approaches for early diagnosis. These methods need a huge amount of discriminatory information and processing time based on annotated limited brain image datasets to classify diseases. To solve this problem, we proposed a novel model based on Quantum Convolutional Neural Network techniques for early diagnosis of tumors in a less invasive manner that may reduce the number of operations and more precisely define the kind of therapy needed. The proposed framework uses image processing techniques to remove noise and other specific artifacts from the brain images. After that, the processed images are segmented into distinct regions of interest using machine learning techniques. The suggested framework uses deep quantum approaches to identify brain disorders based on extracted discriminating characteristics from the brain images, such as textures and qubit features, enabling reliable prediction of brain disorders. The proposed system provided 93.99% accuracy for the accurate prediction of brain diseases using classical models and 88.7% accuracy using the Quantum Convolutional Neural Network (QCNN) model.","","979-8-3503-1156-3","10.1109/WIECON-ECE57977.2022.10150851","","https://ieeexplore.ieee.org/stamp/stamp.jsp?arnumber=10150851","Brain tumor;Quantum Machine Learning;neurological examination;meningioma;glioma","Computational modeling;Qubit;Machine learning;Predictive models;Brain modeling;Feature extraction;Convolutional neural networks","","7","","19","IEEE","19 Jun 2023","30-31 Dec. 2022","30-31 Dec. 2022","IEEE","IEEE Conferences"
"Stabilized classification control using multi-stage quantum convolutional neural networks for autonomous driving","E. J. Roh; S. Park; S. Jung; J. Kim","Department of Electrical and Computer Engineering, Korea University, Seoul 02841, Republic of Korea; Division of Computer Science, Sook-myung Women's University, Seoul 04310, Republic of Korea; Department of Electrical and Computer Engineering, Ajou University, Suwon 16499, Republic of Korea; Department of Electrical and Computer Engineering, Korea University, Seoul 02841, Republic of Korea",Journal of Communications and Networks,"26 Aug 2025","2025","27","4","264","272","Real-time processing with high classification accuracy is a fundamental requirement in autonomous driving systems. However, existing neural network models for classification often face a tradeoff between computational efficiency and accuracy, necessitating the development of advanced optimization methods to address this limitation. Additionally, dynamic driving environments offer opportunities to enhance classification performance by leveraging the principles of quantum computing, particularly the properties of superposition and entanglement. In response to these challenges, a multi-stage quantum convolutional neural network (MS-QCNN) approach is proposed, designed to improve image analysis performance by effectively utilizing the multi-stage structure of QCNN. A Lyapunov optimization framework is applied to achieve optimal performance, which maximizes time-averaged efficiency while ensuring system stability. This framework dynamically adjusts the MS-QCNN model in response to environmental variations, promoting enhanced queue stability and achieving optimal time-averaged performance.","1976-5541","","10.23919/JCN.2025.000021","","https://ieeexplore.ieee.org/stamp/stamp.jsp?arnumber=11142618","Autonomous driving;Lyapunov optimization;multi-stage quantum convolutional neural network","Quantum state;Convolution;Tensors;Optimization;Autonomous vehicles;Accuracy;Feature extraction;Real-time systems;Qubit;Computer architecture","","","","","","26 Aug 2025","Aug. 2025","","KICS","KICS Journals"
"Design of Superior Parameterized Quantum Circuits for Quantum Image Classification","S. Mishra; C. -Y. Tsai","Department of Electrical and Computer Engineering, Tamkang University, New Taipei City, Taiwan; Department of Electrical and Computer Engineering, Tamkang University, New Taipei City, Taiwan",2022 14th International Conference on Computer and Automation Engineering (ICCAE),"26 Apr 2022","2022","","","70","73","In this paper, we present a novel quantum neural network (QNN) algorithm enhanced with transfer learning to perform multi-class image classification. The proposed QNN extracts quantum image encoding measurements through the quantum state tomography framework and passes the sampled features through the classical neural network architecture to the proposed learnable parameterized quantum circuit (PQC) followed by gradient update via quantum backpropagation. We benchmark three different PQCs to demonstrate that our proposed algorithm outperforms similar classical CNN architecture in test accuracy on CIFAR10 and MNIST datasets. Present results more prominently establish the success of PQC designs which will be further used in the design of 2D quantum convolutional neural network (QCNN).","","978-1-6654-8380-3","10.1109/ICCAE55086.2022.9762420","Ministry of Science and Technology; ","https://ieeexplore.ieee.org/stamp/stamp.jsp?arnumber=9762420","quantum machine learning;parameterized quantum circuit;quantum neural network;image classification","Transfer learning;Neural networks;Computer architecture;Tomography;Feature extraction;Classification algorithms;Convolutional neural networks","","4","","33","IEEE","26 Apr 2022","25-27 March 2022","25-27 March 2022","IEEE","IEEE Conferences"
"Quantum Dilated Convolutional Neural Networks","Y. Chen","IBM Corporation, KIC Technology Center, Shanghai, China",IEEE Access,"28 Feb 2022","2022","10","","20240","20246","In recent years, with rapid progress in the development of quantum technologies, quantum machine learning has attracted a lot of interest. In particular, a family of hybrid quantum-classical neural networks, consisting of classical and quantum elements, has been massively explored for the purpose of improving the performance of classical neural networks. In this paper, we propose a novel hybrid quantum-classical algorithm called quantum dilated convolutional neural networks (QDCNNs). Our method extends the concept of dilated convolution, which has been widely applied in modern deep learning algorithms, to the context of hybrid neural networks. The proposed QDCNNs are able to capture larger context during the quantum convolution process while reducing the computational cost. We perform empirical experiments on MNIST and Fashion-MNIST datasets for the task of image recognition and demonstrate that QDCNN models generally enjoy better performances in terms of both accuracy and computation efficiency compared to existing quantum convolutional neural networks (QCNNs).","2169-3536","","10.1109/ACCESS.2022.3152213","","https://ieeexplore.ieee.org/stamp/stamp.jsp?arnumber=9715107","Quantum-classical neural networks;quantum dilated convolution;parameterized quantum circuits","Convolution;Encoding;Quantum computing;Quantum circuit;Logic gates;Qubit;Feature extraction","","35","","58","CCBY","16 Feb 2022","2022","","IEEE","IEEE Journals"
"Hybrid Quantum-Convolutional Neural Network With Spatial Attention for Accurate Classification of Maternal-Fetal Planes in Ultrasound Images","S. Priyadharshni; V. Ravi","School of Electronics Engineering, Vellore Institute of Technology, Chennai, India; Centre for Neuroinformatics, School of Electronics Engineering, Vellore Institute of Technology, Chennai, India",IEEE Access,"6 Nov 2025","2025","13","","188306","188325","Antenatal ultrasound (US) examination is the primary mode of assessment in fetal development and is considered completely safe for both the mother and the baby. However, ultrasound scans are subject to disturbances by various factors, which complicate the fetal biometry measurements and demand more of the examiner’s time. To enhance the diagnostic efficiency of fetal plane classification for detecting abnormalities and to optimize computational efficiency, a model utilizing quantum computation to accelerate processing speeds in a practical healthcare environment is proposed. A Hybrid Quantum-Convolutional Neural Network with Spatial Attention for Fetal Ultrasound Plane Classification (HQ-CNN-SA) is developed for accurate classification of maternal-fetal planes in ultrasound images is designed for two approaches: 1) classification of pre-processed low-resolution images using HQ-CNN-SA, and 2) extraction of deep features from high-resolution images by a deep learning model, followed by HQ-CNN-SA classification. It integrates quantum and classical convolution with attention techniques to classify maternal-fetal plane ultrasound images into six categories: maternal cervix, brain, abdomen, femur, thorax, and other. Experimental findings indicate that the low-resolution HQ-CNN-SA model achieves 93% classification accuracy,whereas the high-resolution deep feature-based HQ-CNN-SA scored 95.36% accuracy. Therefore, it effectively handles resolution variability in ultrasound images and improves the reliability of fetal plane classification by supporting more consistent clinical decision-making.","2169-3536","","10.1109/ACCESS.2025.3625205","","https://ieeexplore.ieee.org/stamp/stamp.jsp?arnumber=11220236","Fetal plane classification;maternal-fetal ultrasound images;quantum convolutional neural networks;multi-resolution;quantum computing;medical image processing;deep learning","Accuracy;Ultrasonic imaging;Deep learning;Convolutional neural networks;Transformers;Feature extraction;Pediatrics;Head;Biological system modeling;Quantum computing","","1","","70","CCBY","28 Oct 2025","2025","","IEEE","IEEE Journals"
"Hybrid Quantum-CNN Framework for Secure, Robust, and Efficient IoT Localization under Adversarial Signal Attacks","M. Jabberi; A. Hakiri; B. Sellami; A. M. Alimi","ISSAT Mateur, University of Carthage, Mateur, Tunisia; E2S, UPPA, LIUPPA, College STEE, University of Pau & Pays de l’Adour, Anglet, France; UMR Espace-Dev, University of Perpignan via Domitia, Perpignan, France; ISSAT Mateur, University of Carthage, Mateur, Tunisia",2025 14th IFIP/IEEE International Conference on Performance Evaluation and Modeling in Wired and Wireless Networks (PEMWN),"29 Dec 2025","2025","","","1","6","Accurate and secure localization is critical for mission-critical IoT applications, yet networks remain vulnerable to attacks such as Neutralization-Inspired Fake Signal (NIFS) attacks. We address accurate positioning under adversarial conditions while respecting latency and energy constraints. We formulate a secure localization problem optimizing accuracy, cryptographic overhead (Ed25519), and robustness against malicious anchors, and propose a Hybrid Quantum-Convolutional Neural Network (HQC-NN) with K-Means clustering for region-specific specialization. The framework integrates cryptographic verification and monitors performance, energy, and security metrics. Simulations show that HQC-NN and HQC-NN-KMeans outperform CNN and CNN-KMeans baselines in accuracy, efficiency, latency, and attack detection, demonstrating their potential for resilient IoT localization.","","978-3-903176-76-8","10.23919/PEMWN67312.2025.11304017","Ministry of Higher Education and Scientific Research; CHIST-ERA; ","https://ieeexplore.ieee.org/stamp/stamp.jsp?arnumber=11304017","Secure Localization;Adversarial Resilience;Hybrid Quantum-CNN (HQC-NN);IoT Energy Efficiency;NIFS Attack Mitigation;Real-Time Localization","Location awareness;Accuracy;Wireless networks;Scalability;Real-time systems;Energy efficiency;Robustness;Internet of Things;Cryptography;Resilience","","","","21","","29 Dec 2025","25-27 Nov. 2025","25-27 Nov. 2025","IEEE","IEEE Conferences"
"Research on Object Detection Model Based on Quantum Convolutional Neural Network","H. Gao","Harbin Institute of Petroleum, Harbin City, Heilongjiang Province, China","2025 IEEE 7th International Conference on Power, Intelligent Computing and Systems (ICPICS)","28 Jan 2026","2025","","","937","941","In recent years, object detection technology has undergone substantial evolution within the realms of deep learning and computer vision, particularly owing to the extensive utilization of traditional convolutional neural networks (CNNs). These technologies perform well in a variety of applications, such as autonomous driving, security monitoring, and medical image analysis. However, traditional CNNS face many challenges when dealing with complex scenes and small target detection, such as background interference, target scale change and occlusion. In this paper, a novel Hybrid model, Hybrid Quantum-Cascade FPN, is proposed, which cleverly combines the advantages of Quantum convolutional neural network (QCNN) and classical CNN. The design of Hybrid quantum-Cascade FPN model is divided into three key stages: first, the Quantum coarse screening stage, which quickly extracts low-level features through quantum feature coding; Next is the quantum-classical feature fusion stage, which uses the parallelism of quantum computing and the structural advantages of classical networks to carry out multi-scale feature fusion. The last is the classical fine-tuning stage, which further optimizes the model to improve the high-level semantic analysis ability. Experiments on multiple data sets show that the model performs well in both detection accuracy and inference speed, especially in complex background and small target detection tasks.","2834-8567","979-8-3315-2633-7","10.1109/ICPICS66386.2025.11347352","","https://ieeexplore.ieee.org/stamp/stamp.jsp?arnumber=11347352","Quantum Convolutional Neural Networks;Object Detection;Multi-Scale Feature Fusion","Quantum computing;Accuracy;Computational modeling;Semantics;Object detection;Feature extraction;Data models;Stability analysis;Convolutional neural networks;Faces","","","","12","IEEE","28 Jan 2026","29-31 Aug. 2025","29-31 Aug. 2025","IEEE","IEEE Conferences"
"A Parallel Quantum Feature Encoding Scheme for Effective Classical Data Classification in Quantum Convolutional Neural Networks","R. Mashtura; J. Mahmud; S. A. Fattah; M. Saquib","Faculty of CSE, BRAC University, Dhaka, Bangladesh; Faculty of CSE, BRAC University, Dhaka, Bangladesh; Dept. of EEE, Bangladesh University of Engineering and Technology (BUET), West Palashi, Dhaka, Bangladesh; Dept. of EE, University of Texas, Richardson, Texas, USA",TENCON 2023 - 2023 IEEE Region 10 Conference (TENCON),"22 Nov 2023","2023","","","1","5","Quantum machine learning is one of the most exciting new avenues in the world of artificial intelligence, especially because of the enormous computational power of quantum computers and the promise of the development of near error-free quantum computers in the not-so-distant future. For quantum algorithms to be used in real-life applications, quantum computers must be able to work with classical data. One of the key steps in quantum algorithms dealing with classical data is the encoding of classical data points to quantum states, which can then be processed by quantum gates. It is known that the type of encoding technique that works best for a particular network is dependent on the dataset being used. In this paper, a new parallel structure is proposed utilizing two encoding techniques, namely amplitude encoding and angle encoding, for effective classical data classification via quantum neural network. The paper further proposes a maximally expressible and entangled ansatz used to design a simple Quantum Convolutional Neural Network (QCNN) with only 32 parameters, that is used in the latter stages of the network and is kept the same across all encoding instances so that a comparison between the different encoding methods is possible. Extensive experimentation is carried out on two publicly available image datasets, namely MNIST and Fashion MNIST. The results show that the proposed method achieves better results than any of the encoding techniques deployed alone for binary classification.","2159-3450","979-8-3503-0219-6","10.1109/TENCON58879.2023.10322543","","https://ieeexplore.ieee.org/stamp/stamp.jsp?arnumber=10322543","Amplitude;Angle;Encoding;Quantum;Qubit","Computers;Quantum algorithm;Machine learning algorithms;Quantum entanglement;Qubit;Neural networks;Quantum state","","1","","13","IEEE","22 Nov 2023","31 Oct.-3 Nov. 2023","31 Oct.-3 Nov. 2023","IEEE","IEEE Conferences"
"IMEC: A Memory-Efficient Convolution Algorithm For Quantised Neural Network Accelerators","E. Wadhwa; S. Khandelwal; S. Shreejith","Department of Electronic and Electrical Engineering, Trinity College Dublin, Dublin, Ireland; Department of Electronic and Electrical Engineering, Trinity College Dublin, Dublin, Ireland; Department of Electronic and Electrical Engineering, Trinity College Dublin, Dublin, Ireland","2022 IEEE 33rd International Conference on Application-specific Systems, Architectures and Processors (ASAP)","17 Oct 2022","2022","","","115","121","Quantised convolution neural networks (QCNNs) on FPGAs have shown tremendous potential for deploying deep learning on resource constrained devices closer to the data source or in embedded applications. An essential building block of (Q)CNNs are the convolutional layers. FPGA implementations use modified versions of convolution kernels to reduce the resource overheads using variations of the sliding kernel algorithm. While these alleviate resource consumption to a certain degree, they still incur considerable (distributed) memory resources, requiring the use of larger FPGA devices with sufficient on-chip memory elements to implement deep QCNNs. In this paper, we present the Inverse Memory Efficient Convolution (IMEC) algorithm, a novel strategy to lower the memory consumption of convolutional layers in QCNNs. IMEC lowers the footprint of intermediate matrix buffers incurred within the convolutional layers and the multiply-accumulate (MAC) operators required at each layer through a series of data organisation and computational optimisations. We evaluate IMEC by integrating it into the BNN-PYNQ framework that can compile high-level QCNN representations to the FPGA bitstream. Our results show that IMEC can optimise memory footprint and the overall resource overhead of the convolutional layers by ~33% and ~20% (LUT and FF count) respectively, across multiple quantisation levels (1-bit to 8-bit), while maintaining identical inference accuracy as the state-of-the-art QCNN implementations.","2160-052X","978-1-6654-8308-7","10.1109/ASAP54787.2022.00027","","https://ieeexplore.ieee.org/stamp/stamp.jsp?arnumber=9912027","Inference Algorithms;Field Programmable Gate Arrays;Convolution Neural Networks","Quantization (signal);Convolution;Memory management;Neural networks;Systems architecture;Inference algorithms;Table lookup","","","","31","IEEE","17 Oct 2022","12-14 July 2022","12-14 July 2022","IEEE","IEEE Conferences"
"Advancing Earth Observation with Trainable Quanvolutional Neural Networks for Classification Tasks","F. Mauro; F. De Falco; A. Ceschini; G. Meoni; A. Sebastianelli; M. Panella; P. E. Gamba; S. L. Ullo","University of Sannio, Benevento, Italy; University of Rome ""La Sapienza"", Rome, Italy; University of Rome ""La Sapienza"", Rome, Italy; ESA ϕ-Lab, Frascati, Italy; ESA ϕ-Lab, Frascati, Italy; University of Rome ""La Sapienza"", Rome, Italy; University of Pavia, Italy; University of Sannio, Benevento, Italy",IGARSS 2025 - 2025 IEEE International Geoscience and Remote Sensing Symposium,"25 Nov 2025","2025","","","2630","2634","The growing complexity of Earth observation data demands innovative approaches for efficient processing and analysis. Quantum convolutional neural networks integrate quantum computing principles into classical deep learning architectures, offering enhanced feature extraction capabilities. Building on the Quanv4EO framework, this study introduces a trainable quanvolutional layer within a hybrid neural network, enabling dynamic parameter optimization during training. Experiments using the EuroSAT dataset demonstrate that the trainable quanvolution surpasses both its non-trainable quantum and the classical counterparts, achieving a higher accuracy value with fewer parameters. These findings underscore the potential of trainable quantum models for earth observation applications.","2153-7003","979-8-3315-0810-4","10.1109/IGARSS55030.2025.11243902","","https://ieeexplore.ieee.org/stamp/stamp.jsp?arnumber=11243902","Quantum Machine Learning;Quanvolution;Hybrid Quantum Neural Networks;Multispectral data","Training;Earth;Accuracy;Scalability;Neural networks;Qubit;Quantum circuit;Integrated circuit modeling;Optimization;Software development management","","1","","11","IEEE","25 Nov 2025","3-8 Aug. 2025","3-8 Aug. 2025","IEEE","IEEE Conferences"
"Quantum Computing Meets Medical Imaging: Advances in QML for MRI Classification","D. B. Sabale; M. B Narnaware","Walchand College of Engineering,Sangli, Sangli, India; Walchand College of Engineering,Sangli, Sangli, India",2025 International Conference on Future Technologies (ICFT),"21 Jan 2026","2025","","","1","8","Magnetic Resonance Imaging (MRI) plays a pivotal role in modern medical diagnostics due to its non-invasive nature, superior soft tissue contrast, and ability to generate high-resolution anatomical and functional images. However, the in-creasing volume, dimensionality, and complexity of MRI datasets present significant challenges for traditional machine learning (ML) approaches, which often struggle with high computational costs, limited scalability, overfitting on small datasets, and re-duced interpretability. These limitations necessitate exploring alternative paradigms capable of addressing the computational and analytical demands of next-generation medical imaging. This review explores the integration of Quantum Machine Learning (QML) into MRI classification workflows, highlighting its potential to overcome several constraints of classical methods by leveraging quantum phenomena such as superpo-sition, entanglement, and parallelism. We provide an overview of quantum computing fundamentals and analyze prominent QML architectures-including Variational Quantum Classifiers (VQCs), Quantum Convolutional Neural Networks (QCNNs), Quantum Support Vector Machines (QSVMs), and Quantum-Enhanced Neural Networks (QANNs)-focusing on their design, computational efficiency, and classification performance. Notably, QML models such as QCNNs and QSVMs achieve up to 98 Finally, we discuss current challenges, open research prob-lems, and emerging opportunities in QML for clinical imaging, including quantum-enhanced compression, federated learning, and explainable AI frameworks. Our analysis demonstrates that QML provides significant advantages in accuracy, efficiency, and interpretability for MRI-based diagnostics, establishing a path-way toward next-generation quantum-driven healthcare systems.","","979-8-3315-6815-3","10.1109/ICFT66708.2025.11336739","","https://ieeexplore.ieee.org/stamp/stamp.jsp?arnumber=11336739","Quantum Machine Learning;Magnetic Resonance Imaging;MRI Classification;Quantum Computing;Variational Quantum Classifiers;QCNN;Healthcare AI","Quantum computing;Protocols;Image coding;Reviews;Quantum entanglement;Magnetic resonance imaging;Data models;Convolutional neural networks;Medical diagnostic imaging;Next generation networking","","","","15","IEEE","21 Jan 2026","7-8 Nov. 2025","7-8 Nov. 2025","IEEE","IEEE Conferences"
"Quantum Convolutional Circuits for Earth Observation Image Classification","S. Y. Chang; B. L. Saux; S. Vallecorsa; M. Grossi","CERN Openlab, Geneva, Switzerland; European Space Agency (ESA) Φ-lab, Frascati, Italy; CERN Openlab, Geneva, Switzerland; CERN Openlab, Geneva, Switzerland",IGARSS 2022 - 2022 IEEE International Geoscience and Remote Sensing Symposium,"28 Sep 2022","2022","","","4907","4910","The amount of study on Quantum Machine Learning (QML) is increasing extensively due to its potential advantages in terms of representational power and computational resources. These advances suggest a possibility to extend its usage into the context of Earth Observations, where Machine Learning (ML) plays an important role due to its extensive amount of data to be manipulated. This paper presents our preliminary results of binary quantum classifiers, which consist of Quantum Convolutional Neural Networks (QCNNs), applied on Earth Observation datasets, EuroSAT and SAT4, with classically-reduced features. Especially, we compare the performance of different data embedding techniques and quantum circuits for binary classification tasks.","2153-7003","978-1-6654-2792-0","10.1109/IGARSS46834.2022.9883992","","https://ieeexplore.ieee.org/stamp/stamp.jsp?arnumber=9883992","","Earth;Training;Measurement;Neural networks;Machine learning;Planning;Integrated circuit modeling","","12","","7","IEEE","28 Sep 2022","17-22 July 2022","17-22 July 2022","IEEE","IEEE Conferences"
"Quantum CNN-GCN-Based Road Hazard Detection with Lyapunov Optimized Control","J. Heo; S. Park","Division of Computer Science, Sookmyung Women’s University, Seoul, Republic of Korea; Division of Computer Science, Sookmyung Women’s University, Seoul, Republic of Korea",2025 16th International Conference on Information and Communication Technology Convergence (ICTC),"19 Feb 2026","2025","","","1095","1099","While Cooperative Adaptive Cruise Control (CACC) enhances traffic efficiency by reducing inter-vehicle distances, shorter headways inevitably make it more challenging to respond promptly and reliably to unexpected road hazards. To address this issue, we assume a system in which Connected Vehicles (CVs) perform real-time hazard detection outside the CACC framework and disseminate the detection results to all vehicles through RSUs. To this end, we propose a lightweight model that integrates Graph Convolutional Networks (GCNs) and Quantum Convolutional Neural Networks (QCNNs), referred to as Quantum Graph-based Object Detection (QGOD), which exhibits a clear trade-off between detection accuracy and processing latency. Furthermore, the model incorporates a Lyapunov optimization-based control mechanism to dynamically adjust the model architecture according to traffic conditions, thereby maximizing the time-average performance.","2162-1241","979-8-3315-5678-5","10.1109/ICTC66702.2025.11388072","","https://ieeexplore.ieee.org/stamp/stamp.jsp?arnumber=11388072","","Connected vehicles;Graph convolutional networks;Roads;Object detection;Hazards;Real-time systems;Information and communication technology;Reliability;Cruise control;Convergence","","","","14","IEEE","19 Feb 2026","14-17 Oct. 2025","14-17 Oct. 2025","IEEE","IEEE Conferences"
"A Hybrid Quantum-Classical Neural Network for EEG-based Classification of Harmful Brain Activity","A. Rai; R. Walavalkar; S. Arora","MKSSS's Cummins College of Engineering for Women, Pune, India; MKSSS's Cummins College of Engineering for Women, Pune, India; MKSSS's Cummins College of Engineering for Women, Pune, India",2025 10th International Conference on Communication and Electronics Systems (ICCES),"21 Jan 2026","2025","","","583","588","Brain-computer interfaces are based on analysis of Electroencephalograph (EEG) signals. Four critical brain patterns are taken into consideration for the same; namely Seizure, LPD (Lateralised periodic discharges indicating focal brain injury), GPD (Generalised periodic discharges associated with diffuse cerebral dysfunction), and LRDA (Lateralised rhythmic delta activity suggests structural lesions) Neurological conditions are diagnosed using insights from this analysis. However, standard ML models face difficulty in analysing the complexity of working on this type of data recorded in waveforms. Thus, there is a need for a more efficient and structured pathway. This research paper presents Quantum Machine Learning (QML) as a novel approach to analyse EEG signals in the field of neuroscience. The objective of this algorithm is to obtain higher accuracy while decreasing training and prediction time, and reduction in the number of false alarms. The study showcases a Hybrid Quantum- Classical Neural Network (HQCNN) applied on the Harvard Medical School (HMS) Harmful Brain Activity Classification dataset. HQCNN is a combination of Quantum feature encoding and classical classification algorithm. When this HQCNN was put to test, it achieved a 96.5 % accuracy rate. This clearly outperformed a classical Random Forest ML model. From the results obtained, it was inferred that HQCNN training is 1.8 times quicker. When it comes to making predictions, it was 57 times faster. This tells us the HQCNN performs well in both aspects, speed and precision. This makes it a better fit as a practical tool for tackling complex biomedical signals like EEG in this case. Hence, this HQCNN is a prime candidate for diagnosing conditions from much larger and more noisier datasets as well.","","979-8-3315-9756-6","10.1109/ICCES67310.2025.11336255","","https://ieeexplore.ieee.org/stamp/stamp.jsp?arnumber=11336255","Quantum Machine Learning;Hybrid QuantumClassical Neural Networks;EEG Classification;Brain-Computer Interface;Neurological Diagnostics","Training;Accuracy;Biological system modeling;Brain modeling;Electroencephalography;Hardware;Brain-computer interfaces;Classification algorithms;Integrated circuit modeling;Biological neural networks","","","","9","IEEE","21 Jan 2026","28-30 Oct. 2025","28-30 Oct. 2025","IEEE","IEEE Conferences"
"Towards Robust Quantum Machine Learning","S. R. Nowmi; J. Lopez; M. M. A. Imon; V. Cadena; S. Pouryousef; M. S. Rahman","Department of Computer Science, University of Texas at El Paso, TX, USA; Department of Computer Science, University of Texas at El Paso, TX, USA; Department of Computer Science, University of Texas at El Paso, TX, USA; Department of Computer Science, University of Texas at El Paso, TX, USA; University of Massachusetts Amherst, Amherst, MA, USA; Department of Computer Science, University of Texas at El Paso, TX, USA",2025 IEEE International Conference on Quantum Computing and Engineering (QCE),"1 Dec 2025","2025","02","","632","633","Quantum Machine Learning (QML) fuses quantum computing with machine learning to address complex tasks with potential speedups over classical methods. While QML models such as variational quantum classifiers (QVC), quantum multilayer perceptron(QMLP) models and quantum convolutional neural networks (QCNN) have demonstrated promise in applications like image recognition and malware classification, they remain vulnerable to adversarial threats. Inspired by the vulnerabilities in classical ML, this work systematically investigates how attacks-ranging from training-time poisoning and inferencetime evasion (e.g., quantum versions of FGSM and PGD) to deployment-time trigger attacks-manifest in quantum circuits. We explore how classical adversarial strategies adapt to quantum models through parameterized encodings, hybrid architectures, and probabilistic outputs. The poster evaluates different quantum classifiers under adversarial settings, comparing their robustness, trainability, and resilience to perturbations. Defense mechanisms such as randomized encoding, engineered noise channels, and quantum adversarial training are analyzed in relation to specific threat types. In addition, we assess how quantum models behave differently than classical counterparts under attack, and how quantum-specific design constraints can either exacerbate or mitigate these effects. Our ultimate goal is to define and construct robust QML systems that are both theoretically sound and practically secure. By synthesizing results across multiple QML architectures and threat models, this work provides actionable insight into the development of resilient quantum classifiers, paving the way toward trustworthy and scalable quantum machine learning.","","979-8-3315-5736-2","10.1109/QCE65121.2025.10481","","https://ieeexplore.ieee.org/stamp/stamp.jsp?arnumber=11249839","quantum machine learning;robust;adversarial","Training;Threat modeling;Computational modeling;Noise;Machine learning;Computer architecture;Robustness;Encoding;Malware;Resilience","","1","","5","IEEE","1 Dec 2025","30 Aug.-5 Sept. 2025","30 Aug.-5 Sept. 2025","IEEE","IEEE Conferences"
"Leveraging Quantum Convolutional Neural Networks for Advanced Cancer Detection","G. Badereddine; H. Abdeljalil; D. Safia","Dept. Computer Sciences, Setif 1 University, Ferhat Abbas, Setif, Algeria; Dept. Computer Sciences, Setif 1 University, Ferhat Abbas, Setif, Algeria; Dept. Computer Sciences, Setif 1 University, Ferhat Abbas, Setif, Algeria",2025 International Conference on Networking and Advanced Systems (ICNAS),"23 Dec 2025","2025","","","1","5","Cancer remains one of the leading causes of mortality worldwide, making early and accurate detection a critical challenge in medicine. Recent advances in quantum computing have opened new avenues for enhancing machine learning techniques in medical imaging and diagnosis. In this work, we apply quantum machine learning models, including Quantum Convolutional Neural Networks (QCNN), to the task of breast cancer detection using ultrasound images. We designed and implemented a hybrid pipeline combining classical preprocessing techniques with quantum-enhanced classification. Our experiments were conducted on real medical imaging datasets, and the results demonstrate the potential of quantum approaches to improve diagnostic accuracy over classical baselines. This research lies at the intersection of quantum computing, artificial intelligence, and medical image analysis, and highlights the promise of quantum-enhanced methods in addressing complex healthcare problems.","","979-8-3315-6851-1","10.1109/ICNAS68168.2025.11298029","","https://ieeexplore.ieee.org/stamp/stamp.jsp?arnumber=11298029","Cancer Detection;Machine Learning;Deep Learning;Quantum Computing;Convolutional Neural Network (CNN);Quantum Machine Learning (QML);Quantum CNN","Quantum computing;Accuracy;Ultrasonic imaging;Image analysis;Pipelines;Mortality;Medical services;Cancer detection;Convolutional neural networks;Medical diagnostic imaging","","","","20","IEEE","23 Dec 2025","29-30 Oct. 2025","29-30 Oct. 2025","IEEE","IEEE Conferences"
"Quantum Machine Learning for Disease Prediction: A Comparative and Multimodal Study on Early-Stage and Chronic Conditions","N. Bahl; P. Singh; K. Singh","Department of CSE, Chandigarh University, Mohali, India; Department of CSE, Chandigarh University, Mohali, India; Department of CSE, Chandigarh University, Mohali, India",2025 IEEE International Conference on Emerging Trends in Computing and Communication (ETCOM),"26 Mar 2026","2025","","","1","5","Quantum Machine Learning (QML) is fast becoming a powerful instrument in medical diagnostics because it can process high-dimensional data and small samples efficiently. This paper is a detailed analysis of QML models used for disease prediction, with a relative comparison of Variational Quantum Classifiers (VQC), Quantum Convolutional Neural Networks (QCNN), and Quantum Support Vector Machines (QSVM) in clinical environments. We suggest a new multimodal quantumclassical hybrid approach that analyzes electronic health records (EHR), medical imaging, and biosignal data by means of dedicated QML pipelines with late fusion for ultimate decisionmaking. Recent IEEE literature is integrated in experimental performance glimpses to demonstrate the merits, difficulties, and viability of QML in real-world healthcare applications. The envisioned architecture provides the foundation for future applications of quantum-enhanced diagnostics with existing quantum simulators as well as emerging hardware.","","979-8-3315-8508-2","10.1109/ETCOM66606.2025.11436834","","https://ieeexplore.ieee.org/stamp/stamp.jsp?arnumber=11436834","Quantum Machine Learning;Disease Prediction;Multimodal Fusion;Quantum Support Vector Machine;Quantum Neural Networks;Variational Quantum Classifier;Healthcare AI;Medical Diagnosis","Support vector machines;Quantum computing;High dimensional data;Instruments;Pipelines;Neural networks;Predictive models;Market research;Medical diagnosis;Diseases","","","","8","IEEE","26 Mar 2026","28-29 Nov. 2025","28-29 Nov. 2025","IEEE","IEEE Conferences"
"A Novel Approach to Derma Quantum (Skin Disease Detection and Classification Using ResNet50 and QCNN)","H. Kumar; P. Sharma; A. Ajina; N. M. Kannal; U. Kumar","Dept. of Artificial Intelligence & Machine Learning, Ramaiah Institute of Technology, Bangalore, India; Dept. of Artificial Intelligence & Machine Learning, Ramaiah Institute of Technology, Bangalore, India; Dept. of Artificial Intelligence & Machine Learning, Ramaiah Institute of Technology, Bangalore, India; Dept. of Artificial Intelligence & Machine Learning, Ramaiah Institute of Technology, Bangalore, India; Dept. of Artificial Intelligence & Machine Learning, Ramaiah Institute of Technology, Bangalore, India",2024 2nd International Conference on Computing and Data Analytics (ICCDA),"10 Feb 2025","2024","","","1","6","Multiclass disease classification is a crucial task in medical diagnostics, but achieving high accuracy across diverse disease categories remains challenging. This paper presents a novel approach that integrates Quantum Convolutional Neural Networks (QCNN) with the ResNet architecture to enhance multiclass skin disease classification. The model utilizes quantum computing principles to improve feature extraction and classification performance. We evaluate the model on a dataset comprising 16 skin disease classes from the DermNet dataset, covering both common and rare conditions like acne, melanoma, Eczema, Seborrheic Keratoses, Tinea Ringworm, Bullous disease, Poison Ivy, Psoriasis, Vascular Tumors, etc. Experimental results demonstrate that our QCNN-ResNet model achieves a classification accuracy of 86%, significantly surpassing the 66% accuracy of traditional ResNet models. This improvement is attributed to the enhanced feature representation provided by quantum layers, which capture complex patterns in medical images more effectively. Furthermore, the model exhibits robustness to noisy data, maintaining high accuracy across varying image quality levels. These findings highlight the potential of quantumenhanced neural networks in advancing medical diagnostics. Future research will explore scaling the model to larger datasets and extending its application to other medical imaging domains.","","979-8-3315-4257-3","10.1109/ICCDA64887.2024.10867304","","https://ieeexplore.ieee.org/stamp/stamp.jsp?arnumber=10867304","skin disease;ResNet50;QCNN;quantum;health;deep learning","Accuracy;Quantum computing;Computational modeling;Computer architecture;Skin;Robustness;Medical diagnosis;Medical diagnostic imaging;Diseases;Residual neural networks","","1","","15","IEEE","10 Feb 2025","12-13 Nov. 2024","12-13 Nov. 2024","IEEE","IEEE Conferences"
"Quantum Machine Learning for Anomaly Detection in Brain Imaging Related to Mental Health","M. Kettani; A. Rguig; F. M. Abbou; F. Abdi; L. Bouanane; M. Bouhadda","School of Science and Engineering, Al Akhawayn University in Ifrane, Ifrane, Morocco; School of Science and Engineering, Al Akhawayn University in Ifrane, Ifrane, Morocco; School of Science and Engineering, Al Akhawayn University in Ifrane, Ifrane, Morocco; Faculty of Sciences and Technologies, Université Sidi Mohamed Ben Abdellah, Fes, Morocco; School of Science and Engineering, Al Akhawayn University in Ifrane, Ifrane, Morocco; Aadministration, Université Sidi Mohamed Ben Abdellah, Taza, Morocco",2025 International Conference on Intelligent Systems: Theories and Applications (SITA),"9 Dec 2025","2025","","","1","8","Brain imaging is a critical tool in mental health diagnostics, particularly for detecting anomalies associated with behavioral disorders, anxiety, depression, and neuropsychiatric conditions. Traditional deep learning approaches, such as Convolutional Neural Networks (CNNs), have shown promise in analyzing functional Magnetic Resonance Imaging (fMRI), but they often suffer from computational limitations, feature extraction inefficiencies, and generalization issues. Quantum Machine Learning (QML) offers a transformative solution by enhancing feature representation, improving classification accuracy, and exploiting the power of quantum computation for large-scale medical imaging datasets. In this paper, we explored the potential of quantum models for detecting anomalies in brain imaging. Using the UCLA Consortium for Neuropsychiatric Phenomics dataset, we compared quantum models, including the Variational Quantum Classifier (VQC), Quantum Convolutional Neural Network (QCNN), and Quantum Support Vector Machine (QSVM), with classical models like CNNs and the Support Vector Machine (SVM). Our results revealed that QSVM and VQC outperformed classical models, both achieving 92% accuracy and perfect recall (100%), making them highly effective at identifying positive cases-a critical requirement in clinical diagnostics. QCNN, while less accurate at 74%, still showed strong precision (90%) and an F1score of 85%, highlighting its potential where avoiding false positives is key. Classical models, in comparison, performed moderately well: SVM reached 87% accuracy and CNN achieved 83%, but both had lower precision and F 1 -scores, suggesting less consistent performance. These findings suggest that quantum models, especially VQC and QSVM, offer a promising advantage in neuroimaging-based mental health diagnostics.","","979-8-3315-5989-2","10.1109/SITA67914.2025.11273773","","https://ieeexplore.ieee.org/stamp/stamp.jsp?arnumber=11273773","Quantum Machine Learning;Anomaly Detection;Brain Imaging;MRI Imaging;Variational Quantum;Classifiers;Quantum Convolutional Neural Networks","Training;Neuroimaging;Support vector machines;Accuracy;Quantum computing;Quantum mechanics;Mental health;Functional magnetic resonance imaging;Brain modeling;Convolutional neural networks","","","","10","IEEE","9 Dec 2025","20-21 Oct. 2025","20-21 Oct. 2025","IEEE","IEEE Conferences"
"Large Language Model AI Text Generation Detection based on Transformer Deep Fast Quantum Convolutional Neural Networks","S. M; G. S. Prasanna kiruba; S. J; M. Aishwarya; S. Sathya; K. Geetha","Department of Computer Science and Engineering, Vel Tech Rangarajan Dr. Sagunthala R&D Institute of Science and Technology, Chennai, India; Department of Computer Technology, Bannari Amman Institute of Technology, Erode, India; Department of Computer Applications, Madanapalle Institute of Technology & Science, Madanapalle, India; Department of Computer Science and Engineering, Jerusalem College of Engineering, India; Department of Mathematics, Kongu engineering college, Erode, India; Department of Electrical and Engineering, Sri Sai Ranganathan Engineering College, Coimbatore, India",2025 6th International Conference on Inventive Research in Computing Applications (ICIRCA),"31 Jul 2025","2025","","","997","1003","As the use of AI-generated text increases, so does the need to identify such content and prevent such inappropriative intents such as misinformation, plagiarism, and unauthorized content generation. The Deep Fast Quantum Convolutional Neural Network (DF-QCNN) has become a promising model for such a use as quantum computing can help improve feature extraction and classification. But for the DF-QCNN, it is somewhat complex in the sense that the weight parameters optimization has to be done on a high dimension, non-concave space. Previous optimization approaches including first and second order gradient descent techniques often take long time for convergence, are sensitive to local minimum and thus provide low accuracy. To overcome these limitations, it is proposed to use a novel metaheuristic algorithm called the Crayfish Optimization Algorithm (CFO) based on the movement behavior of crayfish in a complex environment. CFO is well structured to exercise both exploration and exploitation and maintain efficient optimization of weight parameters. The integration of CFO with the proposed DF-QCNN enhances text detection accuracy, shortens convergence time as well as increases computational efficiency than by using of traditional approaches of optimization.","","979-8-3315-2142-4","10.1109/ICIRCA65293.2025.11089509","","https://ieeexplore.ieee.org/stamp/stamp.jsp?arnumber=11089509","Deep Fast Quantum Convolutional Neural Network;AI-generated text","Quantum computing;Accuracy;Computational modeling;Plagiarism;Feature extraction;Convolutional neural networks;Fake news;Optimization;Tuning;Convergence","","1","","15","IEEE","31 Jul 2025","25-27 June 2025","25-27 June 2025","IEEE","IEEE Conferences"
"Hybrid Quantum-Classical Neural Networks and its Hyperparameter Optimization-A Study","A. R; J. G. Dsa; A. R. S; S. A. Bhyratae","Department of Computer Science and Engineering, Sahyadri College of Engineering and Management, Adyar, Mangalore, India; Department of Computer Science and Engineering, Sahyadri College of Engineering and Management, Adyar, Mangalore, India; Department of Computer Science and Engineering, Sahyadri College of Engineering and Management, Adyar, Mangalore, India; Department of Computer Science and Engineering, Sahyadri College of Engineering and Management, Adyar, Mangalore, India","2024 International Conference on Computing, Semiconductor, Mechatronics, Intelligent Systems and Communications (COSMIC)","12 Feb 2025","2024","","","88","96","In recent years, the field of machine learning has witnessed a paradigm shift with the emergence of hybrid quantum-classical neural networks. These networks combine the power of classical neural networks with the computational advantages offered by quantum variational circuits. This study presents a comprehensive survey of hybrid quantum-classical machine learning algorithms, focusing on their architecture, performance, and hyperparameter optimization techniques. Introducing the concept of hybrid quantum-classical machine learning and its significance in contemporary image classification tasks. It explores the theoretical foundations of quantum variational circuits and their integration with classical neural network architectures. Special attention is given to prominent algorithms such as Quantum Convolutional Neural Networks, Quanvolutional Neural Networks, and Quantum ResNet, each offering unique advantages in image classification tasks. A major aspect covered in this study is the hyperparameter optimization techniques employed in hybrid quantum-classical machine learning. The chapter discusses quantum-inspired optimization methods tailored for efficiently tuning the hyperparameters of complex neural network models. Through comparative analysis, the effectiveness of these optimization techniques is demonstrated in reducing computational overhead and improving model performance. Moreover, the study also delves into experimental results obtained from benchmarking hybrid quantum-classical models against traditional classical approaches. It highlights the accuracy variations observed across different quantum architectures and explores the impact of architectural permutations on model convergence. Insights gained from these experiments provide valuable guidance for researchers and practitioners seeking to leverage hybrid quantum-classical neural networks in real-world applications.","","979-8-3315-1789-2","10.1109/COSMIC63293.2024.10871871","","https://ieeexplore.ieee.org/stamp/stamp.jsp?arnumber=10871871","Hybrid Quantum-Classical Neural Networks;Hyperparameter Optimization;Image Classification;Quantum Convolutional Neural Networks;Quantum Machine Learning;Quantum ResNet;Quanvolutional Neural Networks;Tensor Train Optimization","Machine learning algorithms;Accuracy;Computational modeling;Neural networks;Circuits;Computer architecture;Hyperparameter optimization;Convolutional neural networks;Tuning;Image classification","","1","","22","IEEE","12 Feb 2025","22-23 Nov. 2024","22-23 Nov. 2024","IEEE","IEEE Conferences"
"Real-Time Sign Language Translation System Using QCNN for Enhanced Accessibility","B. Venkatesh; D. Nagajyothi; P. D. Kumar; K. R. Teja","Department of ECE, Vardhaman College of Engineering, Hyderabad, India; Department of ECE, Vardhaman College of Engineering, Hyderabad, India; Department of ECE, Vardhaman College of Engineering, Hyderabad, India; Department of ECE, Vardhaman College of Engineering, Hyderabad, India",2025 International Conference on Inventive Computation Technologies (ICICT),"23 May 2025","2025","","","784","788","Sign language functions as the main form of communication which deaf and hard-to-hear people require to interact effectively. The inadequate understanding of sign language prevents effective communication from happening within society. This work proposes a real-time Sign language detection system using Quantum Convolutional Neural networks (QCNNs) deployed in a Raspberry pi to enhance recognition accuracy and operational speed. The implemented model demonstrated training and testing performance at 98.34% accuracy whereas real-time operation reached 97.84% accuracy. The performance of feature extraction and classification improves when QCNNs merge classical and quantum computing elements into their operation. Live hand gestures detected by the model through camera input produce textual outputs that are converted to spoken commands which use TTS (Text-to-Speech). The system combines various communication tools to create accessible sign language communication that improves daily interaction quality.","2767-7788","979-8-3315-1224-8","10.1109/ICICT64420.2025.11004846","","https://ieeexplore.ieee.org/stamp/stamp.jsp?arnumber=11004846","Sign Language;Detection;Translation;QCNN;TTS","Hands;Sign language;Accuracy;Quantum computing;Translation;Computational modeling;Lighting;Feature extraction;Real-time systems;Text to speech","","2","","15","IEEE","23 May 2025","23-25 April 2025","23-25 April 2025","IEEE","IEEE Conferences"
"Towards SW-Based Robustness Assessment of HW Accelerators for Quantized CNNs","J. C. Ruiz; D. De Andrés; L. J. Saiz-Adalid; J. Gracia-Morán","ITACA - Universitat Politècnica de València (UPV), Valencia, Spain; ITACA - Universitat Politècnica de València (UPV), Valencia, Spain; ITACA - Universitat Politècnica de València (UPV), Valencia, Spain; ITACA - Universitat Politècnica de València (UPV), Valencia, Spain",2025 20th European Dependable Computing Conference Companion Proceedings (EDCC-C),"3 Sep 2025","2025","","","22","25","Quantized Convolutional Neural Networks (QCNNs) are widely adopted in resource-limited environments due to their reduced memory footprint, lower power consumption, and faster execution. Hardware (HW) accelerators further enhance these benefits by optimizing QCNN execution for available resources, a crucial aspect in embedded systems. Typically, the development of neural networks begins with a software (SW) model, later refined and implemented in HW. Leveraging this initial SW model for early robustness assessments is an attractive approach, as it allows fault tolerance evaluation before committing to HW implementation. However, for such assessments to be meaningful, they must accurately reflect the fault behavior in HW. This paper examines the limitations of naive fault injection in SW-based QCNN models and demonstrates how they can lead to misleading conclusions about HW robustness. The key issue arises from the internal multi-component representation of quantized parameters, which differs from direct floating-point storage. Our analysis highlights that simplistic bit-flip injections in SW do not necessarily translate to equivalent faults in HW, leading to inaccuracies in robustness evaluation. While we do not propose a specific fault injection methodology, we identify critical challenges that must be addressed to ensure that early-stage SW evaluations provide valid, cost-effective insights into QCNN resilience in HW.","","979-8-3315-3741-8","10.1109/EDCC-C66476.2025.00021","","https://ieeexplore.ieee.org/stamp/stamp.jsp?arnumber=11144815","quantized cnns;hw accelerators;robustness assessment;sw-based hw models","Fault diagnosis;Fault tolerance;Power demand;Neural networks;Memory management;Fault tolerant systems;Robustness;Software;Hardware;Resilience","","","","4","IEEE","3 Sep 2025","8-11 April 2025","8-11 April 2025","IEEE","IEEE Conferences"
"Towards Hybrid Quantum-Classical Deep Learning Architecture for Indoor-Outdoor Detection Using QCNN-LSTM and Cluster State Signal Processing","M. B. A. Dastagir; D. Han","School of Computing, Korea Advanced Institute of Science and Technology, Daejeon, South Korea; School of Computing, Korea Advanced Institute of Science and Technology, Daejeon, South Korea",IEEE Signal Processing Letters,"25 Oct 2024","2024","31","","2945","2949","Quantum computing, combined with deep learning, leverages principles like superposition and entanglement to enhance complex data-driven tasks. The Noisy Intermediate-Scale Quantum (NISQ) era presents opportunities for hybrid quantum-classical architectures to address this challenge. Despite significant progress, practical applications of these hybrid models are limited. This letter proposes a novel hybrid quantum-classical deep learning architecture, integrating Quantum Convolutional Neural Networks (QCNNs) and Long-Short-Term Memory (LSTM) networks, enhanced by Cluster State Signal Processing. Furthermore, this letter addresses indoor-outdoor detection using high-dimensional signal data, utilizing the Cirq platform—a Python framework for developing and simulating Noisy Intermediate Scale Quantum (NISQ) circuits on quantum computers and simulators. The approach addresses noise and decoherence issues. Preliminary results show that the QCNN-LSTM model outperforms pure quantum and hybrid models in accuracy and efficiency. This validates the practical benefits of hybrid architectures, paving the way for advancements in complex data classification like indoor-outdoor detection.","1558-2361","","10.1109/LSP.2024.3480043","","https://ieeexplore.ieee.org/stamp/stamp.jsp?arnumber=10716490","CIRQ hybrid model;indoor-outdoor detection (IOD);quantum computing;quantum convolution neural network;quantum filter;quantum pool circuit","Qubit;Computational modeling;Logic gates;Integrated circuit modeling;Quantum circuit;Deep learning;Accuracy;Long short term memory;Computer architecture;Training","","5","","46","IEEE","14 Oct 2024","2024","","IEEE","IEEE Journals"
"Underwater Animal Identification and Classification Using a Hybrid Classical-Quantum Algorithm","S. C. Pravin; G. Rohith; V. Kiruthika; E. Manikandan; S. Methelesh; A. Manoj","School of Electronics Engineering, Vellore Institute of Technology, Chennai Campus, Chennai, India; School of Electronics Engineering, Vellore Institute of Technology, Chennai Campus, Chennai, India; School of Electronics Engineering, Vellore Institute of Technology, Chennai Campus, Chennai, India; School of Electronics Engineering, Vellore Institute of Technology, Chennai Campus, Chennai, India; School of Electronics Engineering, Vellore Institute of Technology, Chennai Campus, Chennai, India; School of Electronics Engineering, Vellore Institute of Technology, Chennai Campus, Chennai, India",IEEE Access,"21 Dec 2023","2023","11","","141902","141914","Underwater Animal Identification and Classification is gaining significant importance in recent times due to the growing demand for ecological surveillance and biodiversity monitoring. Classical Deep learning techniques have been prominently used for these tasks, but due to the live capture of animals in complex environments, a limited sea-animal image dataset, and the complex topography of the seafloor, particularly in shallow waters, sediments, reefs, submarine ridges, and ship radiation, the efficacy of identification and classification is still a bottleneck for several researchers. In this paper, three hybrid Classical-Quantum neural networks ResNet50-QCNN, ResNet18-QCNN and InceptionV3-QCNN have been proposed for underwater quantum-classical Animal Identification and Classification. It significantly lessens the complexity of classical computer processing data by using quantum devices to minimize dimension and denoise datasets. The numerical simulation results demonstrate that the quantum algorithm is capable of effective dimensionality reduction and an improvement in classification accuracy. The hybrid approach offers polynomial acceleration in dimension reduction beyond classical techniques, even when quantum data is read out classically. The three hybrid models, viz., ResNet50-QCNN, ResNet18-QCNN, and InceptionV3-QCNN, displayed classification test accuracy of 88%, 80.29%, and 70%, respectively, revealing that ResNet50-QCNN performed best in identifying and classifying underwater animals.","2169-3536","","10.1109/ACCESS.2023.3343120","Vellore Institute of Technology, Chennai Campus, Chennai, India; ","https://ieeexplore.ieee.org/stamp/stamp.jsp?arnumber=10360127","Hybrid quantum circuit;Inceptionv3-QCNN;Resnet50-QCNN;ResNet18-QCNN;sea-animal image dataset","Feature extraction;Convolutional neural networks;Animals;Biological system modeling;Task analysis;Fish;Deep learning;Quantum circuit;Image processing;Aquaculture","","13","","52","CCBYNCND","14 Dec 2023","2023","","IEEE","IEEE Journals"
"Domain-Specific Quantum Architecture Optimization","W. -H. Lin; B. Tan; M. Y. Niu; J. Kimko; J. Cong","Department of Computer Science, University of California, Los Angeles, Los Angeles, CA, USA; Department of Computer Science, University of California, Los Angeles, Los Angeles, CA, USA; Google AI Quantum, Venice, CA, USA; Department of Computer Science, University of California, Los Angeles, Los Angeles, CA, USA; Department of Computer Science, University of California, Los Angeles, Los Angeles, CA, USA",IEEE Journal on Emerging and Selected Topics in Circuits and Systems,"10 Oct 2022","2022","12","3","624","637","With the steady progress in quantum computing over recent years, roadmaps for upscaling quantum processors have relied heavily on the targeted qubit architectures. So far, similarly to the early age of classical computing, these designs have been crafted by human experts. These general-purpose architectures, however, leave room for customization and optimization, especially when targeting popular near-term QC applications. In classical computing, customized architectures have demonstrated significant performance and energy efficiency gains over general-purpose counterparts. In this paper, we present a framework for optimizing quantum architectures, specifically through customizing qubit connectivity. It is the first work that (1) provides performance guarantees by integrating architecture optimization with an optimal compiler, (2) evaluates the impact of connectivity customization under a realistic crosstalk error model, and (3) benchmarks on realistic circuits of near-term interest, such as the quantum approximate optimization algorithm (QAOA) and quantum convolutional neural network (QCNN). We demonstrate up to 59% fidelity improvement in simulation by optimizing the heavy-hexagon architecture for QAOA maxcut circuits, and up to 14% improvement on the grid architecture. For the QCNN circuit, architecture optimization improves fidelity by 11% on the heavy-hexagon architecture and 605% on the grid architecture.","2156-3365","","10.1109/JETCAS.2022.3202870","multiple industrial sponsors, including Intel, NEC, and Synopsys; ","https://ieeexplore.ieee.org/stamp/stamp.jsp?arnumber=9869862","Quantum;architecture;domain-specific architecture;architecture optimization;design automation","Computer architecture;Logic gates;Qubit;Optimization;Quantum circuit;Layout;Hardware","","16","","57","IEEE","29 Aug 2022","Sept. 2022","","IEEE","IEEE Journals"
"A Hybrid Quantum-Classical Approach for Multi-Class Skin Disease Classification Using a 4-Qubit Model","A. C. Ⅴ; E. R. Joseph; S. Alasmari","Faculty of Engineering and Technology, Multimedia University, Melaka, Malaysia; Centre for Advanced Analytics, COE of Artificial Intelligence, Faculty of Engineering and Technology, Multimedia University, Melaka, Malaysia; College of Technology and Business, Riyadh Elm University, Riyadh, Saudi Arabia",IEEE Access,"8 Jul 2025","2025","13","","114460","114470","Quantum machine learning (QML) presents a promising avenue for addressing complex classification challenges, yet its application in medical imaging remains largely unexplored. This work introduces a hybrid quantum-classical framework designed to classify skin diseases, Chickenpox, Measles, Monkeypox, and Normal, using a 4 qubit quantum system. The framework integrates a Quantum Convolutional Neural Network (QCNN) for feature extraction and a Variational Quantum Classifier (VQC) for classification, processing a dataset of 770 images with significant class imbalance. We employ a class-weighted loss function with weights  $w_{y_{i}} = [{3.0, 3.5, 0.6, 0.4}]$  to address this imbalance, ensuring balanced representation across all classes. The model is optimized using Simultaneous Perturbation Stochastic Approximation (SPSA) over 150 iterations, achieving a test accuracy 70.13% on a subset of 154 images, representing 20% of the dataset. This marks a substantial improvement over both a random baseline of 25% and a prior run that achieved 37.66% accuracy, which was skewed toward the majority class. Principal Component Analysis (PCA) reduces image features to a 4-dimensional representation, enabling compatibility with the quantum system. The QCNN extracts these features, while the VQC performs classification based on measurements from 1024 shots on the QASM simulator. To ensure practical reusability, the trained model, including quantum circuits, optimized parameters, and PCA transformations, is saved for future deployment. Validation on a separate set of 24 samples (6 per class) yields 70.83% accuracy (17 out of 24 correct predictions), demonstrating the model’s generalization capabilities. While the performance falls short of classical benchmarks, this study establishes the feasibility of QML with minimal qubits, paving the way for quantum driven diagnostics in resource constrained environments.","2169-3536","","10.1109/ACCESS.2025.3581030","Multimedia University, Bukit Beruang, Melaka, Malaysia; ","https://ieeexplore.ieee.org/stamp/stamp.jsp?arnumber=11039626","Quantum machine learning;skin disease classification;quantum convolutional neural network;variational quantum classifier;PCA;SPSA;QASM simulator;medical imaging","Accuracy;Feature extraction;Skin;Diseases;Machine learning;Medical services;Principal component analysis;Medical diagnostic imaging;Integrated circuit modeling;Hardware","","8","","24","CCBY","18 Jun 2025","2025","","IEEE","IEEE Journals"
"A Review of Quantum Machine Learning for Image Classification","Q. Li; Z. Huang; H. Yang; M. Song","R&D Department, China Academy of Launch Vehicle Technology, Beijing, China; College of Science, Tianjin University of Technology, Tianjin, China; Beijing Blue Sky Innovation for Frontier Science, Beijing, China; College of Science, Tianjin University of Technology, Tianjin, China",2023 International Conference on Intelligent Management and Software Engineering (IMSE),"2 Apr 2024","2023","","","70","75","In the machine learning domain of image classification, computational capability stands as a significant constraining factor. However, harnessing the robust computational power of quantum computers presents a viable solution. This paper reviews the application of QML in image classification, with quantum convolutional neural network (QCNN) and quantum K-nearest neighbor algorithm (QKNN) as the core content. Primarily, a compendium of data embedding methodologies, commonly enlisted within the domain of quantum machine learning, is elucidated. Subsequently, an intricate exploration ensues into the present state of QKNN and QCNN deployment in image classification, thereby delineating the latent and meritorious attributes underpinning QML’s efficacy within the purview of image classification. Ultimately, a prospective trajectory for the future advancement of QML within the precincts of image classification is delineated.","","979-8-3503-9414-6","10.1109/IMSE61332.2023.00021","","https://ieeexplore.ieee.org/stamp/stamp.jsp?arnumber=10483308","Quantum Machine Learning;Image Classification;Quantum Embedding;Variational Quantum Algorithms","Computers;Quantum algorithm;Machine learning algorithms;Reviews;Machine learning;Feature extraction;Trajectory","","5","","31","IEEE","2 Apr 2024","8-10 Sept. 2023","8-10 Sept. 2023","IEEE","IEEE Conferences"
"Harnessing Quantum Convolutional Neural Networks for Enhanced Coverage Hole Detection and Efficient Routing in Iot-Assisted Wsns","S. J. Rani; D. Santhakumar","Department of Computer Science and Engineering, Saveetha School of Engineering, Saveetha Institute of Medical and Technical Sciences (SIMATS), Saveetha University, Chennai, TamilNadu, India; Department of Computer Science and Engineering, Saveetha School of Engineering, Saveetha Institute of Medical and Technical Sciences (SIMATS), Saveetha University, Chennai, TamilNadu, India","2025 3rd International Conference on Communication, Security, and Artificial Intelligence (ICCSAI)","14 Jul 2025","2025","3","","740","746","WSNs are an essential part of many applications, such as environmental monitoring, healthcare, and security systems, that collect and transmit important data. However, WSNs suffer from several challenges that make them inefficient, such as energy consumption, detection of coverage holes, and optimization of routing paths. Such problems can have serious effects on the performance and life of the network. Traditional solutions are incapable of balancing energy usage, coverage hole detection, and routing efficacy. This paper introduces an integrated approach toward improving the performance of WSNs by addressing energy efficiency, coverage hole detection, and routing optimization. The proposed system will integrate Dandelion Optimizer (DO) for energy-efficient cluster head selection, Quantum Convolutional Neural Network (QCNN) for high-accuracy coverage hole detection, and War Strategy Optimization (WSO) for dynamic routing optimization. DO improves the network lifespan by balancing energy consumption. Meanwhile, QCNN achieves 98.9% accuracy in coverage hole detection. WSO improves routing efficiency by 25%, reduces latency, and optimizes network parameters. This hybrid approach is an important improvement of WSN performance to ensure long-term operational stability and reliability. The results are based on the impact that integrated methods have on improving network performance and overcoming energy inefficiency, coverage gaps, and poor routing issues while ensuring long-term stability of the network with high overall performance.","","979-8-3315-3607-7","10.1109/ICCSAI64074.2025.11063776","","https://ieeexplore.ieee.org/stamp/stamp.jsp?arnumber=11063776","Cluster Head Selection;Coverage Hole Detection;Energy Efficiency;Quantum Convolutional Neural Network;War Strategy Optimization","Wireless sensor networks;Energy consumption;Routing;Throughput;Energy efficiency;Stability analysis;Convolutional neural networks;Security;Reliability;Optimization","","3","","10","IEEE","14 Jul 2025","4-6 April 2025","4-6 April 2025","IEEE","IEEE Conferences"
"Hybrid Quantum ResNet for Time Series Classification","D. -I. Noh; S. -G. Jeong; W. -J. Hwang","Department of Information Convergence Engineering, Pusan National University, Busan, South Korea; Department of Information Convergence Engineering, Pusan National University, Busan, South Korea; Department of Information Convergence Engineering, Pusan National University, Busan, South Korea",IEEE Transactions on Emerging Topics in Computing,"11 Sep 2025","2025","13","3","1083","1098","Residual networks (ResNet) are known to be effective for image classification. However, challenges such as computational time remain because of the significant number of parameters. Quantum computing using quantum entanglement and quantum parallelism is an emerging computing paradigm that addresses this issue. Although quantum advantage is still studied in many research fields, quantum machine learning is a research area that leverages the strengths of quantum computing and machine learning. In this study, we investigated the quantum speedup with respect to the number of parameters in each model for a time-series classification task. This paper proposes a novel hybrid quantum residual network (HQResNet) inspired by the classical ResNet for time-series classification. HQResNet introduces a classical layer before a quantum convolutional neural network (QCNN), where the QCNN is used as a residual block. These structures enable shortcut connections and are particularly effective in achieving classification tasks without a data re-uploading scheme. We used ultra-wide-band (UWB) channel impulse response data to demonstrate the performance of the proposed algorithm and compared the state-of-the-art benchmarks with HQResNet using evaluation metrics. The results show that HQResNet achieved high performance with a small number of trainable parameters.","2168-6750","","10.1109/TETC.2025.3563944","2022 BK21 FOUR Program of Pusan National University; Institute of Information & Communications Technology Planning & Evaluation; Artificial Intelligence Convergence Innovation Human Resources Development(grant numbers:IITP-2025-RS-2023-00254177); Korea Government; Korea Agency for Infrastructure Technology Advancement; Ministry of Land Infrastructure and Transport(grant numbers:RS-2023-00256816); ","https://ieeexplore.ieee.org/stamp/stamp.jsp?arnumber=10981540","Quantum computing;quantum machine learning;quantum convolutional neural networks (QCNN);artificial intelligence","Quantum computing;Integrated circuit modeling;Quantum circuit;Convolutional neural networks;Computer architecture;Artificial intelligence;Computational modeling;Qubit;Training;Feature extraction","","2","","45","IEEE","30 Apr 2025","July-Sept. 2025","","IEEE","IEEE Journals"
"Optimized Quantum CNN With Improvised iHow Algorithm for MRI-Based Dementia Diagnosis","D. Nagajyothi; V. R. R. Chirra","School of Computer Science and Engineering, VIT-AP University, Amaravati, Andhra Pradesh, India; School of Computer Science and Engineering, VIT-AP University, Amaravati, Andhra Pradesh, India",IEEE Access,"27 Aug 2025","2025","13","","148128","148144","Dementia, a neurodegenerative disorder, requires early prediction and effective diagnosis for providing better treatment to avert the loss. The detection and classification of disease is intricate and needs optimized solutions using deep learning techniques. In context with this, the proposed work presents a novel approach with the inclusion of an Optimized Quantum Convolutional Neural Network (Q-CNN). The optimization algorithm utilized is the Improved iHow Optimization Algorithm (IiHOA), which fine-tunes the hyper-parameters in the proposed Q-CNN. Moreover, the MRI images are pre-processed with the combined act of B-spline and Lanczos Interpolation by removing the noises and preserving the sensitive details. This enhances the image quality and can be used to extract features. For feature extraction, U-Net is used, and the decomposition of MRI images into multi-scale frequency components is done for extracting the spatial and spectral information related to brain abnormalities. For further refining the extracted features, the Adaptive Hiking Optimization algorithm (AHOA) is used, which selects the appropriate features and therein significantly mitigates the computational complexities and enhances the classification accuracy. The feature representation and non-linear patterns from the MRI images are utilized by the proposed QCNN for the classification. The benchmark OASIS dementia dataset attained an accuracy of 98%, and various parameters were analysed with the proposed QCNN. This ensures a highly accurate dementia classification with the proposed work.","2169-3536","","10.1109/ACCESS.2025.3598935","VIT AP University, Amaravati, Andhra Pradesh; ","https://ieeexplore.ieee.org/stamp/stamp.jsp?arnumber=11124828","Adaptive hiking optimization algorithm;B-spline and Lanczos interpolation;quantum convolutional neural network;improved iHow optimization algorithm","Magnetic resonance imaging;Accuracy;Feature extraction;Convolutional neural networks;Electroencephalography;Diseases;Alzheimer's disease;Optimization;Classification algorithms;Deep learning","","1","","31","CCBY","14 Aug 2025","2025","","IEEE","IEEE Journals"
"MDH-QCNN: Secure Data Sharing Using a Multi-objective Optimized Blockchain-Based Framework","J. Nikhade; S. V. Sonekar","Department of Computer Science Engineering, Rashtrasant Tukadoji Maharaj Nagpur University, Nagpur, Maharashtra; Department of Computer Science Engineering, J D College of Engineering and Management, Nagpur, Maharashtra",2025 3rd International Conference on Inventive Computing and Informatics (ICICI),"15 Jul 2025","2025","","","329","336","Wireless Sensor Networks are generally a wireless network with no specific infrastructure utilized for effective monitoring of the system to ensure secure data-sharing mechanisms. Since the conventional data sharing frameworks experience node failure issues, maximum energy requirement, with reduced network lifespan, and privacy preservation, the security of the data is reduced drastically. Hence, to tackle such discrepancies, aneffective Multi-objective Detour Harris hawk-enabled Quantum Convolutional Neural Network (MDH-QCNN)-based secured data transmission mechanism is proposed. The integration of the blockchain in the research enhanced the transparent nature of the proposed secure data transmission research by ensuring data security and confidentiality. Further, the utilization of the multi-objective fitness function in the research stipulated the model's stability to detect the abnormalities. In addition, the Multi-objective Detour Harris Hawk optimization effectively fine-tuned the parameters of the model, thereby enabling the research to attain optimal convergence with reduced computational complexity. Nevertheless, the Improved Dynamic Advanced Encryption Standard (IDEAS) algorithm enhanced the security of the data by performing encryption operations using the optimized keys. The performance validation enlisted the supremacy of MDH-QCNN in ensuring data security by achieving 99.03 % accuracy in attack detection with a minimum delay of 0.01 ms for 200 nodes.","","979-8-3315-3830-9","10.1109/ICICI65870.2025.11069501","","https://ieeexplore.ieee.org/stamp/stamp.jsp?arnumber=11069501","Wireless Sensor Networks;secure data transmission;attack detection;deep learning;Blockchain","Deep learning;Wireless sensor networks;Accuracy;Heuristic algorithms;Data security;Blockchains;Encryption;Delays;Data communication;Optimization","","","","27","IEEE","15 Jul 2025","4-6 June 2025","4-6 June 2025","IEEE","IEEE Conferences"
"Multi-Class Line Position Detection Using Hybrid Quantum Convolutional Neural Network","M. I. Hidayatullah; I. Syafalni; N. Ahmadi; N. Sutisna; R. Mulyawan; T. Adiono","School of Electrical Engineering and Informatics, Bandung Institute of Technology, Indonesia; School of Electrical Engineering and Informatics, Bandung Institute of Technology, Indonesia; School of Electrical Engineering and Informatics, Bandung Institute of Technology, Indonesia; School of Electrical Engineering and Informatics, Bandung Institute of Technology, Indonesia; School of Electrical Engineering and Informatics, Bandung Institute of Technology, Indonesia; School of Electrical Engineering and Informatics, Bandung Institute of Technology, Indonesia",2025 International Symposium on Intelligent Signal Processing and Communication Systems (ISPACS),"19 Feb 2026","2025","","","1","6","With the advancement of technology, the need for better computation is increasing. Quantum computers uses quantum bit or qubit as the smallest computational unit. Each qubit has the capabilities of storing the value of 0 and 1 at the same time. The number of qubit needed to do computation is increased logarithmically instead of increasing proportionally like in classical bits. Quantum Convolutional Neural Network (QCNN) is an algorithm developed based on CNN that allows quantum computer to do what classical computer can do using CNN. However, QCNN is a relatively new technology and thus have rooms for improvement. The purpose of this research is to develop an algoritm using quantum computing technology to finish a task with less computational resources compared to only using classical algorithm with good enough accuracy. The task that will be done by the system is detecting the position of a line in a 2 × 4 pixel image. The result is the accuracy from the quantum hybrid algorithm is 93,7%, which is less than classical algorithm at 100%. But the number of parameter needed for hybrid algorithm is only 1,354 parameters instead of 10,058 parameters used by classical algorithm.","2474-9745","979-8-3315-8066-7","10.1109/ISPACS68724.2025.11382773","","https://ieeexplore.ieee.org/stamp/stamp.jsp?arnumber=11382773","Convolutional Neural Network;Quantum Computing;Quantum Convolutional Neural Network;Image Recognition;Multi Class;Hybrid Quantum-Classical Machine learning","Computers;Quantum computing;Accuracy;Qubit;Semantics;Machine learning;Feature extraction;Vectors;Scattering parameters;Convolutional neural networks","","","","26","IEEE","19 Feb 2026","4-7 Nov. 2025","4-7 Nov. 2025","IEEE","IEEE Conferences"
"Brain Tumour Detection Using Quantum Convolutional Neural Networks (QCNN)","S. Karthik; K. Snehanvitha; A. S. Kumar; D. Teella; R. N. Shreya; S. Ramanathan","SCOPE, VIT-AP University, Amaravathi, AP, India; SCOPE, VIT-AP University, Amaravathi, AP, India; SCOPE, VIT-AP University, Amaravathi, AP, India; SCOPE, VIT-AP University, Amaravathi, AP, India; SCOPE, VIT-AP University, Amaravathi, AP, India; Dept. of AIML, SCOPE, VIT-AP University, Amaravathi, India",2025 OITS International Conference on Information Technology (OCIT),"2 Mar 2026","2025","","","588","593","Brain tumor detection is a vital and challenging task in medical diagnosis, requiring highly precise and efficient methods to improve patient treatment outcomes. Traditional approaches rely on classical machine learning and deep learning techniques, which, while effective to a degree, often struggle with capturing the complex and high-dimensional patterns present in medical imaging data. A significant limitation of these conventional methods is their inability to process and analyze intricate features efficiently, which can impact diagnostic accuracy. To address these challenges, this work proposes a novel Quantum Convolutional Neural Network (QCNN) framework that combines quantum computing principles, via quantum circuits, with classical machine learning architectures implemented through tools like PyTorch and PennyLane. This hybrid approach enhances feature extraction and classification capabilities, leading to superior performance. Experimental results demonstrate that the QCNN model achieves an improved accuracy of 90 percent on the test dataset, surpassing traditional methods and showing promise for advancing brain tumor detection technology. This improvement is supported by consistent decreases in training and validation loss during model training, highlighting the robustness and efficacy of the quantum-enhanced model.","","979-8-3315-7702-5","10.1109/OCIT66168.2025.11400476","","https://ieeexplore.ieee.org/stamp/stamp.jsp?arnumber=11400476","Brain Tumor Detection;Quantum Convolutional Neural Network (QCNN);Medical Image Classification;MRI Scans;Quantum Machine Learning;Deep Learning","Training;Deep learning;Accuracy;Quantum entanglement;Computational modeling;Brain tumors;Brain modeling;Feature extraction;Convolutional neural networks;Biomedical imaging","","","","16","IEEE","2 Mar 2026","18-20 Dec. 2025","18-20 Dec. 2025","IEEE","IEEE Conferences"
"A Comparative Study of Classical and Quantum Machine Learning Techniques for Industrial Defect Classification","A. Angelino; D. D'Amato; G. Galante; E. Landolfi; A. Massa; A. Troiano","MBDA Italia S.p.A., Bacoli, Italy; MBDA Italia S.p.A., Bacoli, Italy; MBDA Italia S.p.A., Bacoli, Italy; Netcom Engineering S.p.A., Naples, Italy; Department of Physics “Ettore Pancini”, University of Naples Federico II, Naples, Italy; Netcom Engineering S.p.A., Naples, Italy",2025 IEEE International Conference on Quantum Artificial Intelligence (QAI),"23 Jan 2026","2025","","","439","444","This work presents a comparative evaluation of classical and quantum machine learning models applied to a real-world industrial classification task. The use case is provided by MBDA and involves classifying images of surface-mount technology solder joints into three defect severity classes. To investigate the viability and performance trade-offs of quantum models under realistic constraints, we followed two parallel processing strategies. The first employs conventional deep learning architectures, namely YOLOv8 and a custom Convolutional Neural Network (CNN), trained on augmented full-resolution images. The second strategy compresses image data via a domainspecific method, enabling compatibility with quantum hardware constraints. We trained and evaluated different quantum machine learning models, including a Quantum Support Vector Machine (QSVM), a Variational Quantum Classifier (VQC), and a Quantum Convolutional Neural Network (QCNN). Our results highlight the trade-offs between expressivity and feasibility across classical and quantum approaches and provide insights into the applicability of quantum models in industrial scenarios.","","979-8-3315-6986-0","10.1109/QAI63978.2025.00074","","https://ieeexplore.ieee.org/stamp/stamp.jsp?arnumber=11344656","Quantum Machine Learning;Quantum Computing;Defect Classification;Real-World Application","Training;Support vector machines;Transfer learning;Surface mount technology;Computer architecture;Parallel processing;Convolutional neural networks;Soldering;Quantum circuit;Random forests","","","","31","IEEE","23 Jan 2026","2-5 Nov. 2025","2-5 Nov. 2025","IEEE","IEEE Conferences"
"A Deep Quantum Convolutional Neural Network Based Facial Expression Recognition For Mental Health Analysis","S. Hossain; S. Umer; R. K. Rout; H. A. Marzouqi","Department of Computer Science and Engineering, Aliah University, Kolkata, India; Department of Computer Science and Engineering, Aliah University, Kolkata, India; Department of Computer Science and Engineering, National Institute of Technology Srinagar, Srinagar, Jammu and Kashmir, India; Department of Electrical Engineering and Computer Science, Khalifa University of Science and Technology, Abu Dhabi, United Arab Emirates",IEEE Transactions on Neural Systems and Rehabilitation Engineering,"12 Apr 2024","2024","32","","1556","1565","The purpose of this work is to analyze how new technologies can enhance clinical practice while also examining the physical traits of emotional expressiveness of face expression in a number of psychiatric illnesses. Hence, in this work, an automatic facial expression recognition system has been proposed that analyzes static, sequential, or video facial images from medical healthcare data to detect emotions in people’s facial regions. The proposed method has been implemented in five steps. The first step is image preprocessing, where a facial region of interest has been segmented from the input image. The second component includes a classical deep feature representation and the quantum part that involves successive sets of quantum convolutional layers followed by random quantum variational circuits for feature learning. Here, the proposed system has attained a faster training approach using the proposed quantum convolutional neural network approach that takes  $\mathbb {O}{(}\text {log}{(}{n}{)}{)}$  time. In contrast, the classical convolutional neural network models have  $\mathbb {O}{(}{n}^{{2}}{)}$  time. Additionally, some performance improvement techniques, such as image augmentation, fine-tuning, matrix normalization, and transfer learning methods, have been applied to the recognition system. Finally, the scores due to classical and quantum deep learning models are fused to improve the performance of the proposed method. Extensive experimentation with Karolinska-directed emotional faces (KDEF), Static Facial Expressions in the Wild (SFEW 2.0), and Facial Expression Recognition 2013 (FER-2013) benchmark databases and compared with other state-of-the-art methods that show the improvement of the proposed system.","1558-0210","","10.1109/TNSRE.2024.3385336","Hasan Al Marzouqi; ","https://ieeexplore.ieee.org/stamp/stamp.jsp?arnumber=10491351","Facial expression;recognition;quantum;convolutional neural network;quanvolutional;quantum variational circuit;mental health conditions","Face recognition;Convolutional neural networks;Feature extraction;Emotion recognition;Computational modeling;Quantum computing;Integrated circuit modeling","Humans;Mental Health;Facial Recognition;Benchmarking;Databases, Factual;Neural Networks, Computer","40","","36","CCBY","4 Apr 2024","2024","","IEEE","IEEE Journals"
"Multi-Objective Task Mapping in Cloud Environments using Secretary Bird Optimized Quantum Convolutional Neural Network","J. Tyagi; G. D. Benal; S. Devarapalli; S. M. Parikh; R. Maranan; M.SivaramKrishnan","Lead Member of Technical Staff Salesforce, Castro Valley, CA, USA; School of Computing and Information Technology, REVA University, Bangalore, Karnataka, India; GEICO, Texas, USA; Computer Science and Engineering, Faculty of Engineering and Technology, Parul Institute of Technology, Parul University, Post Limda, Gujarat, India; Department of Research and Innovation, Saveetha School of Engineering, SIMATS, Chennai, Tamil Nadu, India; Department of Electrical and Electronics Engineering, Karpagam College of Engineering, India","2025 9th International Conference on Electronics, Communication and Aerospace Technology (ICECA)","13 Feb 2026","2025","","","1","7","Cloud infrastructure is evolving toward increased dynamism, exhibiting volatile workloads and diverse virtual machines. Within this context, multicriteria task scheduling that maximizes efficacy in Infrastructure-as-a-Service (IaaS) remains a pervasive, unresolved challenge. Contemporary heuristic and deterministic algorithms struggle to optimally reconcile simultaneous objectives—namely, energy consumption, resource utilization, and makespan. Therefore, the introduction of intelligent, adaptive scheduling frameworks is vital for delivering sustained operational efficiency. We propose a novel multi-objective task mapping scheme, designated QCoNNet-SBirdO, in which a secretary-bird species-inspired optimizer directs a quantum convolutional neural network to schedule cloud workloads. The method commences with comprehensive environment profiling—collecting task dependency matrices, utilization metrics, and power consumption at the hypervisor layer. A priority ranking for both task and virtual-machine (VM) candidates is deduced, and this ranking feeds a Quantum Convolutional Neural Network (QCoNNet) that exploits multidimensional resource interactions. Delegated task-to-VM mapping is subsequently derived via Secretary Bird Optimization (SBirdO), which iteratively refines conductivity and depth measurements until scheduling objectives converge. Outcome allocations undergo a reinforcement-control loop to ingest real-time discrepancies and augment fidelity. Empirical evaluations across heterogeneously provisioned cloud environments indicate that QCoNNet-SBirdO achieves a task prioritization accuracy of 99.2%, a reduction of 38.6% in energy consumption, a decrease of 41.3% in allocated resource requirement, and a 99.7% improvement in mapping velocity when benchmarked against reference heuristics. The results thus corroborate that the QCoNNet-SBirdO framework is both scalable and, in multicriteria terms, decisively superior to contemporary deterministic and meta-heuristic benchmarks across pivotal operational metrics.","","979-8-3315-9929-4","10.1109/ICECA66444.2025.11383469","","https://ieeexplore.ieee.org/stamp/stamp.jsp?arnumber=11383469","Cloud Computing;Quantum Convolutional Neural Network;Secretary Bird Optimization;Task;Virtual Machine","Cloud computing;Energy consumption;Quantum computing;Processor scheduling;Heuristic algorithms;Metaheuristics;Birds;Virtual machines;Convolutional neural networks;Resource management","","","","15","IEEE","13 Feb 2026","5-7 Nov. 2025","5-7 Nov. 2025","IEEE","IEEE Conferences"
"An Intelligent Lung Cancer Diagnosistic System based Latent Equivariant Quantum Convolutional Neural Network with Improved Orca Predation Algorithm using Histopathological Imaging","J. Sheoran; M. K. Pushpa; K. H. N; V. J. Upadhye; R. Maranan; S.SriRagavi","Pennsylvania State University, USA; Department of Electronics and Instrumentation Engineering, Ramaiah Institute of Technology, Bengaluru, Karnataka, India; Department of Computer Science and Engineering, BGS Institute of Technology, Adichunchanagiri University, B.G.Nagara, Karnataka, India; Dept of Microbiology, Microbiology Research and Development Cell (RDC), Parul Institute of Applied Sciences (PIAS), Parul University, Waghodia, Gujarat, India; Department of Research and Innovation, Saveetha School of Engineering, SIMATS, Chennai, Tamil Nadu, India; Department of Research and Innovation, Saveetha School of Engineering, SIMATS, Chennai, Tamil Nadu, India","2025 9th International Conference on Electronics, Communication and Aerospace Technology (ICECA)","13 Feb 2026","2025","","","1","7","Lung cancer is the leading cause of cancer-related mortality in the world and thus outlines the need to discover diagnostic methods beneficial to improve patient survival. Accurate classification of pathological images is essential for sub-typing and as a means for guiding therapy. The current research work presents latent equivariant quantum convolutional neural network (LEQCNN) with improved orca predation algorithm (IOPA) (Latent Equivariant Quantum Convolutional Neural Network augmented with Improved Orca Predation Algorithm or LEqCNN-IoPa) for automating the diagnostic process of lung cancer. Initially, initial stage preprocessing for the LC25000 dataset of histopathological images has been conducted using the Window-Aware Guided Image Filtering (WAGIF) technique to improve structural integrity, and also to reduce artefacts from noise. The improvement is further obtained via segmentation using a Return-(a)-ligned Decision Transformer (RADT) that captures the contextual relationship on pixel level further. The architecture is further enhanced to include Feedback DenseNet201 (FDNet201) which integrates feedback attention with dense connectivity to further improve the saliency of clinically meaningful features in the network. Finally, hyper-parameter optimisation is done by the IOPA meta-hyperparameter algorithm, which is based on biologically inspired exploration-exploitation mechanisms. Experimental results show that the LEQCNN-IOPA can achieve the overall precision of 99.85%, accuracy of 99.62%, and sensitivity of 99.59%.","","979-8-3315-9929-4","10.1109/ICECA66444.2025.11382974","","https://ieeexplore.ieee.org/stamp/stamp.jsp?arnumber=11382974","Lung cancer;Histopathological image analysis;Latent Equivariant Quantum Convolutional Crane Network;Orca Predation Algorithm;Diagnosistic System;patient survival","Image segmentation;Accuracy;Image analysis;Lung cancer;Transformers;Feature extraction;Image filtering;Classification algorithms;Convolutional neural networks;Optimization","","","","21","IEEE","13 Feb 2026","5-7 Nov. 2025","5-7 Nov. 2025","IEEE","IEEE Conferences"
"Quantum Stereoscopic Convolutional Networks for Blockchain Security and QoS in MANETs","L. Natrayan; M. Sivaramkrishnan; K. Balakrishnan; A. Rajendran; M. Ramya","Saveetha School of Engineering, SIMATS, Chennai, Tamil Nadu, India; Dept of EEE, Karpagam College of Engnieering, India; National Center for Rural Health Professions, University of Illinois College of Medicine, Rockford; Department of Research and Innovation, Saveetha School of Engineering, SIMATS, Chennai, Tamil Nadu, India; Division of Research and Development, Lovely Professional University, Jalandhar - Delhi, G.T.Road, Phagwara, Punjab, India",2025 Third International Conference on Emerging Applications of Material Science and Technology (ICEAMST),"21 Jan 2026","2025","","","1540","1546","Mobile Ad Hoc Networks (MANETs) are spontaneous, self-configuring wireless networks employed in life-critical environments such as disaster relief and battlefield applications. Their infrastructure-less topology renders them extremely sensitive to threats such as eavesdropping, routing attacks, and application-level attacks, resulting in high latency, low network throughput, and diminished network lifetime. Conventional security measures are incapable of effectively responding to dynamic network dynamics, resulting in the necessity for a sophisticated blockchain-based security system. The proposed method, Blockchain-based Stereoscopic Scalable Quantum Convolutional Neural Network with Swarm Bipolar Algorithm (SSQCNNet-SBA), increases security in blockchain of MANET while maintaining Quality of Service (QoS) and network integrity management. It starts with node authentication through an Efficient Quantum Blockchain with QDPoS, where only authenticated nodes are involved in routing. The Stereoscopic Scalable Quantum Convolutional Neural Network (SSQCNNet) analyzes and optimizes the routes, and the Swarm Bipolar Algorithm (SBA) refines them due to topology changes in the network. The proposed method has an achieved throughput of 55.8 Mbps, delay of 72 ms, packet delivery ratio of 97.2%, and energy consumption of 6.1 J, while preserving a network lifetime of 97.5% for 100 nodes. This approach delivers secure, adaptive, and resilient MANET routing, significantly improving network security, performance, and lifespan in highly dynamic environments.","","979-8-3315-8707-9","10.1109/ICEAMST67459.2025.11335723","","https://ieeexplore.ieee.org/stamp/stamp.jsp?arnumber=11335723","Routing;Stereoscopic Scalable Quantum Convolutional Neural Network;Swarm Bipolar Algorithm;Quantum Blockchain;Quality of Service","Quantum computing;Stereo image processing;Heuristic algorithms;Quality of service;Routing;Throughput;Blockchains;Security;Convolutional neural networks;Mobile computing","","","","14","IEEE","21 Jan 2026","3-5 Nov. 2025","3-5 Nov. 2025","IEEE","IEEE Conferences"
"Hybrid Quantum-Classical Neural Networks for Downlink Beamforming Optimization","J. Zhang; G. Zheng; T. Koike-Akino; K. -K. Wong; F. A. Burton","Department of Electronic and Electrical Engineering, University College London, London, U.K.; School of Engineering, University of Warwick, Coventry, U.K.; Mitsubishi Electric Research Laboratories (MERL), Cambridge, MA, USA; Department of Electronic and Electrical Engineering, University College London, London, U.K.; Applied Research Department, British Telecom, Martlesham Heath, Ipswich, U.K.",IEEE Transactions on Wireless Communications,"12 Nov 2024","2024","23","11","16498","16512","This paper investigates quantum machine learning to optimize the beamforming in a multiuser multiple-input single-output downlink system. We aim to combine the power of quantum neural networks and the success of classical deep neural networks to enhance the learning performance. Specifically, we propose two hybrid quantum-classical neural networks to maximize the sum rate of a downlink system. The first one proposes a quantum neural network employing parameterized quantum circuits that follows a classical convolutional neural network. The classical neural network can be jointly trained with the quantum neural network or pre-trained leading to a fine-tuning transfer learning method. The second one designs a quantum convolutional neural network to better extract features followed by a classical deep neural network. Our results demonstrate the feasibility of the proposed hybrid neural networks, and reveal that the first method can achieve similar sum rate performance compared to a benchmark classical neural network with significantly less training parameters; while the second method can achieve higher sum rate especially in presence of many users still with less training parameters. The robustness of the proposed methods is verified using both software simulators and hardware emulators considering noisy intermediate-scale quantum devices.","1558-2248","","10.1109/TWC.2024.3442091","U.K. Engineering and Physical Sciences Research Council (EPSRC)(grant numbers:EP/N007840/1,EP/X04047X/2,EP/Y037243/1); ","https://ieeexplore.ieee.org/stamp/stamp.jsp?arnumber=10639319","Quantum machine learning;parameterized quantum circuit;hybrid quantum and classical neural network;beamforming","Quantum computing;Neural networks;Array signal processing;Optimization;Wireless communication;Machine learning algorithms;Qubit","","28","","65","IEEE","19 Aug 2024","Nov. 2024","","IEEE","IEEE Journals"
"Quantum Computing for Autonomous Driving Systems: A Qiskit-Based Framework and Perspective","S. S. Ali; K. Tarakeshwar; A. Ganesan","Department of Computer Science, BITS Pilani, Dubai Campus, Dubai, UAE; Department of Computer Science, BITS Pilani, Dubai Campus, Dubai, UAE; Department of Electrical Electronics Engineering, BITS Pilani, Dubai Campus, Dubai, UAE",2025 3rd International Conference on Computational Intelligence and Network Systems (CINS),"3 Mar 2026","2025","","","1","4","Autonomous driving systems demand real-time processing of high-dimensional sensor data, large-scale decision making, NP-hard routing optimization under strict latency and computational constraints. Classical approaches using convolutional neural networks face scalability issues and performance limitations in dynamic environments. IBM’s Qiskit framework provides a comprehensive solution with a modular architecture, enabling the construction of quantum circuits that encode multi-sensor data into exponentially large Hilbert spaces. The core components like Terra and Aer support circuit design and noise-aware simulation. Additional libraries extend these capabilities to support quantum machine learning and optimization algorithms. This paper presents a unified Qiskit-based framework incorporating quantum neural networks for trajectory prediction, quantum convolutional neural networks for safety classification in poor conditions, and quantum approximate optimization algorithm for efficient vehicle routing. We showcase how quantum superposition explores multiple routing paths in parallel and how quantum circuits represent grid locations to improve path finding. Our survey reveals measurable performance advantages of quantum-enhanced models over classical methods, forming the basis of quantum-accelerated autonomous driving systems.","","979-8-3315-8881-6","10.1109/CINS67018.2025.11412052","","https://ieeexplore.ieee.org/stamp/stamp.jsp?arnumber=11412052","Autonomous vehicles;quantum computing;Qiskit;quantum neural networks;quantum convolutional neural networks;quantum optimization","Quantum computing;Machine learning algorithms;Neural networks;Routing;Prediction algorithms;Libraries;Convolutional neural networks;Quantum circuit;Optimization;Autonomous vehicles","","","","19","IEEE","3 Mar 2026","25-26 Nov. 2025","25-26 Nov. 2025","IEEE","IEEE Conferences"
"Full-Learning Rotational Quaternion Convolutional Neural Networks and Confluence of Differently Represented Data for PolSAR Land Classification","Y. Matsumoto; R. Natsuaki; A. Hirose","Department of Electrical Engineering and Information Systems, The University of Tokyo, Bunkyo-ku, Japan; Department of Electrical Engineering and Information Systems, The University of Tokyo, Bunkyo-ku, Japan; Department of Electrical Engineering and Information Systems, The University of Tokyo, Bunkyo-ku, Japan",IEEE Journal of Selected Topics in Applied Earth Observations and Remote Sensing,"25 Apr 2022","2022","15","","2914","2928","Quaternion convolutional neural networks (QCNNs) expand the range of their applications in processing optical and polarimetric synthetic aperture radar (PolSAR) images. Conventional real-valued convolutional neural networks (RVCNNs) compress a three-channel input image into a single-channel feature map and ignore the relationship among the channels. In contrast, QCNNs deal with the input image as a single quaternion matrix and perform quaternion operation without the reduction of the channels. They can learn the interrelationship among the channel components. Though there exist two types of QCNNs, they have problems, respectively. One type conducts physically unclear quaternion convolution by using simple quaternionic multiplications. The other employs quaternion rotations with fixed axes, resulting in impairment of expression ability. In this article, we propose full-learning rotational QCNNs, which perform quaternion rotation in convolution, and update all the four parameters of a quaternion weight by backpropagation. They realize quaternion rotational convolution with high expression ability. We also propose using two different kinds of features, namely PolSAR pseudocolor features and Stokes vectors normalized by their total power. These two features allow neural networks to learn totally different characteristics of land surface. We train two networks with these features independently. Then, we merge their two classification results to obtain final decision to compensate for the shortcomings of the respective features. Experiments demonstrate that our proposed QCNNs show better classification performance than that of RVCNNs and the two existing QCNNs. We also find that the combination of the two features improves final classification results measured by F-scores.","2151-1535","","10.1109/JSTARS.2022.3164431","Japan Society for the Promotion of Science(grant numbers:18H04105); Research Institute of Electrical Communication; Tohoku University; ","https://ieeexplore.ieee.org/stamp/stamp.jsp?arnumber=9755119","Convolutional neural network (CNN);polarimetric synthetic aperture radar (PolSAR);quaternion neural network (QNN)","Quaternions;Convolutional neural networks;Polarimetric synthetic aperture radar;Scattering;Optical imaging","","10","","28","CCBYNCND","11 Apr 2022","2022","","IEEE","IEEE Journals"
"Compressing Quaternion Convolutional Neural Networks for Audio Classification","A. Singh; V. Abrol; M. D. Plumbley","King’s College London, London, U.K.; Infosys Centre for AI and CSE Department, Indraprastha Institute of Information Technology (IIIT) Delhi, New Delhi, India; King’s College London, London, U.K.","IEEE Transactions on Audio, Speech and Language Processing","6 Apr 2026","2026","34","","1866","1875","Conventional Convolutional Neural Networks (CNNs) in the real domain have been widely used for audio classification. However, CNNs have limited ability to capture correlations across channels when processing multi-channel inputs. This can lead to suboptimal feature learning, particularly for complex audio patterns such as multi-channel spectrogram representations. Quaternion Convolutional Neural Networks (QCNNs) address this limitation by employing quaternion algebra to jointly capture inter-channel dependencies, enabling more compact models with fewer learnable parameters while better exploiting the multi-dimensional nature of audio signals. However, QCNNs exhibit higher computational complexity due to the overhead of quaternion operations, resulting in increased inference latency and reduced efficiency compared to conventional CNNs, posing challenges for deployment on resource-constrained platforms. To address this challenge, this study explores knowledge distillation (KD) and pruning, to reduce the computational complexity of QCNNs while maintaining performance. Our experiments on audio classification reveal that pruning QCNNs achieves similar or superior performance compared to KD while requiring less computational effort. Compared to conventional CNNs and Transformer-based architectures, pruned QCNNs achieve competitive performance with a reduced learnable parameter count and computational complexity. On the AudioSet dataset, the pruned QCNN14 achieves performance comparable to that of the conventional CNN14, while using only 10% of the parameters and 70% of the computational complexity of conventional CNN14. Furthermore, pruned QCNNs generalize well across multiple audio classification benchmarks, including GTZAN for music genre recognition, ESC-50 for environmental sound classification and RAVDESS for speech emotion recognition.","2998-4173","","10.1109/TASLPRO.2026.3677690","Engineering and Physical Sciences Research Council(grant numbers:EP/T019751/1,EP/Y028805/1); ","https://ieeexplore.ieee.org/stamp/stamp.jsp?arnumber=11455961","Computational complexity;CNNs;quaternions;sustainable AI;audioset;music genre classification;RAVDESS;ESC-50","Quaternions;Filters;Convolutional neural networks;Convolution;Model compression;Computational modeling;Computational complexity;Speech recognition;Mathematical models;Emotion recognition","","","","47","IEEE","25 Mar 2026","2026","","IEEE","IEEE Journals"
"Human Activity Recognition From Radar Signals Based on FBSE-EWT and Quantum Convolution Neural Network","K. K. Mishra; R. B. Pachori","Department of Electrical Engineering, Indian Institute of Technology Indore, Indore, India; Department of Electrical Engineering, Indian Institute of Technology Indore, Indore, India",IEEE Sensors Letters,"18 Aug 2025","2025","9","9","1","4","Frequency-modulated continuous wave (FMCW) radar signals reflected from the human activities are analyzed to enable accurate recognition and classification, forming the basis for activity recognition applications. The analysis of micro- and macromotions of human activities plays a vital role in automatic detection of suspicious activity in smart home automation and clinical applications. The use of convolutional neural networks (CNNs) with time–frequency representations (TFRs) for human activity recognition (HAR) is limited due to their reliance on large datasets, poor generalization to complex radar signals, and large model size. To mitigate these limitations, a novel Fourier–Bessel series expansion (FBSE)-based empirical wavelet transform (FBSE-EWT) and quantum CNN (QCNN)-based approach is proposed. The FBSE-EWT method is utilized for the TFRs of a reflected multicomponent nonstationary signal with enhanced frequency resolution. The QCNN effectively classifies the human activities, enabling accurate and efficient HAR. The HAR from radar signals based on FBSE-EWT and QCNNs has not been studied earlier based on our knowledge. This is the first instance to utilize the proposed method for HAR using FMCW radar signals. We have also conducted extensive study of FBSE-EWT-based method with CNN approaches (such as GoogLeNet and VGG19) in the same framework. The proposed approach achieves 95.71% test accuracy compared to existing CNNs, demonstrating its superior performance for HAR.","2475-1472","","10.1109/LSENS.2025.3593355","","https://ieeexplore.ieee.org/stamp/stamp.jsp?arnumber=11098654","Sensor signal processing;frequency-modulated continuous wave (FMCW) radar;Fourier–Bessel series expansion-based empirical wavelet transform (FBSE-EWT);human activity recognition (HAR);nonstationary signals;quantum convolutional neural network (QCNN)","Human activity recognition;Radar;Accuracy;Training;Testing;Feature extraction;Convolutional neural networks;Wavelet transforms;Signal resolution;Data mining;Sensors;Signal processing","","3","","25","IEEE","28 Jul 2025","Sept. 2025","","IEEE","IEEE Journals"
"Low-Latency In Situ Image Analytics With FPGA-Based Quantized Convolutional Neural Network","M. Wang; K. C. M. Lee; B. M. F. Chung; S. V. Bogaraju; H. -C. Ng; J. S. J. Wong; H. C. Shum; K. K. Tsia; H. K. -H. So","Department of Electrical and Electronic Engineering, The University of Hong Kong, Hong Kong; Department of Electrical and Electronic Engineering, The University of Hong Kong, Hong Kong; Department of Mechanical Engineering, The University of Hong Kong, Hong Kong; Faculty of Computing, Engineering and the Built Environment, Ulster University, Jordanstown Campus, Newtownabbey, U.K; Department of Computing, Imperial College London, London, U.K; Conzeb Ltd., Hong Kong; Department of Mechanical Engineering, The University of Hong Kong, Hong Kong; Department of Electrical and Electronic Engineering, The University of Hong Kong, Hong Kong; Department of Electrical and Electronic Engineering, The University of Hong Kong, Hong Kong",IEEE Transactions on Neural Networks and Learning Systems,"6 Jul 2022","2022","33","7","2853","2866","Real-time in situ image analytics impose stringent latency requirements on intelligent neural network inference operations. While conventional software-based implementations on the graphic processing unit (GPU)-accelerated platforms are flexible and have achieved very high inference throughput, they are not suitable for latency-sensitive applications where real-time feedback is needed. Here, we demonstrate that high-performance reconfigurable computing platforms based on field-programmable gate array (FPGA) processing can successfully bridge the gap between low-level hardware processing and high-level intelligent image analytics algorithm deployment within a unified system. The proposed design performs inference operations on a stream of individual images as they are produced and has a deeply pipelined hardware design that allows all layers of a quantized convolutional neural network (QCNN) to compute concurrently with partial image inputs. Using the case of label-free classification of human peripheral blood mononuclear cell (PBMC) subtypes as a proof-of-concept illustration, our system achieves an ultralow classification latency of 34.2  $\mu \text{s}$  with over 95% end-to-end accuracy by using a QCNN, while the cells are imaged at throughput exceeding 29 200 cells/s. Our QCNN design is modular and is readily adaptable to other QCNNs with different latency and resource requirements.","2162-2388","","10.1109/TNNLS.2020.3046452","Croucher Foundation Croucher Innovation Award(grant numbers:2013); Innovation and Technology Commission(grant numbers:ITS/204/18); Research Grants Council of Hong Kong(grant numbers:CRF C7047-16G,CRF 17307919,17208918,GRF 17209017,GRF 17245716); University of Hong Kong Platform Technology Fund; National Natural Science Foundation of China (NSFC) under Scheme Excellent Young Scientists Fund (Hong Kong and Macau)(grant numbers:21922816); ","https://ieeexplore.ieee.org/stamp/stamp.jsp?arnumber=9321210","Cell image classification;convolutional neural network (CNN);field-programmable gate array (FPGA);hardware architecture;low-latency inference;multiplexed asymmetric-detection time-stretch optical microscopy (multi-ATOM);quantized convolutional neural network (QCNN);reconfigurable computing","Computer architecture;Microprocessors;Neural networks;Hardware;Field programmable gate arrays;Throughput;Real-time systems","Algorithms;Humans;Image Processing, Computer-Assisted;Leukocytes, Mononuclear;Neural Networks, Computer;Software","27","","41","CCBY","12 Jan 2021","July 2022","","IEEE","IEEE Journals"
"Benchmarking the Quantum Frontier: Evaluating QML Models on Core Learning Tasks","S. P; S. Shashidhar; S. Rajani; S. Masand; P. Ramasamy","Computer Science and Engineering, PES University, Bengaluru, India; Computer Science and Engineering, PES University, Bengaluru, India; Computer Science and Engineering, PES University, Bengaluru, India; Computer Science and Engineering, PES University, Bengaluru, India; Computer Science and Engineering, PES University, Bengaluru, India",2025 5th International Conference on AI-ML-Systems (AIMLSystems),"19 Jan 2026","2025","","","430","435","Advancements in quantum computing have sparked a systematic evaluation of quantum machine learning (QML) models, focusing on their behavior and performance across diverse learning tasks such as classification, regression, generative modeling, and feature compression. The primary focus is on assessing the performance and behavior of various QML architectures-including Quantum Neural Networks (QNNs), Quantum Support Vector Classifiers (QSVCs), Quantum Generative Adversarial Networks (QGANs), Quantum Convolutional Neural Networks (QCNNs), and Quantum Autoencoders (QAEs)-implemented using Qiskit's machine learning library. This evaluation is conducted using an existing benchmarking framework that ensures consistent experimental conditions and supports flexible evaluation strategies. To provide additional context and insight, these quantum models are compared against classical counterparts using widely adopted implementations. Experiments are carried out on a range of datasets, including structured and low-dimensional examples like Bars and Stripes, as well as more complex datasets like Downscaled MNIST and synthetic Hyperplanes. By providing a standardized evaluation of these models within the Qiskit framework, this study establishes a reproducible performance baseline and highlights key challenges for QML systems in the noisy intermediate-scale quantum (NISQ) era.","","979-8-3315-7318-8","10.1109/AIMLSystems67835.2025.11330254","","https://ieeexplore.ieee.org/stamp/stamp.jsp?arnumber=11330254","Quantum Machine Learning;Benchmarking;Qiskit;Quantum Neural Networks;QSVC;QGAN;QCNN;Quantum Autoencoder","Training;Systematics;Quantum computing;Computational modeling;Neural networks;Autoencoders;Machine learning;Benchmark testing;Libraries;Vectors","","","","31","IEEE","19 Jan 2026","8-11 Oct. 2025","8-11 Oct. 2025","IEEE","IEEE Conferences"
"Quantum Machine Learning for Non-Communicable Disease Classification: A Comprehensive Review","S. Poongothai; R. S. Kumar","Department of Computer Science, Dr. N.G.P Arts Science College, Coimbatore, India; Department of Computer Science with Cognitive Systems, Dr.N.G.P Arts Science College, Coimbatore, India",2025 IEEE 4th International Conference for Advancement in Technology (ICONAT),"30 Jan 2026","2025","","","1","7","Quantum computing (QC) has emerged as a revolutionary technology that can solve computationally rigid problems significantly faster than classical computers, potentially facilitating the development of Machine Learning (ML). This paper provides a deeper review of Quantum Machine Learning (QML), covering basic principles, quantum-classical techniques and real-world healthcare applications. The review paper evaluates the latest developments in quantum-enhanced ML models, including quantum support vector (QSVMs), quantum neural networks (QNNs), quantum principal component (QPCAs), quantum convolutional neural networks (QCNNs) and quantum K-nearest neighbor (QKNNs) techniques. Additionally, the review paper discusses complex challenges such as low computational power, huge, overfitting risk, high-dimensional and noisy datasets in classical ML techniques. Finally, the review paper summarizes the effectiveness of QML techniques compared with classical ML classification techniques based on their accuracy values. This review serves as a comprehensive resource for researchers exploring the classification of various non-communicable diseases (NCDs) on the intersection of quantum computing and machine learning.","","979-8-3315-9573-9","10.1109/ICONAT66879.2025.11362569","","https://ieeexplore.ieee.org/stamp/stamp.jsp?arnumber=11362569","Quantum Computing;Machine learning (ML);quantum machine learning (QML);quantum algorithms;classical machine learning algorithms;accuracy;non-communicable disease (NCDs)","Accuracy;Machine learning algorithms;Reviews;Computational modeling;Machine learning;X-rays;Data models;Hardware;Convolutional neural networks;Diseases","","","","36","IEEE","30 Jan 2026","19-21 Sept. 2025","19-21 Sept. 2025","IEEE","IEEE Conferences"
"Quantum Convolutional Neural Networks (QCNN) Using Deep Learning for Computer Vision Applications","V. Rajesh; U. P. Naik; Mohana","Electronics and Telecommunication Engineering, RV College of Engineering®, Bengaluru, India; Electronics and Telecommunication Engineering, RV College of Engineering®, Bengaluru, India; Electronics and Telecommunication Engineering, RV College of Engineering®, Bengaluru, India","2021 International Conference on Recent Trends on Electronics, Information, Communication & Technology (RTEICT)","29 Oct 2021","2021","","","728","734","Deep learning algorithms and models have made an impact in the area of AI and machine learning, one among them is CNN. CNN is extensively used in the area of image recognition and object detection for classification purposes. CNN is composed of several layers of filters to get feature maps of input data, yet foremost and crucial one is convolutional layer, hence the name Convolutional neural networks. However, the growth of quantum computing and quantum neural network in deep learning is limited. Three main obstacles that limit the growth of these are, first is due to the lack of real-time quantum computers to experiment with. Second is the improper training algorithms and at last, non-linearity nature of the neural networks. This paper introduces a novel approach to begin one's journey in quantum computing, along with solutions and developments. This work provides a detailed description of architectures, frameworks and algorithms used for implementing a QCNN model. The research was made regarding image recognition and object detection using QCNN and found that QCNN can increase the computational speeds with better performance metrics compared to classical computational methods. This paper also debates about applications of QCNN in computer vision, signal and image processing, Pharmaceuticals, Cryptography and various other fields. This study also explains Key players and future work in developing quantum computers, quantum computing algorithms, software and hardware support to implement QCNN in various applications.","","978-1-6654-3559-8","10.1109/RTEICT52294.2021.9574030","","https://ieeexplore.ieee.org/stamp/stamp.jsp?arnumber=9574030","Quantum Convolutional Neural Network (QCNN);Computer Vision;FPGA;Video Surveillance;Deep Learning;Machine Learning","Deep learning;Computers;Training;Computer vision;Quantum computing;Image recognition;Neural networks","","62","","42","IEEE","29 Oct 2021","27-28 Aug. 2021","27-28 Aug. 2021","IEEE","IEEE Conferences"
"Proposal of PolSAR Land Classification Using Quaternion Convolutional Neural Networks","Y. Matsumoto; R. Natsuaki; A. Hirose","Department of Electrical Engineering and Information Systems, The University of Tokyo, Tokyo, Japan; Department of Electrical Engineering and Information Systems, The University of Tokyo, Tokyo, Japan; Department of Electrical Engineering and Information Systems, The University of Tokyo, Tokyo, Japan",2021 IEEE International Geoscience and Remote Sensing Symposium IGARSS,"12 Oct 2021","2021","","","403","406","This paper proposes a quaternion convolutional neural network (QCNN) for PolSAR land classification. The QCNN learns spatial features of polarization with quaternion convo-lutional layers. The QCNN learns relationship between components of input three-dimensional vectors. This property also makes the QCNN map inputs to space of higher dimension with the same number of parameters than a real-valued CNN (RVCNN). In our experiments, the QCNN shows better classification performance than conventional networks. We also present visually that the quaternion kernels extract spatial features by quaternionic convolution.","2153-7003","978-1-6654-0369-6","10.1109/IGARSS47720.2021.9554545","JSPS KAKENHI(grant numbers:18H04105); JAXA(grant numbers:1154 (AH)); ","https://ieeexplore.ieee.org/stamp/stamp.jsp?arnumber=9554545","Polarimetric synthetic aperture radar (Po1SAR);convolutional neural network (CNN);quaternion neural network (QNN)","Convolution;Quaternions;Neural networks;Geoscience and remote sensing;Feature extraction;Polarimetric synthetic aperture radar;Convolutional neural networks","","","","9","IEEE","12 Oct 2021","11-16 July 2021","11-16 July 2021","IEEE","IEEE Conferences"
"Quantum Machine Learning for Cyber Threat Intelligence: A Scoping Review of Current Capabilities and Future Directions","P. Rezaei; B. Rahgozar; M. S. Khan; M. Yadollahi; M. SaberiKamarposhti","Faculty of Electrical Engineering and Computer Science, Howard University Washington, DC, USA; Faculty of Computer Engineering, Isfahan University, Isfahan, Iran; Faculty of Computing and Informatics (FCI), Multimedia University, Cyberjaya Selangor, Malaysia; Department of Computer Engineering, Islamic Azad University, Amol, Iran; Department of Smart Computing and Cyber Resilience, School of Computing and Artificial Intelligence, Sunway University, Selangor, Malaysia",2026 22nd IEEE International Colloquium on Signal Processing & Its Applications (CSPA),"20 May 2026","2026","","","260","265","Emerging cyber threats demand novel detection and analysis paradigms that classical machine learning approaches are increasingly unable to address at requisite scale and speed. Quantum Machine Learning (QML), leveraging quantum mechanical phenomena such as superposition and entanglement, has emerged as a promising framework for cyber threat intelligence (CTI). This scoping review systematically examines 24 published works from 2020 to 2025 following the PRISMA-ScR protocol. We classify QML frameworks like Quantum Support Vector Machines (QSVM), Quantum Neural Networks (QNN), Variational Quantum Circuits (VQC), and Quantum Convolutional Neural Networks (QCNN) across four primary CTI domains: intrusion detection, malware classification, anomaly detection, and phishing detection. Results show that QML models achieved up to 98% accuracy in intrusion detection and 97% in IoT anomaly detection on curated benchmark datasets. Critical caveats apply: 83.3% of studies relied exclusively on quantum simulators rather than real hardware, most benchmarks used datasets predating 2017, and the classical pre-processing and post-processing overheads in hybrid architectures substantially qualify reported speedup claims. We assess hardware constraints in Noisy Intermediate-Scale Quantum (NISQ) devices, data encoding bottlenecks, and missing quality benchmarks. NIST post-quantum cryptography standards (FIPS 203-205, August 2024) and IBM quantum hardware milestones are discussed as contextual anchors. A structured research agenda concludes the review.","2836-4090","979-8-3315-6912-9","10.1109/CSPA68262.2026.11517902","","https://ieeexplore.ieee.org/stamp/stamp.jsp?arnumber=11517902","Quantum Machine Learning;Cyber Threat Intelligence;Intrusion Detection;QSVM;NISQ","Machine learning;Printing;Hardware;Qubit;Machining;Circuits;Internet of Things;Reviews;Computer security;Cyber threat intelligence","","","","42","IEEE","20 May 2026","1-2 May 2026","1-2 May 2026","IEEE","IEEE Conferences"
"Leveraging Deep Quantum Convolutional Neural Networks for Student Facial Expression Identifcation and Mode Assessments","J. Hossain; M. N. Alam; M. Y. Nur Akib; K. Kogoya","dept. of Artificial Intelligence, Nanjing University of Information Science and Technology, Nanjing, China; dept. of Computer Science and Technology, Nanjing University of Information Science and Technology, Nanjing, China; dept. of Computer Science and Technology, Nanjing University of Information Science and Technology, Nanjing, China; dept. of Artificial Intelligence, Nanjing University of Information Science and Technology, Nanjing, China",2024 4th International Conference on Ubiquitous Computing and Intelligent Information Systems (ICUIS),"13 Feb 2025","2024","","","68","74","The incorporation of modern technologies into education has transformed how learning is seen and assessed, with a rising emphasis on understanding student behavior using facial expression recognition (FER). Recognizing students' emotional and cognitive states can provide vital insights into their engagement and learning styles, allowing teachers to adjust their teaching tactics in real time. Traditional machine learning algorithms have been used to solve this problem, but they frequently struggle with the complexity of facial expressions and big datasets, resulting in limitations in accuracy and processing efficiency. This study explores the potential of quantum computing in addressing these challenges through the development of a Deep Quantum Convolutional Neural Network (QCNN) architecture. By combining the advanced image processing capabilities of convolutional neural networks (CNNs) with the computational power of quantum features such as superposition and entanglement, we aim to enhance the detection of facial expressions that reflect students' engagement, concentration, frustration, and satisfaction. Finally, the result demonstrates a classification accuracy of 91.58","","979-8-3315-2963-5","10.1109/ICUIS64676.2024.10866158","","https://ieeexplore.ieee.org/stamp/stamp.jsp?arnumber=10866158","Facial Expression Recognition;Quantum Convolutional Neural Network;Quantum circuit;Student Mode Classification;Variational circuit","Adaptation models;Accuracy;Quantum algorithm;Quantum entanglement;Face recognition;Computational modeling;Education;Ubiquitous computing;Real-time systems;Convolutional neural networks","","4","","21","IEEE","13 Feb 2025","12-13 Dec. 2024","12-13 Dec. 2024","IEEE","IEEE Conferences"
"Electricity Theft Detection in Smart Meters Based on Quantum Convolutional Neural Networks","H. Jia; Y. Li; G. Li; Q. Wang","School of Control and Computer Engineering, North China Electric Power University, Beijing, China; School of Control and Computer Engineering, North China Electric Power University, Beijing, China; School of Control and Computer Engineering, North China Electric Power University, Beijing, China; School of Control and Computer Engineering, North China Electric Power University, Beijing, China",2025 IEEE 4th International Conference on Industrial Electronics for Sustainable Energy Systems (IESES),"30 Jan 2026","2025","","","310","315","To address electricity theft in smart meters within smart grids, this paper proposes a theft detection model based on a one-dimensional quantum convolutional neural network (1D-QCNN) to identify anomalous behaviors in users' electricity consumption data. The proposed model comprises a quantum encoding layer, alternately arranged quantum convolution and pooling layers, and a classical fully connected layer. By leveraging the parallelism of quantum computing and the feature extraction capabilities of convolutional neural networks, the model effectively captures the nonlinear characteristics of electricity theft behavior. Experiments conducted on the Irish Smart Energy Trial dataset demonstrate that, under the scenario of daily electricity consumption per user, the model achieves a detection accuracy of 87.07 % while maintaining a lightweight architecture. These results indicate strong potential and effectiveness of the model in electricity theft detection tasks.","","978-1-6654-7790-1","10.1109/IESES66335.2025.11359777","","https://ieeexplore.ieee.org/stamp/stamp.jsp?arnumber=11359777","electricity theft detection;quantum convolutional neural network;smart meters;variational quantum circuit","Accuracy;Electricity;Computational modeling;Parallel processing;Feature extraction;Smart meters;Encoding;Data models;Smart grids;Convolutional neural networks","","","","25","IEEE","30 Jan 2026","22-24 Sept. 2025","22-24 Sept. 2025","IEEE","IEEE Conferences"
"Quantum Machine Learning-Based Intrusion Detection: A Comparative Study on Real Quantum Hardware","A. Nagy; Y. Wu; Á. Szilvia; B. Fregan; Z. Rajnai","Doctoral School on Safety and Security Science, Obuda University, Budapest, Hungary; Bánki Donát Faculty of Mechanical and Safety Engineering, Obuda University, Budapest, Hungary; Safety and Security Sciences Safety and Security Sciences, Óbuda University, Budapest, Hungary; University of Public Service, Budapest, Hungary; Bánki Donát Faculty of Mechanical and Safety Engineering; Doctoral School on Safety and Security Science, Obuda University, Budapest, Hungary",2025 IEEE 23rd Jubilee International Symposium on Intelligent Systems and Informatics (SISY),"21 Oct 2025","2025","","","000083","000088","Quantum Machine Learning (QML) has become a promising alternative in the field of network anomaly detection (NAD) in recent years, especially in intrusion detection. in the development of intrusion detection systems (IDS). The aim of this study is to examine in detail four quantum machine learning models that were run not on simulators but on real quantum computers, including IBM QPU and IonQ Aria-1 platforms. The analyzed research uses different architectures, such as Quantum Convolutional Neural Network (QCNN), Variational Quantum Classifier (VQC), Quantum Autoencoder (QAE) and Quantum Neural Network (QNN), combined with multiple data processing methods and encoding techniques.","1949-0488","979-8-3315-9657-6","10.1109/SISY67000.2025.11205415","","https://ieeexplore.ieee.org/stamp/stamp.jsp?arnumber=11205415","Quantum computer;Quantum machine learning;Intrusion detection system IDS;Network security","Computers;Computational modeling;Noise;Qubit;Intrusion detection;Computer architecture;Network security;Hardware;Real-time systems;Optimization","","1","","8","IEEE","21 Oct 2025","25-27 Sept. 2025","25-27 Sept. 2025","IEEE","IEEE Conferences"
"Hybrid Quantum Convolutional Neural Networks for UWB Signal Classification","S. -G. Jeong; Q. -V. Do; H. -J. Hwang; M. Hasegawa; H. Sekiya; W. -J. Hwang","Department of Information Convergence Engineering, Center for Artificial Intelligence Research, Pusan National University, Yangsan-si, South Korea; Artificial Intelligence Research Center, Pusan National University, Busan, South Korea; Department of Information Convergence Engineering, Center for Artificial Intelligence Research, Pusan National University, Yangsan-si, South Korea; Department of Electrical Engineering, Tokyo University of Science, Tokyo, Japan; Graduate School of Engineering, Chiba University, Chiba, Japan; Department of Information Convergence Engineering, Center for Artificial Intelligence Research, Pusan National University, Yangsan-si, South Korea",IEEE Access,"19 Oct 2023","2023","11","","113726","113739","With the increasing requirements for location-based services for Internet of things (IoT) applications, ultrawideband (UWB) technology provides accurate indoor positioning capabilities. However, indoor environments contain various obstacles leading to significant signal propagation effects. This results in errors in the time-of-arrival-based UWB positioning system. Specifically, a non-line-of-sight (NLOS) signal induces additional distance and position errors owing to the path delay compared to a line-of-sight (LOS) signal. Therefore, UWB signal classification is essential for improving positioning accuracy. Recently, various approaches have successfully classified UWB signals, including machine-learning-based methods such as convolutional neural networks (CNNs) and long short-term memory (LSTM). This study proposes a hybrid quantum CNN (HQCNN) inspired by a CNN for UWB signal classification. HQCNN employs a classical layer before a quantum embedding circuit and variational quantum circuits for the convolutional filter. These structures enable efficient training and implementation. We used UWB channel impulse response data to demonstrate the performance of the proposed algorithm and compared the benchmarks with HQCNN using the evaluation metrics. The results showed that the HQCNN outperformed the others.","2169-3536","","10.1109/ACCESS.2023.3323019","National Research Foundation of Korea (NRF); Korean Government through the Ministry of Science and ICT (MSIT), South Korea(grant numbers:NRF-2019R1I1A3A01060518); Institute of Information & Communications Technology Planning & Evaluation (IITP); Korea Government (MSIT) through the Artificial Intelligence Convergence Innovation Human Resources Development (Pusan National University)(grant numbers:RS-2023-00254177); MSIT under the Information Technology Research Center (ITRC) Support Program supervised by IITP(grant numbers:IITP-2023-RS-2023-00260098); ","https://ieeexplore.ieee.org/stamp/stamp.jsp?arnumber=10274707","Hybrid quantum convolutional neural network;quantum convolutional neural network;signal classification;ultrawideband;variational quantum circuit","Qubit;Convolutional neural networks;Quantum circuit;Training;Classification algorithms;Ultra wideband technology;Pattern classification;Quantum computing;Pattern classification","","25","","45","CCBYNCND","9 Oct 2023","2023","","IEEE","IEEE Journals"
"Hybrid Quantum-Classical Convolutional Neural Network for Allen Telescope SETI image Classification","A. Yadav; S. S; P. K. R; B. S","CSE, Amrita School of Engineering, Chennai; School of Computer Science and Engineering, Vellore Institute of Technology, Chennai; CSE, Amrita School of Engineering, Chennai; Librarian, Central Library, Amrita School of Engineering, Chennai",2023 14th International Conference on Computing Communication and Networking Technologies (ICCCNT),"23 Nov 2023","2023","","","1","6","The Search for Extraterrestrial Intelligence Institute (SETI) was established to gather and analyze radio signals from space in an effort to detect signs of advanced civilizations that may possibly exist elsewhere in the cosmos. A two-dimensional spectrogram is created using time-series raw data obtained from the Allen telescope. Rigorous data analysis has revealed that the SETI image data set is highly non-separable and challenging. In this paper, we suggest the use of a Hybrid Quantum-Classical convolutional Neural network (HQCNN) using a Quantum node serving to extract intricate features of SETI radio images that are being classified with classical convolutional Neural Network. We also generalized the combination of quantum gates in the Quantum node to improvise the performance of HQCNN. Quantum superposition and entanglement properties of Quantum computers render it feasible to comprehend the basic relationships in the data set more precisely than with traditional Machine Learning and Deep Learning techniques. In this context, with the notion of leveraging the computational benefit of an HQCNN, we, therefore, treated this challenging task as binary classification and filtered any two classes from the primary data set. The experimental analysis was executed in the Google Collaboratory platform with the Python packages such as Pennylane, Keras, and TensorFlow. To validate the outcomes, the HQCNN model is contrasted with various classical Deep learning models in terms of diverse performance metrics. The proposed model outperforms the other models in categorizing Allen Telescope data with the highest accuracy of 90.19% while utilizing a very small portion of the original data set, which motivates further research into the use of Quantum Machine Learning algorithms for signal processing tasks.","2473-7674","979-8-3503-3509-5","10.1109/ICCCNT56998.2023.10308102","","https://ieeexplore.ieee.org/stamp/stamp.jsp?arnumber=10308102","SETI;Allen Telescope radio signal classification;Quantum Neural Networks;Hybrid Quantum Convolutional Neural Networks","Measurement;Quantum computing;Quantum entanglement;Computational modeling;Telescopes;Logic gates;Feature extraction","","4","","25","IEEE","23 Nov 2023","6-8 July 2023","6-8 July 2023","IEEE","IEEE Conferences"
"Remaining Useful Life Estimation of Aircraft Engines Using Siamese Attention-Augmented Quantum Convolutional Neural Networks","A. -M. Z. Abdulrazaq Ali Ali; A. -J. Amjad Mohammed Ahmed; A. -Q. M. Ahmed Abdulaziz; C. Long Wang","College of Mechanical and Electronic Engineering, Shandong University of Science and Technology, Qingdao, China; College of Computer Science and Engineering, Shandong University of Science and Technology, Qingdao, China; College of Mechanical and Electronic Engineering, Shandong University of Science and Technology, Qingdao, China; College of Mechanical and Electronic Engineering, Shandong University of Science and Technology, Qingdao, China",2024 5th International Conference on Computer Engineering and Application (ICCEA),"29 Jul 2024","2024","","","1366","1371","Remaining Useful Life (RUL) prediction is vital in the prognostics and health management (PHM) systems for maintaining complex machinery. However, extracting meaningful features from multivariate time-series machinery data is highly challenging due to the data correlations and temporal information. Therefore, this paper develops a competent RUL prediction method using Siamese Attention-Augmented Quantum Convolutional Neural Networks (SAAQCNN). The SAAQCNN-based model is a hybrid classifier developed by integrating the Siamese Neural Networks (SNN) and Convolutional Neural Networks (CNN) with attention-augmented convolution and hyper-parameter optimization by Quantum theory enhanced Equilibrium Optimizer (QEO). It can learn the spatial and temporal features from the multivariate time-series monitoring dataset and provides the optimal features for the prediction process with reduced model complexity. The NASA Turbofan Jet Engine Dataset is utilized for the evaluation experiments. The results showed that the proposed SAAQCNN-based prediction model achieved better RUL forecasting of the aircraft engines with high accuracy and reduced processing time and RMSE values.","2159-1288","979-8-3503-8677-6","10.1109/ICCEA62105.2024.10604236","","https://ieeexplore.ieee.org/stamp/stamp.jsp?arnumber=10604236","Remaining Useful Life prediction;Prognostics and Health management;Multivariate Time-series;Siamese Neural Networks;Convolutional Neural Networks;Quantum Equilibrium Optimizer","Adaptation models;Convolution;Atmospheric modeling;Quantum mechanics;Predictive models;Feature extraction;Convolutional neural networks","","","","20","IEEE","29 Jul 2024","12-14 April 2024","12-14 April 2024","IEEE","IEEE Conferences"
"Quantum Machine Learning for Optical and SAR Classification","L. Miller; G. Uehara; A. Sharma; A. Spanias","SenSIP Center, School of ECEE, Arizona State University, Tempe, AZ, USA; SenSIP Center, School of ECEE, Arizona State University, Tempe, AZ, USA; SenSIP Center, School of ECEE, Arizona State University, Tempe, AZ, USA; SenSIP Center, School of ECEE, Arizona State University, Tempe, AZ, USA",2023 24th International Conference on Digital Signal Processing (DSP),"5 Jul 2023","2023","","","1","5","We present in this paper a method to compare scene classification accuracy of C-band Synthetic aperture radar (SAR) and optical images utilizing both classical and quantum computing algorithms. This REU study uses data from the Sentinel satellite. The dataset contains (i) synthetic aperture radar images collected from the Sentinel-1 satellite and (ii) optical images for the same area as the SAR images collected from the Sentinel-2 satellite. We examine classical neural networks to classify four classes of images. We then explore Quantum Convolutional Neural Networks and deep learning techniques in terms of their training and classification performance. A hybrid Quantum-classical model that is trained on the Sentinel1-2 dataset is proposed, and its performance is then compared against the classical model in terms of classification accuracy.","2165-3577","979-8-3503-3959-8","10.1109/DSP58604.2023.10167979","","https://ieeexplore.ieee.org/stamp/stamp.jsp?arnumber=10167979","SAR;radar;REU;Neural Networks;VGG16;deep learning;Quantum convolutional neural network.","Training;Optical filters;Scene classification;Satellites;Signal processing algorithms;Optical imaging;Adaptive optics","","9","","37","IEEE","5 Jul 2023","11-13 June 2023","11-13 June 2023","IEEE","IEEE Conferences"
"A Quick Overview of Quantum Machine Learning","J. -R. Jiang","Department of Computer Science and Information Engineering, National Central University, Taoyuan City, Taiwan","2023 IEEE 5th Eurasia Conference on IOT, Communication and Engineering (ECICE)","12 Jan 2024","2023","","","301","304","Quantum machine learning (QML), which integrates quantum computing and machine learning techniques, has attracted much research attention in recent years. A previous study proposed a four-class classification for QML techniques based on whether the data and computations are in quantum or classical forms. Based on the four-class classification, I introduced examples and applications for each class of QML techniques. Two of the four classes have more research results than the other two. They are the CC class, where classical data are processed by classical models with the quantum computing flavor, and the CQ class, where classical data are processed by quantum-based models. More research results related to the CC and CQ classes are presented in this article. The introduced techniques include quantum-inspired binary classifiers, quantum-inspired multi-class classifiers, quantum-inspired support vector machines, quantum-inspired linear regression, and quantum-inspired recommendation systems of the CC class. They also include quantum support vector machines, quantum neural networks, quantum convolutional neural networks, and quantum autoencoders of the CQ class. Finally, possible research directions are suggested for each class, especially for the CC and CQ classes. The suggested research directions encompass hybrid classical-quantum machine learning, quantum K-nearest neighbor, quantum clustering, quantum generative adversarial network, and quantum reinforcement learning techniques.","","979-8-3503-1469-4","10.1109/ECICE59523.2023.10383149","","https://ieeexplore.ieee.org/stamp/stamp.jsp?arnumber=10383149","quantum autoencoder;quantum convolutional neural network;quantum machine learning;quantum support vector machine;quantum neural network","Support vector machines;Quantum computing;Computational modeling;Neural networks;Linear regression;Reinforcement learning;Data models","","4","","36","IEEE","12 Jan 2024","27-29 Oct. 2023","27-29 Oct. 2023","IEEE","IEEE Conferences"
"Quantum Image Classification on NISQ Devices","S. Al-Ogbi; A. Ashour; M. Felemban","Computer Engineering Department, KFUPM, Dhahran, Saudi Arabia; Mechanical Engineering Department, KFUPM, Dhahran, Saudi Arabia; Computer Engineering Department, Center for Intelligent Secure Systems, KFUPM, Dhahran, Saudi Arabia",2022 14th International Conference on Computational Intelligence and Communication Networks (CICN),"13 Jan 2023","2022","","","1","7","Quantum computing is an emerging computing field that is expected to make a huge impact on several scopes of science and technology. In this paper, we investigate the role of quantum computing in image classification, as an important branch of machine learning with widely used applications in healthcare, military, and IR4.0. In particular, we systemically compare the performance of two well-known classical image classification systems, i.e., Support Vector Machine (SVM) and Convolutions Neural Network (CNN), with equivalent quantum image classification algorithms, i.e., Quantum Support Vector Machine (Q-SVM) and Quantum Convolutional Neural Network (Q-CNN). Both quantum and classical algorithms are implemented on available Noisy-Intermediate Scale Quantum (NISQ) devices using MNIST dataset. Performance of models were compared regarding accuracy and training time. The results show that classical algorithms outperform the quantum algorithms for the given tasks. However, we observe that large-scale fault-tolerant quantum computing can effectively perform image classification tasks in the future.","2472-7555","978-1-6654-8771-9","10.1109/CICN56167.2022.10008259","","https://ieeexplore.ieee.org/stamp/stamp.jsp?arnumber=10008259","Quantum Computing;Machine Learning;Quantum Machine Learning","Support vector machines;Performance evaluation;Quantum algorithm;Machine learning algorithms;Fault tolerant systems;Machine learning;Classification algorithms","","3","","18","IEEE","13 Jan 2023","4-6 Dec. 2022","4-6 Dec. 2022","IEEE","IEEE Conferences"
"A Comprehensive Review of Hybrid Quantum–Classical Approaches for Image Classification","A. K. Jha; R. Bhandari; R. Chadha","M.E CSE, Chandigarh University, Mohali, India; Department Of CSE, Chandigarh University, Mohali, India; Department Of CSE, Chandigarh University, Mohali, India",2025 IEEE 3rd Global Conference on Wireless Computing and Networking (GCWCN),"25 Mar 2026","2025","","","1","6","Noisy Intermediate-Scale Quantum (NISQ) devices have led to the creation of hybrid quantum-classical algorithms, which have provided an innovative design to improve classical machine learning. This article focuses on a review of Hybrid Quantum-Classical Neural Networks (H-QCNNs) in image classification, which is an emerging area that attempts to exploit the representational ability of parameterized quantum circuits (PQCs) and the proven feature extraction capabilities of classical deep learning. We empirically examine the current tendencies in architecture, such as quanvolutional networks, sequential models, and variational quantum classifiers, and critically assess their performance on standard and custom data. The literature analysis shows a large performance difference between noiseless simulation and execution on real hardware, indicating the highly problematic aspects of scaling beyond binary tasks, quantum noise, and a lack of standardized benchmarking. Moreover, we mention such innovative contributions as the small H-QNN model that offers comparable accuracy, yet meets strict NISQ requirements. Last but not least, the current review offers a systematic taxonomy of H-QCNN architectures, a comparative study of methodology options, and a clear roadmap to future research to reach a workable quantum advantage in computer vision. It is a resource to the beginners as well as a reference to the professionals working in the field, so the field would be moved to more powerful, scalable, and hardware-conscious ways of implementation.","","979-8-3315-0335-2","10.1109/GCWCN66157.2025.11448343","","https://ieeexplore.ieee.org/stamp/stamp.jsp?arnumber=11448343","Hybrid Quantum-Classical Neural Networks(HQ-CNN);Quantum Machine Learning (QML);Image Classification;Parameterized Quantum Circuits (PQC);Noisy Intermediate-Scale Quantum (NISQ);Qiskit;Variational Quantum Circuits (VQC);Computer Vision","Quantum advantage;Reviews;Computational modeling;Taxonomy;Noise;Computer architecture;Hardware;Noise measurement;Quantum circuit;Image classification","","1","","28","IEEE","25 Mar 2026","22-23 Nov. 2025","22-23 Nov. 2025","IEEE","IEEE Conferences"
"Hybrid Quantum-Classical Neural Network for Breast Cancer Detection","M. T. Rahim; A. Ali; T. Alam","College of Science and Engineering, Hamad Bin Khalifa University, Doha, Qatar; College of Science and Engineering, Hamad Bin Khalifa University, Doha, Qatar; College of Science and Engineering, Hamad Bin Khalifa University, Doha, Qatar",2025 International Conference on Data Science and Its Applications (ICoDSA),"15 Sep 2025","2025","","","1256","1260","Breast cancer is among the leading causes of mortality among women worldwide, emphasizing the urgent need for accurate and efficient diagnostic tools. Machine learning-based systems have been heavily investigated in this regard. Quantum computing has garnered considerable attention recently; however, few studies have focused on its application to this specific problem. In this work, we integrate quantum computing principles with classical neural networks (QCNNs) to enhance the detection accuracy and computational efficiency of breast cancer diagnosis using the MedMNIST dataset. The hybrid QCNN framework leverages the power of quantum computing to perform complex feature mapping and extraction while reducing the estimated circuit depth of the quantum circuit compared to pure quantum neural network schemes. The proposed model achieved an accuracy of over 84%, a sensitivity of 82%, and a specificity of 86.0%, outperforming the state-of-the-art model developed for the same purpose. The focus of the study is to improve the accuracy and generalizability of classifying complex mammograms, as opposed to current quantum machine learning models, for practical applications in healthcare. We believe this study will support advancing the prospect of AI-enabled medical diagnosis with state-of-the-art quantum computing principles.","","979-8-3315-9854-9","10.1109/ICoDSA67155.2025.11157288","","https://ieeexplore.ieee.org/stamp/stamp.jsp?arnumber=11157288","artificial intelligence;neural network;quantum computing;breast cancer","Quantum computing;Accuracy;Sensitivity;Computational modeling;Mortality;Logic gates;Feature extraction;Breast cancer;Integrated circuit modeling;Quantum circuit","","1","","17","IEEE","15 Sep 2025","3-5 July 2025","3-5 July 2025","IEEE","IEEE Conferences"
"Quaternion Convolutional Neural Networks: Enhancing Color Image Classification through Inter-Channel Relationships","A. Sharma; A. Kumar","Department of Mathematics, Bharatiya Vidya Bhavan’s Hazarimal Somani College, Mumbai, India; Department of Mathematics, Institute of Chemical Technology, Mumbai, India","2026 International Conference on Intelligent Computing, Networks, and Security (IC-ICNS)","2 Jun 2026","2026","","","1","5","A key challenge in color image classification is the efficient representation of Red, Green and Blue channels while preserving the inherent inter channel relationships. Traditional Convolutional Neural Networks(CNNs) treat each channel independantly. Quaternion Convolutional Neural Networks(QCNNs) address this limitation by extending the real valued neural network framework into a four-dimensional space. In this work, we propose a Quaternion Convolutional Neural Network architecture that leverages quaternion convolution to facilitate interactions between all channels of the input and filter simultaneously using the Hamilton product. A weight initialization strategy to ensure convergence during training is adopted for the quaternion framework. The proposed model is evaluated against an equivalent real-valued CNN counterpart on the image classification task using CIFAR-10 dataset. Experimental findings indicate that the proposed QCNN achieves comparable classification accuracy while requiring approximately four times fewer trainable parameters.","","979-8-3315-8337-8","10.1109/IC-ICNS68863.2026.11537942","","https://ieeexplore.ieee.org/stamp/stamp.jsp?arnumber=11537942","Quaternion convolutional neural network;color image classification;quaternion convolution;quaternion weight initialization","Equations;Tagging;Modeling;Convolutional neural networks;Accuracy;Batch normalization;Reactive power;Conferences;Convolution;Printing","","","","8","IEEE","2 Jun 2026","26-28 March 2026","26-28 March 2026","IEEE","IEEE Conferences"
"Efficient Channel Generation for QCNNs based on Multi-Pauli Matrices","T. Miwa; Y. Oda; S. Kayano; K. Yoshino","Nara Institute of Science and Technology, Guardian Robot Project of RIKEN, Nara, Japan; Research and Development Center for Large Language Modes, National Institute of Informatics Guardian Robot Project of RIKEN, Tokyo, Japan; Guardian Robot Project of RIKEN Nara Institute of Science and Technology, Kyoto, Japan; Institute of Science Tokyo Guardian Robot Project of RIKEN Nara Institute of Science and Technology, Tokyo, Japan","2025 International Conference on Quantum Communications, Networking, and Computing (QCNC)","15 May 2025","2025","","","549","553","There is growing interest in quantum convolutional networks (QCNNs) due to their various possible applications and suitability for quantum computation. Although QCNN is superior in terms of performance, it requires the calls of quantum circuits for the number of windows. Parallel computation is challenging for channels with different weight filters, and there were issues with computational efficiency. In this study, we propose to improve the efficiency of the calculation algorithm by focusing on the relationship between the number of weight filters and the number of channels. We reduced the number of channels by efficiently retaining the quantum state in the next layer by observing multiple Pauli operations. We confirmed a strong correlation between the number of weight filters and the calculation time and demonstrated the importance of this method for reducing the number of weight filters. We investigated that the proposed method can significantly reduce the number of parameters and the calculation time while maintaining accuracy.","","979-8-3315-3159-1","10.1109/QCNC64685.2025.00092","Research and Development; ","https://ieeexplore.ieee.org/stamp/stamp.jsp?arnumber=11000245","Quantum Computing;Quantum Machine Learning;Quantum Convolutional Neural Network;Time Efficiency","Training;Filters;Focusing;Machine learning;Quantum state;Encoding;Computational efficiency;Convolutional neural networks;Quantum circuit;Integrated circuit modeling","","","","15","IEEE","15 May 2025","31 March-2 April 2025","31 March-2 April 2025","IEEE","IEEE Conferences"
"Quantum-Classical-Quantum Workflow in Quantum-HPC Middleware with GPU Acceleration","K. -C. Chen; X. Li; X. Xu; Y. -Y. Wang; C. -Y. Liu","Centre for Quantum Engineering, Science and Technology (QuEST), Imperial College London, London, UK; Department of Physics and Astronomy, University of Waterloo, Waterloo, Canada; Centre for Quantum Engineering, Science and Technology (QuEST), Imperial College London, London, UK; NVidia AI Technology Center (NVAITC), NVIDIA Corp., Taipei, Taiwan; Graduate Institute of Applied Physics, National Taiwan University, Taipei, Taiwan","2024 International Conference on Quantum Communications, Networking, and Computing (QCNC)","22 Aug 2024","2024","","","304","311","Achieving high-performance computation on quantum systems is challenging, requiring integration between quantum and classical computing resources. This study presents a distribution-aware Quantum-Classical-Quantum (QCQ) architecture that combines advanced quantum software frameworks with high-performance classical computing to improve quantum simulations for materials and condensed matter physics, including the prediction of quantum phase transitions. The architecture employs Variational Quantum Eigensolver (VQE) algorithms on Quantum Processing Units (QPUs) for efficient quantum state preparation, and Tensor Network states and Quantum Convolutional Neural Networks (QCNNs) on classical hardware for state classification. Utilizing the cuQuantum SDK and PennyLane's Lightning plugin, the QCQ architecture achieves up to tenfold increases in computational speed for complex phase transition classification tasks compared to traditional CPU-based methods, demonstrating 99.5% accuracy in predicting phase transitions in models like the transverse field Ising and XXZ systems. This framework integrates quantum algorithms, machine learning, and Quantum-HPC capabilities, offering transformative insights into the behavior of quantum systems across different scales. As quantum hardware continues to improve, the QCQ framework will play a crucial role in realizing the full potential of quantum computing by seamlessly integrating distributed quantum resources with state-of-the-art classical computing infrastructure.","","979-8-3503-6677-8","10.1109/QCNC62729.2024.00017","","https://ieeexplore.ieee.org/stamp/stamp.jsp?arnumber=10628380","Quantum Machine Learning;Distributed Quantum Computing;Quantum Software;Quantum Simulation;cuQuantum SDK;Tensor Network","Quantum system;Quantum computing;Accuracy;Machine learning algorithms;Tensors;Computer architecture;Prediction algorithms","","24","","45","IEEE","22 Aug 2024","1-3 July 2024","1-3 July 2024","IEEE","IEEE Conferences"
"Quantum Federated Learning in Healthcare: The Shift from Development to Deployment and from Models to Data","A. S. Bhatia; S. Kais; M. A. Alam","School of Electrical and Computer Engineering, Purdue University, West Lafayette, IN, USA; Department of Electrical and Computer Engineering, North Carolina State University, Raleigh, NC, USA; School of Electrical and Computer Engineering, Purdue University, West Lafayette, IN, USA",IEEE Journal of Biomedical and Health Informatics,"","2025","PP","99","1","15","Healthcare organizations have a high volume of sensitive data and traditional technologies have limited storage capacity and computational resources. The prospect of sharing healthcare data for machine learning is more arduous due to firm regulations related to patient privacy. In recent years, federated learning has offered a solution to accelerate distributed machine learning addressing concerns related to data privacy and governance. Currently, the blend of quantum computing and machine learning has experienced significant attention from academic institutions and research communities. The ultimate objective of this work is to develop a federated quantum machine learning framework (FQML) to tackle the optimization, security, and privacy challenges in the healthcare industry for medical imaging tasks. In this work, we proposed federated quantum convolutional neural networks (QCNNs) with distributed training across edge devices. To demonstrate the feasibility of the proposed FQML framework, we performed extensive experiments on two benchmark medical datasets (Pneumonia MNIST, and CT kidney disease analysis), which are non-independently and non-identically partitioned among the healthcare institutions/clients. The proposed framework is validated and assessed via large-scale simulations. Based on our results, the quantum simulation experiments achieve performance levels on par with well-known classical CNN models, 86.3% accuracy on the pneumonia dataset and 92.8% on the CT-kidney dataset, while requiring fewer model parameters and consuming less data. Moreover, the client selection mechanism is proposed to reduce the computation overhead at each communication round, which effectively improves the convergence rate.","2168-2208","","10.1109/JBHI.2025.3596156","","https://ieeexplore.ieee.org/stamp/stamp.jsp?arnumber=11119032","quantum machine learning;federated learning;healthcare;medical imaging;collaborative learning;quantum optimization","Medical services;Training;Data models;Quantum computing;Qubit;Federated learning;Artificial intelligence;Computational modeling;Servers;Encoding","","3","","","IEEE","6 Aug 2025","","","IEEE","IEEE Early Access Articles"
"It's-A-Me, Quantum Mario: Scalable Quantum Reinforcement Learning with Multi-Chip Ensembles","J. J. Park; H. -H. Tseng; S. Yoo; S. Y. -C. Chen; J. Cha","Interdisciplinary Program in Artificial Intelligence, Seoul National University; Computational Science Initiative, Brookhaven National Laboratory; Computational Science Initiative, Brookhaven National Laboratory; Wells Fargo; Interdisciplinary Program in Artificial Intelligence, Seoul National University",2025 IEEE International Conference on Quantum Artificial Intelligence (QAI),"23 Jan 2026","2025","","","366","372","Quantum reinforcement learning (QRL) promises compact function approximators with access to vast Hilbert spaces, but its practical progress is slowed by NISQ-era constraints such as limited qubits and noise accumulation. We introduce a multi-chip ensemble framework using multiple small Quantum Convolutional Neural Networks (QCNNs) to overcome these constraints. Our approach partitions complex, high-dimensional observations from the Super Mario Bros environment across independent quantum circuits, then classically aggregates their outputs within a Double Deep Q-Network (DDQN) framework. This modular architecture enables QRL in complex environments previously inaccessible to quantum agents, achieving superior performance and learning stability compared to classical baselines and single-chip quantum models. The multichip ensemble demonstrates enhanced scalability by reducing information loss from dimensionality reduction while remaining implementable on near-term quantum hardware, providing a practical pathway for applying QRL to real-world problems.","","979-8-3315-6986-0","10.1109/QAI63978.2025.00063","","https://ieeexplore.ieee.org/stamp/stamp.jsp?arnumber=11344631","quantum reinforcement learning;multi-chip ensemble qml;high-dimensional environment","Quantum advantage;Quantum entanglement;Scalability;Noise;Qubit;Reinforcement learning;Computer architecture;Hardware;Stability analysis;Quantum circuit","","2","","37","IEEE","23 Jan 2026","2-5 Nov. 2025","2-5 Nov. 2025","IEEE","IEEE Conferences"
"Study of Brain Image Segmentation Techniques: Bridging Classical Methods and Quantum Innovations","S. M. A. Helmy; S. A. El-Regaily; A. M. Mahmoud; E. -S. M. El-Horbaty","Software Engineering Department, Faculty of Computer and Information Sciences, Ain Shams University, Cairo, Egypt; Basic Science Department, Faculty of Computer and Information Sciences, Ain Shams University, Cairo, Egypt; Computer Science Department, Faculty of Computer and Information Sciences, Ain Shams University, Cairo, Egypt; Computer Science Department, Faculty of Computer and Information Sciences, Ain Shams University, Cairo, Egypt",2025 Twelfth International Conference on Intelligent Computing and Information Systems (ICICIS),"31 Dec 2025","2025","","","1","8","The intricate architecture of the Central Nervous System (CNS) underscores its pivotal role in sensory and motor function, with the brain's diverse regions—cerebellum, brainstem, and cerebrum—each contributing uniquely to cognitive and physiological processes. This comparative study delves into the critical challenges of brain tumor and ischemic stroke segmentation, emphasizing the necessity for precise imaging techniques, particularly MRI, in diagnosing and treating these conditions. We explore the evolution of segmentation methodologies, from traditional active contour models to cutting-edge quantum machine learning (QML) approaches, highlighting their respective strengths and limitations. Our analysis reveals significant advancements in segmentation accuracy and computational efficiency, particularly through hybrid quantum-classical frameworks that leverage the power of Quantum Convolutional Neural Networks (QCNNs) and advanced deep learning techniques. By synthesizing findings from recent literature, we demonstrate how these innovative algorithms not only enhance diagnostic precision but also pave the way for personalized treatment strategies. This study ultimately advocates for the integration of quantum computing in medical imaging, positing that such advancements could revolutionize brain tumor management and improve patient outcomes. Future research directions are proposed to optimize these models for broader clinical applicability, ensuring robust performance across diverse imaging datasets and real-world scenarios.","2831-5952","979-8-3315-2498-2","10.1109/ICICIS66182.2025.11313113","","https://ieeexplore.ieee.org/stamp/stamp.jsp?arnumber=11313113","Central Nervous System (CNS);Brain Tumor Segmentation;Brain imaging modalities;Neuroimaging Techniques;Quantum Innovations;Deep Learning","Neuroimaging;Deep learning;Image segmentation;Technological innovation;Quantum computing;Computational modeling;Brain tumors;Central nervous system;Brain modeling;Physiology","","","","33","IEEE","31 Dec 2025","25-27 Nov. 2025","25-27 Nov. 2025","IEEE","IEEE Conferences"
"Recent Developments in Quantum Machine Learning","I. Kahvazadeh; A. C. Fong","Department of Computer Science, Western Michigan University, Kalamazoo, MI, USA; Department of Computer Science, Western Michigan University, Kalamazoo, MI, USA",2025 International Conference on Intelligent & Innovative Practices in Engineering & Management (IIPEM),"9 Jun 2026","2025","","","1","6","Motivated by the anticipated advantage of quantum computing in complex tasks, quantum machine learning (QML) combines quantum principles with machine learning (ML) for potential speedups. This paper reviews recent progress in three main directions: (a) Variational Quantum Algorithms (VQAs), (b) Quantum Convolutional Neural Networks (QCNNs), and (c) quantum kernel methods. Key challenges are highlighted, including data encoding, hardware noise in the Noisy Intermediate-Scale Quantum (NISQ) regime, and the importance of standardized benchmarking. Promising strategies to address these challenges include hybrid quantum-classical integration, transfer learning, and algorithm-hardware co-design. Experimental demonstrations on platforms developed by IBM, Google, and IonQ illustrate the feasibility of QML on near-term quantum devices. Looking forward, advances in encoding schemes, noise-resilient circuit design, and domain-specific applications in chemistry, materials, and biomedicine are expected to further accelerate the practical development of QML.","","979-8-3315-9604-0","10.1109/IIPEM65914.2025.11547992","","https://ieeexplore.ieee.org/stamp/stamp.jsp?arnumber=11547992","Quantum machine learning (QML);Variational quantum algorithms (VQAs);Quantum convolutional neural networks (QCNNs);Quantum support vector machines (QSVMs);Hybrid quantum-classical computing;Noisy intermediate-scale quantum (NISQ) devices;Quantum data encoding","Modeling;Printing;Machine learning;Optimization;Encoding;Circuits;Machining;Algorithms;Qubit;Quantum circuit","","","","40","IEEE","9 Jun 2026","25-25 Nov. 2025","25-25 Nov. 2025","IEEE","IEEE Conferences"
"Random Forest-Based Approximation for Quantized CNNs on Edge FPGAs","Y. Suzuki; H. Saito; S. Semba; Y. Tomioka; T. Hanyu","The University of Aizu, Aizu-Wakamatsu, Japan; The University of Aizu, Aizu-Wakamatsu, Japan; The University of Aizu, Aizu-Wakamatsu, Japan; The University of Aizu, Aizu-Wakamatsu, Japan; Tohoku University, Sendai, Japan",2025 IEEE 18th International Symposium on Embedded Multicore/Many-core Systems-on-Chip (MCSoC),"31 Dec 2025","2025","","","653","660","One promising approach to accelerating AI processing on edge devices is the use of Field Programmable Gate Arrays (FPGAs). However, edge devices often face constraints such as low power consumption and restricted physical space, making AI model compression essential. To address this, we propose an approximate search method for Quantized Convolutional Neural Networks (QCNNs) using Random Forests (RF). The proposed method identifies layers that can be approximated within given accuracy requirements, while taking into account the number of operations relevant to FPGA implementation. In our experiments, the proposed method was applied to five QCNN models, and the resulting approximated QCNN models were implemented on an FPGA. We demonstrate the effectiveness of the proposed method through evaluations of circuit area, execution time, dynamic power consumption, and energy consumption.","2771-3075","979-8-3315-6571-8","10.1109/MCSoC67473.2025.00107","Research Institute of Electrical Communication; Tohoku University; ","https://ieeexplore.ieee.org/stamp/stamp.jsp?arnumber=11311063","QCNN;random forest;FPGA","Radio frequency;Training;Energy consumption;Accuracy;Power demand;Quantization (signal);Search methods;Integrated circuit modeling;Artificial intelligence;Field programmable gate arrays","","","","17","IEEE","31 Dec 2025","15-18 Dec. 2025","15-18 Dec. 2025","IEEE","IEEE Conferences"
"HQSI: Hybrid Quantum Swarm Intelligence – A Case Study of Online Certificate Status Protocol Request Flow Prediction","A. C. H. Chen","Information & Communications Security Laboratory, Chunghwa Telecom Laboratories, Taoyuan, Taiwan",2025 2nd International Conference on Integration of Computational Intelligent System (ICICIS),"9 Feb 2026","2025","","","1","6","As quantum computing technology continues to advance, various sectors, including industry, government, academia, and research, have increasingly focused on its future applications. With the integration of artificial intelligence techniques, multiple Quantum Neural Network (QNN) models have been proposed, including quantum convolutional neural networks, quantum long short-term memory networks, and quantum generative adversarial networks. Furthermore, optimization methods such as constrained optimization by linear approximation and simultaneous perturbation stochastic approximation have been explored. Therefore, this study proposes Hybrid Quantum Swarm Intelligence (HQSI), which constructs a QNN model as a forward propagation neural network. After measuring quantum states and obtaining prediction results, a classical computer-based swarm intelligence algorithm is employed for weight optimization. The training process iterates between quantum and classical computing environments. During the experimental phase, the proposed HQSI method is evaluated using an online certificate status protocol request traffic prediction task. Comparative analysis against state-of-the-art quantum optimization algorithms demonstrates that the proposed HQSI approach achieves more than a 50% reduction in error.","","979-8-3315-3736-4","10.1109/ICICIS65613.2025.11371297","","https://ieeexplore.ieee.org/stamp/stamp.jsp?arnumber=11371297","Swarm intelligence;quantum neural network;quantum computing;request flow prediction;online certificate status protocol","Weight measurement;Training;Quantum computing;Protocols;Computational modeling;Neural networks;Stochastic processes;Quantum state;Prediction algorithms;Swarm intelligence","","","","20","IEEE","9 Feb 2026","9-12 Sept. 2025","9-12 Sept. 2025","IEEE","IEEE Conferences"
"Heart Disease Prediction Using Hybrid Quantum-Classical Machine Learning Models","P. R. T; V. D; R. S","Department of CSE, Ramaiah Institute of Technology, Bengaluru, India; Department of CSE, Ramaiah Institute of Technology, Bengaluru, India; Department of CSE, Ramaiah Institute of Technology, Bengaluru, India",2026 4th International Conference on Knowledge Engineering and Communication Systems (ICKECS),"26 May 2026","2026","","","1","6","Cardiovascular diseases remain the leading cause of mortality globally, necessitating accurate diagnostic tools for early detection and intervention. This paper presents a comprehensive comparative and hybrid analysis of quantum and classical machine learning models for heart disease prediction using the UCI Cleveland dataset. We implement classical baseline models including Logistic Regression, Random Forest, Support Vector Machine (SVM), and XGBoost, alongside quantum models: Quantum Support Vector Machine (QSVM) with statevector fidelity kernels, Variational Quantum Classifier (VQC) with data-reuploading ansätze, and Quantum Convolutional Neural Networks (QCNN) with parametric pooling. The primary contribution is the development of a hybrid quantum classical ensemble meta-classifier that fuses predictions from all classical and quantum learners using XGBoost as a meta learner. Experiments conducted in Google Colab using Qiskit 1.2+ and Penny Lane 0.36+ demonstrate that the proposed hybrid ensemble achieves superior performance with 98.33accuracy, 100perfect AUC-ROC of 1.0, substantially outperforming standalone classical models (best: 88.33(best: 80hybrid model’s superiority. These results underscore the potential of quantum feature spaces combined with classical decision boundaries in healthcare prediction systems, and demonstrate the immediate utility of hybrid quantum-classical integration in medical diagnostics on near-term quantum hardware.","","979-8-3315-4777-6","10.1109/ICKECS70176.2026.11527728","","https://ieeexplore.ieee.org/stamp/stamp.jsp?arnumber=11527728","Quantum Machine Learning;QSVM;Variational Quantum Classifier;QCNN;Hybrid Ensemble;Heart Disease Prediction;Medical AI;Quantum Computing;Healthcare Analytics;Feature Hilbert Spaces","Modeling;Machine learning;Equations;Machining;Printing;Diseases;Support vector machines;Accuracy;Circuits;Kernel","","","","21","IEEE","26 May 2026","24-25 April 2026","24-25 April 2026","IEEE","IEEE Conferences"
"Quadruplet Convolution Neural Network With C3 Loss (C3-QCNN) for Signal Classification","C. Yang; S. Yang; Z. Feng; M. Wang","School of Artifical Intelligentce, Xidian University, Xi’an, China; School of Artifical Intelligentce, Xidian University, Xi’an, China; School of Artifical Intelligentce, Xidian University, Xi’an, China; School of Electronic Engineering, Xidian University, Xi’an, China",IEEE Transactions on Instrumentation and Measurement,"14 Nov 2022","2022","71","","1","8","In this article, a new quadruplet convolution neural network (QCNN) is proposed to cooperatively and contrastively learn deep features of raw radio signals for accurate automatic modulation classification (AMC) when very few labeled samples are available. Four convolutional channels with shared weights are constructed to deal with the in-phase ( $I$ ) path and quadrature ( $Q$ ) path of signals. Moreover, a new cooperative–contrastive–classification (C3)-loss function that contains the cooperative loss, contrastive loss, and classification loss is designed for QCNN to extract discriminative and concise features of signals. Some experiments are taken on the public dataset generated with GNU Radio, which has 11 types of modulation signals with different signal-to-noise ratios. The experimental results show that the QCNN with C3 loss (C3-QCNN) achieves high classification accuracy and outperform its counterparts.","1557-9662","","10.1109/TIM.2022.3217846","National Natural Science Foundation of China(grant numbers:U22B2018,62276205,62171357); Science and Technology Innovation Team in Shaanxi Province of China(grant numbers:2020TD-2017); Foundation of Intelligent Decision and Cognitive Innovation Center of State Administration of Science, Technology and Industry for National Defense, China; ","https://ieeexplore.ieee.org/stamp/stamp.jsp?arnumber=9931748","Automatic modulation classification (AMC);contrastive learning;cooperative–contrastive–classification (C3)-loss function;cooperative learning;quadruplet convolution neural network","Convolution;Modulation;Feature extraction;Kernel;Neurons;Neural networks;Biological neural networks","","6","","47","IEEE","28 Oct 2022","2022","","IEEE","IEEE Journals"
"A Flash-Based Reconfigurable QCNN Inference Accelerator for Edge Applications","K. R. Scott; S. P. Khatri","Department of Electrical and Computer Engineering, Texas A&M University, College Station, TX, USA; Department of Electrical and Computer Engineering, Texas A&M University, College Station, TX, USA",IEEE Transactions on Computers,"17 Mar 2026","2026","75","4","1533","1550","This paper presents a novel in-memory flash-based Quantized Convolutional Neural Network (QCNN) inference accelerator Integrated Circuit (IC), which achieves extremely high throughput and extremely low power, energy, and memory requirements. In this manner, our design significantly improves upon state-of-the-art inference accelerators operating at the edge. Our accelerator IC is designed as a field-programmable, reconfigurable dataflow architecture, which allows a wide variety of trained QCNN models to be programmed to our IC. Once programmed with a model, our IC performs inference with zero access to off-chip memory. In our accelerator, the core computing structures are arrays of flash Field Effect Transistors (FETs) integrated in three dimensions (3D). We use 3D NOR flash stacks, thus achieving an area efficient design with the promise of further improvements as the depth of 3D NOR flash process technology advances. Our flash arrays perform dot product operations in the analog voltage domain, using an extremely low supply voltage ($VDD_{lo}$VDDlo, which is 100 mV in our design), resulting in a very high energy efficiency. The digital I/Os of our arrays are in the nominal supply voltage domain for our process ($VDD_{hi}$VDDhi, which is 0.8 V in our design), which allows them to be easily stored in registers without the need for level shifters. Neuron weights in our QCNN accelerator are stored in-memory in our flash arrays. These arrays perform dot product operations between a vector of all neuron inputs (in the $VDD_{hi}$VDDhi domain) and a vector of corresponding weights (stored in the flash devices as programmed $V_{TH}$VTH values), resulting in an output in the $VDD_{lo}$VDDlo domain. We show that for inference on ImageNet with a quantized AlexNet model, our IC achieves extremely low inference latency (28.7 ms at most), power consumption (5.82 mW at most), and energy consumption (4.35 $\mu$μJ at most), making it especially suited for use in resource-constrained edge devices, such as portable medical devices used for disease diagnosis and ECG signal classification. We prove that our design is robust to Process, Voltage, and Temperature (PVT) variations, and report a drop in Top-1 (Top-5) ImageNet validation accuracy of at most 0.90% (1.07%) across PVT variations. We compare our QCNN accelerator against recent state-of-the-art in-memory neural network accelerators and report an energy efficiency that is at least 15.2$\times$× higher and a parameter density that is at least 3.32$\times$× higher than the best existing design.","1557-9956","","10.1109/TC.2026.3654441","","https://ieeexplore.ieee.org/stamp/stamp.jsp?arnumber=11353440","In-memory computing;QNN accelerator;edge computing;floating gate transistors","Integrated circuit modeling;Neurons;Nonvolatile memory;Energy efficiency;Three-dimensional displays;Accuracy;Voltage;Computational modeling;Biological neural networks;Power demand","","1","","62","IEEE","14 Jan 2026","April 2026","","IEEE","IEEE Journals"
"Learning Quaternion Convolutional Neural Networks for PolSAR Target Recognition","H. Lin; J. Yin; J. Yang","School of Microelectronics and Communication Engineering, Chongqing University, Chongqing, China; School of Computer and Communication Engineering, University of Science and Technology Beijing, Beijing, China; Department of Electronic Engineering, Tsinghua University, Beijing, China",IEEE Transactions on Aerospace and Electronic Systems,"25 May 2026","2026","62","","3287","3303","Polarization offers rich information for enhancing target recognition in synthetic aperture radar (SAR) imagery. However, most existing SAR target recognition methods rely on single-channel data, and the potential of multichannel polarimetric images remains underexplored. In this article, we propose an end-to-end target recognition framework for polarimetric SAR (PolSAR) images based on a quaternion convolutional neural network (QCNN) operating in the Poincaré sphere parameter domain. The QCNN is constructed with a sequence of quaternion operation layers and incorporates a specialized loss function designed for quaternion-valued representations. To address the mismatch problem in the quaternion field, we introduce quaternion maximum pooling and quaternion average pooling operations. To the best of our knowledge, this is the first QCNN developed for PolSAR target recognition. Experiments on both simulated and real datasets demonstrate that the proposed QCNN achieves recognition performance comparable to state-of-the-art real- and complex-valued models while requiring significantly fewer parameters and offering enhanced physical interpretability, thereby validating the effectiveness and superiority of the proposed approach.","1557-9603","","10.1109/TAES.2025.3645163","Chongqing Natural Science Foundation(grant numbers:CSTB2025NSCQ-GPX0743); National Natural Science Foundation of China(grant numbers:62301164,62222102,62171023); National Key Research and Development Program of China(grant numbers:2024YFB3909800); Fundamental Research Funds for the Central Universities(grant numbers:0214005203001); ","https://ieeexplore.ieee.org/stamp/stamp.jsp?arnumber=11303028","Interpretability;polarimetric synthetic aperture radar (PolSAR);quaternion average pooling (QuatAvgPool);quaternion convolutional neural network (QCNN);quaternion maximum pooling (QuatMaxPool);target recognition","Quaternions;Target recognition;Synthetic aperture radar;Convolution;Convolutional neural networks;Scattering;Radar polarimetry;Neural networks;Vectors;Aerospace and electronic systems","","","","76","IEEE","17 Dec 2025","2026","","IEEE","IEEE Journals"
"Parallel Multi-Circuit Quantum Feature Fusion in Hybrid Quantum-Classical Convolutional Neural Networks for Breast Tumor Classification","E. Yurtseven","Robert College of Istanbul, Istanbul, Turkey","2026 International Conference on Quantum Communications, Networking, and Computing (QCNC)","7 May 2026","2026","","","1014","1020","Quantum machine learning has emerged as a promising approach to improve feature extraction and classification tasks in high-dimensional data domains such as medical imaging. In this work, we present a hybrid Quantum-Classical Convolutional Neural Network (QCNN) architecture designed for the binary classification of the BreastMNIST dataset, a standardized benchmark for distinguishing between benign and malignant breast tumors. Our architecture integrates classical convolutional feature extraction with two distinct quantum circuits: an amplitude-encoding variational quantum circuit (VQC) and an angle-encoding VQC circuit with circular entanglement, both implemented on four qubits. These circuits generate quantum feature embeddings that are fused with classical features to form a joint feature space, which is subsequently processed by a fully connected classifier. To ensure fairness, the hybrid QCNN is parameter-matched against a baseline classical CNN, allowing us to isolate the contribution of quantum layers. Both models are trained under identical conditions using the Adam optimizer and binary cross-entropy loss. Experimental evaluation in five independent runs demonstrates that the hybrid QCNN achieves statistically significant improvements in classification accuracy compared to the classical CNN, as validated by a one-sided Wilcoxon signed rank test ($\mathbf{p}=0.03125$) and supported by large effect size of Cohen's $\mathbf{d} \boldsymbol{=} \mathbf{2. 1 4}$. Our results indicate that hybrid QCNN architectures can leverage entanglement and quantum feature fusion to enhance medical image classification tasks. This work establishes a statistical validation framework for assessing hybrid quantum models in biomedical applications and highlights pathways for scaling to larger datasets and deployment on near-term quantum hardware.","","979-8-3315-6110-9","10.1109/QCNC69040.2026.00172","","https://ieeexplore.ieee.org/stamp/stamp.jsp?arnumber=11500443","Quantum Computing;QCNN;Medical Image Classification;Hybrid Quantum-Classical Models;BreastMNIST Dataset","Feeds;Antennas;Circuits;Quantum circuit;Filtering;Filters;Circuits and systems;Circuit simulation;Quantum circuit;Quantum communication","","","","26","IEEE","7 May 2026","6-8 April 2026","6-8 April 2026","IEEE","IEEE Conferences"
"Quantum Face Recognition With Multigate Quantum Convolutional Neural Network","Y. Zhu; A. Bouridane; M. E. Celebi; D. Konar; P. Angelov; Q. Ni; R. Jiang","LIRA Center, Lancaster University, Lancaster, U.K.; Centre for Data Analytics and Cybersecurity (CDAC), University of Sharjah, Sharjah, UAE; Department of Computer Science, University of Central Arkansas, Conway, AR, USA; Purdue Quantum Science and Engineering Institute (PQSEI) and School of Industrial Engineering, Purdue University, West Lafayette, IN, USA; LIRA Center, Lancaster University, Lancaster, U.K.; LIRA Center, Lancaster University, Lancaster, U.K.; LIRA Center, Lancaster University, Lancaster, U.K.",IEEE Transactions on Artificial Intelligence,"12 Dec 2024","2024","5","12","6330","6341","In the last decade, quantum computing has showcased its unique mechanism across diverse fields, highlighting significant potential for data-driven applications requiring substantial computational resources. Within this landscape, quantum machine learning emerges as a promising frontier, poised to harness the unique advantages of quantum computing for machine learning tasks. Nonetheless, the current generation of quantum hardware, typified by noisy intermediate-scale quantum (NISQ) devices, grapples with severe resource constraints, particularly in terms of qubit availability. While quantum computing offers tantalizing capabilities such as superposition and entanglement, which can be strategically leveraged to optimize the performance of quantum neural networks, the challenge remains in mitigating the resource limitations while upholding high recognition accuracy. To address this imperative, we introduce a pioneering face recognition method christened the multigate quantum convolutional neural network (MG-QCNN). This innovation is engineered to surmount the resource bottleneck endemic to NISQ devices while preserving exceptional recognition accuracy. Our empirical investigations conducted on benchmark datasets, including the Yale face dataset and the ORL face database, illuminate the remarkable potential of this approach. Specifically, our proposed variational quantum circuit architecture consistently achieves an impressive average accuracy of 96%, which is better than the 95% of the classic CNN. Our model underscores the efficacy of quantum convolution operations in the extraction of feature maps, exhibiting a transformative stride toward unlocking the full potential of quantum-enhanced face recognition, and compared with other quantum models, our method has more advantages in accuracy and efficiency.","2691-4581","","10.1109/TAI.2024.3419077","UK EPSRC(grant numbers:EP/P009727/1); Leverhulme Trust(grant numbers:RF-2019-492); US National Science Foundation(grant numbers:1946391); ","https://ieeexplore.ieee.org/stamp/stamp.jsp?arnumber=10577435","Multigate quantum convolutional neural network (QCNN);quantum biometrics;quantum convolutional neural network (QCNN);quantum machine learning","Face recognition;Quantum computing;Convolutional neural networks;Qubit;Quantum circuit;Feature extraction;Quantum entanglement","","25","","60","IEEE","28 Jun 2024","Dec. 2024","","IEEE","IEEE Journals"
"QiMINT: Quantum-Inspired Mobile Intelligence - Advancing Complex Signal Processing with Machine Learning","V. Kolluru; E. H. Parimala; K. T; S. R. Y; B. Jesuraj; A. Aminuddin","Department of Data Science, Stevens Institute of Technology, NJ, USA; Department of Computer Science, Gitam Deemed to be University, Bangalore, India; Department of Computer Science, School of Sciences, Christ (Deemed) University, Bangalore, India; Department of Data Science, St. Xavier's College (Autonomous), Palayamkottai, India; Department of Computer Science, Mother Theresa Arts and Science College, Theni, Tamilnadu, India; Department of Information System, Faculty of Computer Science, Universitas Amikom Yogyakarta, Sleman, Indonesia",2025 8th International Conference on Trends in Electronics and Informatics (ICOEI),"30 May 2025","2025","","","1715","1724","Integrating mobile intelligence with quantum-inspired machine learning (QiML) opens space for challenging mobile signal processing tasks. By utilizing superposition and entanglement, quantum computing principles, QiML boosts the agility of mobile devices by allowing real-time data processing, pattern recognition, and decision making. This work introduces Quantum-Inspired Mobile Intelligence (QiMINT) a new mobile computing framework that integrates quantum-inspired designs with classical machine learning, which increases mobile devices' accuracy, latency, and energy efficiency. Results show that medical QiML based models exceeded traditional machine learning methods in most key performance indicators. The quantum convolutional neural network (QCNN) achieved an accuracy of 92.3% in contrast with the CNNs' 87.5%, but with a processing time of 80 ms as to 120 ms, energy consumption of 10 mJ in comparison to the CNNs' 15mJ. Also, quantum-inspired random forests lowered processing delay by 40%, sustaining superior accuracy than the classical-base system. These results demonstrate that QiML can effectively balance computation complexity while making it suitable for edge computing, IoT, and mobile intelligence systems.","","979-8-3315-4460-7","10.1109/ICOEI65986.2025.11013711","","https://ieeexplore.ieee.org/stamp/stamp.jsp?arnumber=11013711","Quantum Computing;Machine Learning;Mobile Intelligence;Signal Processing;Quantum Algorithms;Edge Computing;Real-Time Data;AI Optimization","Quantum computing;Accuracy;Decision making;Machine learning;Signal processing;Real-time systems;Mobile handsets;Pattern recognition;Optimization;Edge computing","","7","","36","IEEE","30 May 2025","24-26 April 2025","24-26 April 2025","IEEE","IEEE Conferences"
"Quantum Parallel Transformer Model for Detecting Multiclass Insulator Faults","Y. Lin; L. Yin","College of Electrical Engineering, Guangxi University, Nanning, China; College of Electrical Engineering, Guangxi University, Nanning, China",IEEE Transactions on Instrumentation and Measurement,"31 Jul 2025","2025","74","","1","19","The mainstream detection model suffers from low insulator fault detection accuracy caused by the limitations of the complex background of unmanned aerial vehicle (UAV) images and the large variation of fault scales. Therefore, this study presents a multiclass insulator fault DETR (MCIF-DETR) based on real-time detection Transformer (RT-DETR) for locating multiclass insulator fault regions in complex backgrounds. First, this study proposes a multidirectional feature enhancement (MDFE) module to reduce information loss during network delivery. Second, to address the problem that the original backbone network cannot extract target features effectively, an efficient partially reparameterized convolutional network (EPRC-Net) is proposed to focus on target features. Then, a pyramidal feature aggregation distribution network is proposed to enhance the multiscale target detection capability of the model by passing the aggregated global information to each feature level. Finally, this study introduces a quantum convolutional neural network (QCNN) in parallel with EPRC-Net for feature extraction to further augment the learning capability of MCIF-DETR. The results indicate that the average precision (AP) of the MCIF-DETR proposed in this study for the three classes of faults on the insulator dataset containing breakage, flashover, and drop faults is 96.7%, 94.1%, and 95.1%, respectively. Compared to existing methods, MCIF-DETR achieves a more balanced detection performance for different fault types while maintaining high detection accuracy.","1557-9662","","10.1109/TIM.2025.3591852","National Natural Science Foundation of China(grant numbers:62463001); Natural Science Foundation of Guangxi Province (China)(grant numbers:AA22068071); ","https://ieeexplore.ieee.org/stamp/stamp.jsp?arnumber=11091550","Detection Transformer;end-to-end;insulator fault detection;parallel structure;quantum-inspired network;real time","Feature extraction;Insulators;Detectors;Power transformer insulation;Inspection;Power transmission lines;Convolutional neural networks","","1","","53","IEEE","23 Jul 2025","2025","","IEEE","IEEE Journals"
"Quantum Machine Learning for Bitter Gourd Disease and Nutrient Deficiency Detection","S. J. S; D. Narmadha; N. Sundar","Artificial Intelligence And Machine Learning, karunya Institute of Technology and Sciences, Coimbatore, Tamil Nadu, India; Division of AIML, karunya Institute of Technology and Sciences, Coimbatore, Tamil Nadu, India; Division of CSE, karunya Institute of Technology and Sciences, Coimbatore, Tamil Nadu, India",2025 4th International Conference on Applied Artificial Intelligence and Computing (ICAAIC),"20 Jan 2026","2025","","","179","186","The main limitations of agricultural productivity are diseases and shortage of micro-nutrients especially in vegetables like bitter gourd. It is of essence that such stresses are detected early in an attempt to maximize the yield so that farming activities can find a place within the sustainability of the environment. The dataset that we have used in this paper is the image dataset of an olive leaf namely OLID-I subset of bitter gourd leaves that has a total of 785 high-resolution images divided into nine different classes, namely, healthy, disease, insect attack and nutrient deficiencies. Note, as the baseline, we use AgriCure-YOLOv8 model, trained on layered augmentations, with reported good performance of mAP score of 92.9% and a precision of 89.6% and a recall of 86.6%. Therefore, in our work we have QML algorithms in mind on leaf stress classification and using the result offered by the YOLOv8 baseline as the starting point we carry out scale-up analysis. Three models are compared and contrasted; the Quantum Convolutional Neural Network (QCNN) which is a Hierarchical Quantum Feature Extraction, the Variational Quantum Classifier (VQC) which is a direct quantum classification and a Hybrid Quantum-Classical Classifier (HQ-CC), in which the classical pre-classification is performed before the quantum classification. The obtained findings indicate that the quantum models are workable and can be deployed to handle small but complicated agronomic data and yield benefits in the realms of generalization performance and feature representations. In comparison to the YOLOv8 baseline accuracy, the paper presents quantum models, where the additional performance is demonstrated on identifying nutrient deficiencies, which is the most significant outcome that will be utilized in entering this new paradigm technology of smart agriculture, and in resource-poor environments, in particular, where plant stress is of paramount importance.In contrast to the current deep learning-based systems like the YOLOv8, the proposed quantum models have a higher generalization capability based on small and complex dataset and higher sensitivity to detect nutrient deficiencies. This means that QML is applicable in a resource-constrained agricultural setting.","","979-8-3315-6587-9","10.1109/ICAAIC64647.2025.11330296","","https://ieeexplore.ieee.org/stamp/stamp.jsp?arnumber=11330296","Bitter gourd;Plant disease detection;Quantum hybrid model;Machine learning;Image classification","Smart agriculture;Productivity;Quantum computing;Sensitivity;Computational modeling;Plants (biology);Machine learning;Nutrients;Sustainable development;Stress","","","","16","IEEE","20 Jan 2026","17-19 Dec. 2025","17-19 Dec. 2025","IEEE","IEEE Conferences"
"Error-Corrected Quantum CNN for Gender-Based Micro-Expression Analysis in Affective Computing","H. K. Bin Talib; K. Xu; Y. Cao; M. Zaman; M. H. Toqeer; A. Akhunzada","School of Mechanical Engineering, Zhejiang University, Hangzhou, China; School of Mechanical Engineering, Zhejiang University, Hangzhou, China; School of Mechanical Engineering, Zhejiang University, Hangzhou, China; Department of Computer Science & IT, Superior University, Lahore, Pakistan; Department of Computer Science, University of Lahore, Lahore, Pakistan; Department of Data and Cybersecurity, University of Doha for Science and Technology, Doha, Qatar","2025 7th International Congress on Human-Computer Interaction, Optimization and Robotic Applications (ICHORA)","2 Jun 2025","2025","","","1","7","Micro-expression recognition has emerged as a critical area of study in affective computing, with significant applications in psychological analysis, security, and human-computer interaction. However, traditional methods often struggle to accurately capture and interpret subtle, rapid, and gender-specific facial micro-expressions due to challenges such as noise, limited datasets, and variations in expression intensity. This paper introduces an innovative approach, the Error-Corrected Quantum Convolutional Neural Network (EQCNN), to address these challenges and enhance the recognition of gender-based micro-expressions. The proposed EQCNN leverages the principles of quantum computing, incorporating error detection and correction mechanisms within its architecture. By employing quantum unitary gates, Hadamard gates, and CNOT gates, the model ensures data integrity and mitigates the effects of quantum decoherence. Additionally, the framework utilizes a 3π/2 phase shift and logical qubits to correct errors dynamically, optimizing the representation of micro-expression features. To validate the effectiveness of EQCNN, the model was evaluated on a gender-annotated micro-expression dataset. The results demonstrate outstanding performance, achieving an accuracy of 99.3%, an F1-score of 98.9%, a precision of 96.7%, and a recall of 98.4%. Comparative analyses show that EQCNN significantly outperforms classical and quantum-enhanced models, particularly in capturing subtle gender-specific nuances in facial expressions. The findings of this study not only advance the field of micro-expression recognition but also underline the potential of quantum computing in real-world applications requiring high precision and robustness. The proposed EQCNN framework is generalizable and can be extended to other domains involving complex image classification tasks, offering a powerful tool for tackling challenges in quantum-enhanced machine learning.","2996-4393","979-8-3315-1088-6","10.1109/ICHORA65333.2025.11017004","","https://ieeexplore.ieee.org/stamp/stamp.jsp?arnumber=11017004","EQCNN;MicroExpression;Quantum error Correction;Subtle Features","Affective computing;Computational modeling;Qubit;Psychology;Logic gates;Quantum decoherence;Robustness;Convolutional neural networks;Security;Robots","","2","","0","IEEE","2 Jun 2025","23-24 May 2025","23-24 May 2025","IEEE","IEEE Conferences"
"Variational Quantum Convolutional Neural Network Based on Particle Swarm Optimization","H. Qi; J. Zhang; X. Lv; A. Gani","School of Computer Science, Shenyang Aerospace University, Shenyang, People’s Republic of China; School of Computer Science, Shenyang Aerospace University, Shenyang, People’s Republic of China; School of Computer Science, Shenyang Aerospace University, Shenyang, People’s Republic of China; School of Computer Science, University of Malaya, Kuala Lumpur, Malaysia",2025 7th International Conference on Next Generation Data-driven Networks (NGDN),"1 Oct 2025","2025","","","134","137","With the rapid development of the Internet and digitalization, cybersecurity threats have become increasingly severe, and traditional intrusion detection techniques struggle to address the growing complexity of network attacks. Machine learning-based intrusion detection models face limitations in detection accuracy. To overcome the shortcomings of traditional methods in identifying intrusions with high precision, this paper proposes a Variational Quantum Convolutional Neural Network (VQCNN) model optimized using Particle Swarm Optimization (PSO) to improve detection accuracy and generalization capability. By leveraging PSO to optimize the parameters of variational quantum circuits, the proposed model integrates quantum properties with intelligent optimization algorithms, enabling more efficient processing of complex data features. The UNSW-NB15 network intrusion detection dataset was used for experimental validation, and the results demonstrate that the proposed PSO-VQCNN model achieves an accuracy of 96.25%, outperforming other traditional intrusion detection models such as Artificial Neural Networks (ANN), Support Vector Machines (SVM), k-Nearest Neighbors (k-NN), Naive Bayes, and Decision Trees. This highlights the potential and challenges of combining variational quantum circuits with intelligent algorithms.","","979-8-3315-5374-6","10.1109/NGDN66208.2025.11182265","","https://ieeexplore.ieee.org/stamp/stamp.jsp?arnumber=11182265","Quantum Convolutional Neural Network;Variational Quantum Circuits;Particle Swarm Optimization","Support vector machines;Accuracy;Network intrusion detection;Nearest neighbor methods;Convolutional neural networks;Integrated circuit modeling;Quantum circuit;Particle swarm optimization;Optimization;Next generation networking","","1","","11","IEEE","1 Oct 2025","6-8 June 2025","6-8 June 2025","IEEE","IEEE Conferences"
"Quantum–Classical Image Processing for Scene Classification","A. Chalumuri; R. Kune; S. Kannan; B. S. Manoj","Indian Institute of Space Science and Technology, Thiruvananthapuram, India; Advanced Data Processing Research Institute, Secunderabad, India; ISRO Inertial Systems Unit, Thiruvananthapuram, India; Indian Institute of Space Science and Technology, Thiruvananthapuram, India",IEEE Sensors Letters,"30 May 2022","2022","6","6","1","4","Deep-learning-based convolutional neural network (CNN) models are prominent in processing and analyzing sensor signal data, such as images for classification. Data augmentation is a powerful technique used in training such models to avoid overfitting and to improve accuracy. This letter proposes a data augmentation technique using a quantum circuit for image data. The proposed quantum circuit is suitable to implement on real hardware provided by the IBM Quantum Experience platform. In comparison with other classical data augmentation techniques, the proposed technique increased the prediction accuracy of the CNN from 68.65 to 76.03%. However, CNN models for image classification use many parameters during the training process. Quantum computers can efficiently handle large-scale data inputs using qubits for information processing. Hence, we also propose a hybrid quantum–classical convolutional neural network model (HQCNN) for scene classification. The proposed model uses a combination of CNN layers and quantum layers to process images. The proposed HQCNN reduces parameters used for training due to the use of quantum layers in the model. Our experimental results show that the proposed HQCNN can classify the scenes in the UC Merced land-use dataset with an accuracy of 85.28% compared to the other models.","2475-1472","","10.1109/LSENS.2022.3173253","IIT Palakkad Technology IHub Foundation IPTIF(grant numbers:IPTIF/HRD/DF/032); ","https://ieeexplore.ieee.org/stamp/stamp.jsp?arnumber=9772344","Sensor signal processing;hybrid model;quantum–classical computing;scene classification;sensor signal processing","Qubit;Quantum circuit;Convolutional neural networks;Computational modeling;Training;Sensors;Logic gates","","16","","25","IEEE","10 May 2022","June 2022","","IEEE","IEEE Journals"
"Projection Valued-based Quantum Machine Learning Adapting to Differential Privacy Algorithm for Word-level Lipreading","H. Chen; C. Wang; J. Du; C. -H. H. Yang; J. Qi","NERC-SLIP, University of Science and Technology of China (USTC), Hefei, China; NERC-SLIP, University of Science and Technology of China (USTC), Hefei, China; NERC-SLIP, University of Science and Technology of China (USTC), Hefei, China; NVIDIA Research, Taibei, Taiwan; Hong Kong Baptist University, Hong Kong, China","ICASSP 2025 - 2025 IEEE International Conference on Acoustics, Speech and Signal Processing (ICASSP)","7 Mar 2025","2025","","","1","5","Deep neural network (DNN)-based lipreading models have achieved excellent recognition accuracy but are currently facing challenges related to user privacy. To address this, we propose a novel hybrid quantum-classical neural network (HQCNN) for lipreading that balances superior performance with enhanced privacy protection. The HQCNN-based lipreading model features an innovative variational quantum circuit (VQC) back-end, which transforms the output of the DNN front-end into quantum representations and predicts the posterior probability of each word. Furthermore, we introduce projection-valued encoding (PVE) and projection-valued measurement (PVM), enabling the VQC to handle inputs and outputs of dimensions that scale exponentially with the number of qubits, thereby substantially increasing its expressive power. Additionally, we explore the privacy-preserving properties of the HQCNN-based lipreading model by integrating differentially private stochastic gradient descent (DP-SGD). Experiments conducted on the LRW dataset demonstrate the model’s exceptional recognition accuracy and privacy-preserving capabilities.","2379-190X","979-8-3503-6874-1","10.1109/ICASSP49660.2025.10890305","National Natural Science Foundation of China; ","https://ieeexplore.ieee.org/stamp/stamp.jsp?arnumber=10890305","Quantum machine learning;visual speech recognition;quantum multi-classifier;differential privacy","Privacy;Adaptation models;Accuracy;Posterior probability;Qubit;Speech recognition;Transforms;Predictive models;Speech processing;Integrated circuit modeling","","","","41","IEEE","7 Mar 2025","6-11 April 2025","6-11 April 2025","IEEE","IEEE Conferences"
"Advance Quanvolutional Layers in Quantum Classical Hybrid Neural Networks for Image Processing","P. Singhal; P. Joshi","Department of Computer Science, Indian Institute of Information Technology, Sri City, Chittoor, India; Department of Computer Science, Indian Institute of Information Technology, Sri City, Chittoor, India","2024 10th International Conference on Control, Automation and Robotics (ICCAR)","28 Jun 2024","2024","","","47","52","Convolutional neural networks (CNNs) are extensively employed for tasks such as image processing, employing a hierarchical feature extraction approach facilitated by convolutional layers. A recent trend explores quantum counterparts called Quanvolutional layers, utilizing random quantum circuits akin to convolutional filter layers. Our work advances this by introducing structured entanglement in quanvolutional layers using Basic and Strongly Entangled Layers. Unlike random circuit approaches, these layers have defined structures and high entanglement, requiring minimal error correction. We evaluated their performance on MNIST dataset, comparing various techniques like traditional CNNs, Quanvolutional Neural Networks (QNNs) with Random quantum circuits, basic entangled layers, strongly entangled layers. Structured entanglement shows promise in improving feature extraction for QNNs, providing insights into their understanding. Our work explores the use of structures quantum layers in constructing quantum-classical hybrid architectures and evaluates their performance. Future research may explore scalability and applicability in complex datasets and integration with other quantum computing techniques for enhanced performance and versatility.","2251-2454","979-8-3503-7317-2","10.1109/ICCAR61844.2024.10569440","","https://ieeexplore.ieee.org/stamp/stamp.jsp?arnumber=10569440","Image Processing;Image classification;Quantum Machine Learning;Quantum classical hybrid neural networks;Quanvolutional neural networks;Quantum classification algorithm","Training;Quantum entanglement;Scalability;Neural networks;Process control;Feature extraction;Error correction","","3","","39","IEEE","28 Jun 2024","27-29 April 2024","27-29 April 2024","IEEE","IEEE Conferences"
"Integrated Encoding and Quantization to Enhance Quanvolutional Neural Networks","D. L. Bosco; B. Portelli; G. Serra","Department of Mathematics, Computer Science and Physics, University of Udine, Udine, Italy; Department of Mathematics, Computer Science and Physics, University of Udine, Udine, Italy; Department of Mathematics, Computer Science and Physics, University of Udine, Udine, Italy",IEEE Transactions on Quantum Engineering,"27 Jan 2026","2026","7","","1","19","Image processing is one of the most promising applications for quantum machine learning. Quanvolutional neural networks with nontrainable parameters are the preferred solution to run on current and near future quantum devices. The typical input preprocessing pipeline for quanvolutional layers comprises of four steps: optional input binary quantization, encoding classical data into quantum states, processing the data to obtain the final quantum states, and decoding quantum states back to classical outputs. In this article, we propose two ways to enhance the efficiency of quanvolutional models. First, we propose a flexible data quantization approach with memoization, applicable to any encoding method. This allows us to increase the number of quantization levels to retain more information or lower them to reduce the amount of circuit executions. Second, we introduce a new integrated encoding strategy, which combines the encoding and processing steps in a single circuit. This method allows great flexibility on several architectural parameters (e.g., number of qubits, filter size, and circuit depth) making them adjustable to quantum hardware requirements. We compare our proposed integrated model with a classical convolutional neural network and the well-known rotational encoding method, on two different classification tasks. The results demonstrate that our proposed model encoding exhibits a comparable or superior performance to the other models while requiring fewer quantum resources.","2689-1808","","10.1109/TQE.2025.3646040","","https://ieeexplore.ieee.org/stamp/stamp.jsp?arnumber=11303607","Convolutional neural networks (CNNs);image processing;noisy intermediate-scale quantum (NISQ);quantum computing;quantum encoding;quantum machine learning (QML);quanvolutional neural network (QuanvNN)","Encoding;Quantization (signal);Integrated circuit modeling;Qubit;Image coding;Quantum circuit;Neural networks;Quantum state;Logic gates;Convolutional neural networks","","","","33","CCBY","18 Dec 2025","2026","","IEEE","IEEE Journals"
"Quaternion Convolutional Neural Networks for Image Classification","R. Hu; L. Wang; G. Jiang; X. Hu; Z. Zhou","School of Automation, China University of Geosciences, Hubei Key Laboratory of Advanced Control and Intelligent Automation for Complex Systems, Engineering Research Center of Intelligent Technology for Geo-Exploration, Ministry of Education, Wuhan, China; School of Automation, China University of Geosciences, Hubei Key Laboratory of Advanced Control and Intelligent Automation for Complex Systems, Engineering Research Center of Intelligent Technology for Geo-Exploration, Ministry of Education, Wuhan, China; School of Automation, China University of Geosciences, Hubei Key Laboratory of Advanced Control and Intelligent Automation for Complex Systems, Engineering Research Center of Intelligent Technology for Geo-Exploration, Ministry of Education, Wuhan, China; School of Automation, China University of Geosciences, Hubei Key Laboratory of Advanced Control and Intelligent Automation for Complex Systems, Engineering Research Center of Intelligent Technology for Geo-Exploration, Ministry of Education, Wuhan, China; School of Automation, China University of Geosciences, Hubei Key Laboratory of Advanced Control and Intelligent Automation for Complex Systems, Engineering Research Center of Intelligent Technology for Geo-Exploration, Ministry of Education, Wuhan, China",2025 Joint International Conference on Automation-Intelligence-Safety (ICAIS) & International Symposium on Autonomous Systems (ISAS),"3 Jul 2025","2025","","","1","5","In recent years, real-valued neural networks have made significant progress in computer vision tasks such as image classification, object detection, and semantic segmentation. However, traditional convolutional neural networks (CNNs) struggle to effectively capture complex relationships between channels when handling multi-channel data with inherent correlations such as color images, medical images, and remote sensing data, limiting the model’s expressive power and generalization ability. To address this, we adopt the quaternion convolutional neural networks (QCNNs), which leverage quaternion algebra to create a more compact and efficient deep learning framework. QCNNs better capture the internal correlations in multi-channel data, reduces model parameters, lowers computational costs, and enhances feature extraction and model generalization. Experimental results show that QCNNs outperform traditional real-valued CNNs in color image classification, demonstrating higher efficiency and performance, with great potential for future research.","2996-3850","979-8-3315-4470-6","10.1109/ICAISISAS64483.2025.11051346","National Natural Science Foundation of China; China University of Geosciences; ","https://ieeexplore.ieee.org/stamp/stamp.jsp?arnumber=11051346","quaternion convolutional neural network;image classification;deep learning;computer vision","Training;Computer vision;Correlation;Quaternions;Computational modeling;Color;Data models;Computational efficiency;Convolutional neural networks;Image classification","","","","15","IEEE","3 Jul 2025","23-25 May 2025","23-25 May 2025","IEEE","IEEE Conferences"
"QCNN-H: Single-Image Dehazing Using Quaternion Neural Networks","V. Frants; S. Agaian; K. Panetta","Graduate Center, City University of New York, New York, NY, USA; College of Staten Island, City University of New York, New York, NY, USA; Department of Electrical and Computer Engineering, Tufts University, Medford, MA, USA",IEEE Transactions on Cybernetics,"17 Aug 2023","2023","53","9","5448","5458","Single-image haze removal is challenging due to its ill-posed nature. The breadth of real-world scenarios makes it difficult to find an optimal dehazing approach that works well for various applications. This article addresses this challenge by utilizing a novel robust quaternion neural network architecture for single-image dehazing applications. The architecture’s performance to dehaze images and its impact on real applications, such as object detection, is presented. The proposed single-image dehazing network is based on an encoder-decoder architecture capable of taking advantage of quaternion image representation without interrupting the quaternion dataflow end-to-end. We achieve this by introducing a novel quaternion pixel-wise loss function and quaternion instance normalization layer. The performance of the proposed QCNN-H quaternion framework is evaluated on two synthetic datasets, two real-world datasets, and one real-world task-oriented benchmark. Extensive experiments confirm that the QCNN-H outperforms state-of-the-art haze removal procedures in visual quality and quantitative metrics. Furthermore, the evaluation shows increased accuracy and recall of state-of-the-art object detection in hazy scenes using the presented QCNN-H method. This is the first time the quaternion convolutional network has been applied to the haze removal task.","2168-2275","","10.1109/TCYB.2023.3238640","U.S. Department of Transportation, Federal Highway Administration (FHWA)(grant numbers:693JJ320C000023); ","https://ieeexplore.ieee.org/stamp/stamp.jsp?arnumber=10040717","Deep learning;dehazing;image processing;quaternion convolutional neural network (CNN)","Quaternions;Image color analysis;Neural networks;Convolutional neural networks;Task analysis;Convolution;Distortion","","69","","74","IEEE","8 Feb 2023","Sept. 2023","","IEEE","IEEE Journals"
"Speech Emotion Recognition Using Quaternion Convolutional Neural Networks","A. Muppidi; M. Radfar","Department of Computer Science, Stony Brook University, NY, USA; Department of Computer Science, Stony Brook University, NY, USA","ICASSP 2021 - 2021 IEEE International Conference on Acoustics, Speech and Signal Processing (ICASSP)","13 May 2021","2021","","","6309","6313","Although speech recognition has become a widespread technology, inferring emotion from speech signals remains a challenge. Our paper addresses this problem by proposing a quaternion convolutional neural network (QCNN) based speech emotion recognition (SER) model in which Mel-spectrogram features of speech signals are encoded in an RGB quaternion domain. We demonstrate that our QCNN based SER model outperforms other real-valued methods in the Ryerson Audio-Visual Database of Emotional Speech and Song (RAVDESS, 8-classes) dataset, achieving, to the best of our knowledge, state-of-the-art results. The QCNN model also achieves comparable results with state-of-the-art methods in the Interactive Emotional Dyadic Motion Capture (IEMOCAP 4-classes) and Berlin EMO-DB (7-classes) datasets. Specifically, the model achieves an accuracy of 77.87%, 70.46%, and 88.78% for the RAVDESS, IEMOCAP, and EMO-DB datasets, respectively. Additionally, model size results reveal that the quaternion unit structure is significantly better able to encode internal dependencies than real-valued structures.","2379-190X","978-1-7281-7605-5","10.1109/ICASSP39728.2021.9414248","","https://ieeexplore.ieee.org/stamp/stamp.jsp?arnumber=9414248","Speech Emotion Recognition;Signal Processing;Quaternion Deep Learning;Convolutional Neural Networks","Emotion recognition;Quaternions;Computational modeling;Neural networks;Speech recognition;Feature extraction;Encoding","","54","","30","IEEE","13 May 2021","6-11 June 2021","6-11 June 2021","IEEE","IEEE Conferences"
"Detecting Double Mixed Compressed Images Based on Quaternion Convolutional Neural Network","H. Wang; J. Wang; X. Hu; B. Hu; Q. Yin; X. Luo; B. Ma; J. Sun","Department of Automation, Nanjing University of Science and Technology, Nanjing, China; Engineering Research Center of Digital Forensics, Ministry of Education, Nanjing, China; School of Management, Nanjing University of Posts and Telecommunications, Nanjing, China; Engineering Research Center of Digital Forensics, Ministry of Education, Nanjing, China; Department of Computer Science and Engineering, Guangdong Province Key Laboratory of Information Security Technology, Sun Yat-sen University, Guangzhou, China; State Key Laboratory of Mathematical Engineering and Advanced Computing, Zhengzhou, China; Qilu University of Technology, Jinan, China; Department of Automation, Nanjing University of Science and Technology, Nanjing, China",Chinese Journal of Electronics,"31 May 2024","2024","33","3","657","671","Detection of color images that have undergone double compression is a critical aspect of digital image forensics. Despite the existence of various methods capable of detecting double Joint Photographic Experts Group (JPEG) compression, they are unable to address the issue of mixed double compression resulting from the use of different compression standards. In particular, the implementation of Joint Photographic Experts Group 2000 (JPEG2000) as the secondary compression standard can result in a decline or complete loss of performance in existing methods. To tackle this challenge of JPEG+JPEG2000 compression, a detection method based on quaternion convolutional neural networks (QCNN) is proposed. The QCNN processes the data as a quaternion, transforming the components of a traditional convolutional neural network (CNN) into a quaternion representation. The relationships between the color channels of the image are preserved, and the utilization of color information is optimized. Additionally, the method includes a feature conversion module that converts the extracted features into quaternion statistical features, thereby amplifying the evidence of double compression. Experimental results indicate that the proposed QCNN-based method improves, on average, by 27% compared to existing methods in the detection of JPEG+JPEG2000 compression.","2075-5597","","10.23919/cje.2022.00.179","National Natural Science Foundation of China(grant numbers:62072250,61772281,61702235,U1636117,U1804263); ","https://ieeexplore.ieee.org/stamp/stamp.jsp?arnumber=10543242","Color image forensics;JPEG;JPEG2000;Mixed double compression;Quaternion convolutional neural network","Image coding;Image color analysis;Quaternions;Forensics;Transform coding;Color;Feature extraction","","6","","26","","31 May 2024","May 2024","","CIE","CIE Journals"
"Approximately Equivariant Quantum Neural Network for p4m Group Symmetries in Images","S. Y. Chang; M. Grossi; B. Le Saux; S. Vallecorsa","IT Department, European Organization for Nuclear Research (CERN), Geneva, Switzerland; IT Department, European Organization for Nuclear Research (CERN), Geneva, Switzerland; Φ-lab European Space Agency, Italy; IT Department, European Organization for Nuclear Research (CERN), Geneva, Switzerland",2023 IEEE International Conference on Quantum Computing and Engineering (QCE),"30 Nov 2023","2023","01","","229","235","Quantum Neural Networks (QNNs) are suggested as one of the quantum algorithms which can be efficiently simulated with a low depth on near-term quantum hardware in the presence of noises. However, their performance highly relies on choosing the most suitable architecture of Variational Quantum Algorithms (VQAs), and the problem-agnostic models often suffer issues regarding trainability and generalization power. As a solution, the most recent works explore Geometric Quantum Machine Learning (GQML) using QNNs equivariant with respect to the underlying symmetry of the dataset. GQML adds an inductive bias to the model by incorporating the prior knowledge on the given dataset and leads to enhancing the optimization performance while constraining the search space. This work proposes equivariant Quantum Convolutional Neural Networks (EquivQCNNs) for image classification under planar p4m symmetry, including reflectional and 90° rotational symmetry. We present the results tested in different use cases, such as phase detection of the 2D Ising model and classification of the extended MNIST dataset, and compare them with those obtained with the non-equivariant model, proving that the equivariance fosters better generalization of the model.","","979-8-3503-4323-6","10.1109/QCE57702.2023.00033","","https://ieeexplore.ieee.org/stamp/stamp.jsp?arnumber=10313654","Quantum Machine Learning;Geometric Quantum Machine Learning;Equivariance;Image classification;Image processing","Training;Quantum algorithm;Neural networks;Machine learning;Reflection;Hardware;Satellite images","","10","","37","CCBY","30 Nov 2023","17-22 Sept. 2023","17-22 Sept. 2023","IEEE","IEEE Conferences"
"Quantum Jump to Connected Worlds: Paradigm Shifts in Mobility and Network Applications via Quantum Neural Networks","H. Lee; G. S. Kim; E. J. Roh; S. Jung; S. Park; T. Q. Duong; J. Kim","LG Electronics, Seoul, South Korea; Korea University, Seoul, South Korea; Korea University, Seoul, South Korea; Ajou University, Suwon, South Korea; Sookmyung Women’s University, Seoul, South Korea; Memorial University of Newfoundland, St. John’s, NL, Canada; Korea University, Seoul, South Korea",IEEE Network,"","2026","PP","99","1","8","With the rapid advancement of quantum and artificial intelligence technologies, there is a growing trend to merge these two fields, a movement that is gaining momentum across both industry and academia. This emerging quantum artificial intelligence (QAI) is expected to achieve optimization and performance improvements in various mobility and network applications. The purpose of this article is to introduce quantum neural networks (QNNs) and explore applications of QAI in distributed network use cases. We begin by thoroughly investigating how QAI is being researched in the industry. Next, we discuss the fundamentals of quantum computing and QNNs. Following that, we examine QNN-based neural learning models for network and mobility applications, including quantum reinforcement learning, quantum convolutional neural networks, and quantum distributed learning. Finally, we consider the implications that QAI may have for future network and mobility applications.","1558-156X","","10.1109/MNET.2026.3671113","","https://ieeexplore.ieee.org/stamp/stamp.jsp?arnumber=11436035","","Qubit;Training;Neural networks;Artificial intelligence;Encoding;Convergence;Logic gates;CubeSat;Computational modeling;Reinforcement learning","","","","","IEEE","17 Mar 2026","","","IEEE","IEEE Early Access Articles"
"An Optimized Equivariant Quantum Network for Ingenious Building Monitoring and Control using an Android Application","S. T. Prasad; Sarishma; G. S. Rekha; D. Vekariya; H. Patil; R. Maranan","Department of Computer Science & Engineering, Potti Sriramulu Chalavadi Mallikarjuna Rao College of Engineering & Technology, Vijayawada, Andhra Pradesh, India; Department of Computer Science & Engineering, Graphic Era Deemed to be University, Dehradun, Uttarakhand, India; Department of Computer Science and Engineering (Cyber Security), CVR College of Engineering, Hyderabad, Telangana, India; Department of Computer Science & Engineering, Parul institute of Engineering and Technology, Parul University, Post Limda, Gujarat, India; School of Computer Science & Engineering, IILM University, Greater Noida, Uttar Pradesh, India; Department of Research and Innovation, Saveetha School of Engineering, SIMATS, Chennai, Tamil Nadu, India",2024 4th International Conference on Sustainable Expert Systems (ICSES),"3 Dec 2024","2024","","","1027","1033","For enhancing the security and functionality of smart environments, motion recognition, classification and intruder detection has to be added into the building monitoring and control system. This research developed a Self-Guided Efficient Net UNet based Equivariant Quantum Network with Alpine Skiing Optimization (SGENUN-EQN-ASO) for improving intruder detection in buildings by utilizing an Android application for real-time motion detection and categorization. To prepare the data for analysis, processing can be done on the Self-Guided Filtering (SGF). An enhanced approach is Essential Objectness, Cascade Networks, Equivariant Quantum Convolutional Neural Networks (EquivQCNN) to enhance the detection precision and EfficientNet-based EE-UNet for precise motion assessment. Thus, the Android application works as monitoring and control interface providing real-time notifications and the answers to detected intrusions. With the use of optimisation techniques like Alpine Skiing Optimisation (ASO), which is used to fine-tune the hyperparameters of Equivariant Quantum Neural Networks (EQNNs), the system is able to provide stable and flexible performance. The results demonstrating that the integration of the latest machine learning approaches into the solutions in smart buildings brings significant enhancement to the detection effectiveness and response times, as to the overall security and management.","","979-8-3315-4036-4","10.1109/ICSES63445.2024.10763033","","https://ieeexplore.ieee.org/stamp/stamp.jsp?arnumber=10763033","Building automation;Motion recognition;Intruder detection;Optimization;Quantum network","Filtering;Buildings;Control systems;Real-time systems;Motion detection;Security;Quantum networks;Convolutional neural networks;Optimization;Monitoring","","","","11","IEEE","3 Dec 2024","15-17 Oct. 2024","15-17 Oct. 2024","IEEE","IEEE Conferences"
"Noise-Robustness Analysis of Hybrid Quantum-Classical CNNs for Small-Sample Road Image Classification","C. Long; X. Ye; T. Sakurai","Department of Computer Science, University of Tsukuba, Tsukuba, Japan; Department of Computer Science, University of Tsukuba, Tsukuba, Japan; Department of Computer Science, University of Tsukuba, Tsukuba, Japan",2025 International Conference on Robotics and Artificial Intelligence (ICRAI),"23 Feb 2026","2025","","","143","147","Hybrid Quantum-Classical Convolutional Neural Networks (HQCNNs) have emerged as promising models for learning under low-data regimes, particularly in vision tasks. Despite increasing interest, their noise robustness under realistic quantum conditions remains underexplored. In this study, we propose a hybrid architecture that integrates a quantum convolutional feature extractor and a variational quantum classifier into a classical CNN pipeline for multi-class road scene classification. Using the KITTI dataset with three categories (uu, um, umm), we evaluate the model under both ideal and noisy quantum simulations, introducing depolarizing and thermal noise. The results demonstrate that while quantum modules are susceptible to noise, the hybrid structure retains competitive performance under moderate noise and effectively leverages quantum features in small-data settings. Our findings highlight the potential and current limitations of HQCNNs for robust visual classification in the NISQ era.","2831-3313","979-8-3315-9068-0","10.1109/ICRAI68431.2025.11396700","","https://ieeexplore.ieee.org/stamp/stamp.jsp?arnumber=11396700","quantum computing;hybrid convolutional neural network;small-sample;image classification","Scene classification;Adaptation models;Visualization;Filters;Roads;Computational modeling;Noise;Feature extraction;Convolutional neural networks;Quantum circuit","","","","30","IEEE","23 Feb 2026","19-21 Dec. 2025","19-21 Dec. 2025","IEEE","IEEE Conferences"
"Q-Poison: Quantum Adversarial Attacks against QML-driven Interference Classification in O-RAN","Y. A. Ergu; V. -L. Nguyen; P. -C. Lin; R. -H. Hwang","Dept. of Computer Science and Information Engineering, National Chung Cheng University, Chiayi, Taiwan; Dept. of Computer Science and Information Engineering, National Chung Cheng University, Chiayi, Taiwan; Dept. of Computer Science and Information Engineering, National Chung Cheng University, Chiayi, Taiwan; College of Artificial Intelligence, National Yang Ming Chiao Tung University, Taiwan",2025 IEEE International Conference on Machine Learning for Communication and Networking (ICMLCN),"3 Sep 2025","2025","","","1","6","The integration of quantum machine learning (QML) within open radio access network (O-RAN) architectures presents a promising frontier for enhancing interference classification and optimizing various 6G network use cases. We introduce a novel hybrid quantum-classical neural network (HQCNN) design that addresses critical challenges in noisy intermediate-scale quantum (NISQ) environments through an innovative feature preprocessing pipeline. By integrating deep convolutional feature extraction via ResNet-18 with principal component analysis (PCA)-based dimensionality reduction, we develop a robust computational framework that mitigates quantum gate errors and enhances computational stability. However, despite these advancements, HQCNNs remain vulnerable to adversarial attacks. Traditional classical backdoor methods are ineffective in the quantum setting due to NISQ noise and gate synthesis complexities, while existing quantum attack techniques suffer from a lack of selectivity and adaptability, making them easy to detect. To address this, we introduce Q-Poison, a novel stealthy attack that leverages parameterized quantum gates to significantly enhance attack success rates. This attack induces systematic misclassification of trigger inputs while maintaining 54.5% clean data accuracy, compared to 78.5% without attack. Our results demonstrate a substantial 1.44-fold reduction in accuracy, highlighting the need for robust defense mechanisms in quantum-enabled networks.","","979-8-3315-2042-7","10.1109/ICMLCN64995.2025.11140504","","https://ieeexplore.ieee.org/stamp/stamp.jsp?arnumber=11140504","Hybrid quantum-classical networks;adversarial attacks;Q-Poison;Open Radio Access Networks;classification","Quantum computing;Accuracy;Systematics;Perturbation methods;Open RAN;Interference;Computer architecture;Logic gates;Quantum state;Stability analysis","","2","","18","IEEE","3 Sep 2025","26-29 May 2025","26-29 May 2025","IEEE","IEEE Conferences"
"A Critical Benchmark of Hybrid Quantum-Classical Graph Neural Networks for Molecular Property Prediction: Revealing Performance Bottlenecks in Current Architectures","R. Kalshetty; M. S. M; S. Kotagi; V. Desai","Department of CSE (AIML), Ramaiah Institute of Technology, Bengaluru, Karnataka; Department of AI-DS, Ramaiah Institute of Technology, Bengaluru, Karnataka; Department of CSE (AIML), Ramaiah Institute of Technology, Bengaluru, Karnataka; Department of CSE (AIML), Ramaiah Institute of Technology, Bengaluru, Karnataka",2025 9th International Conference on Computational System and Information Technology for Sustainable Solutions (CSITSS),"19 Dec 2025","2025","","","1","5","Hybrid quantum-classical neural networks (HQCNNs) represent a promising but largely unproven paradigm for enhancing molecular property prediction in drug discovery. Despite growing interest and optimistic claims in recent literature, rigorous benchmarks comparing these hybrid architectures against strong classical baselines remain scarce. This work implements and systematically evaluates a representative HQCNN architecture against its classical equivalent using standardized molecular datasets (QM9 and ZINC-250K) within a reproducible, multi-seed experimental framework. Contrary to optimistic expectations, our results reveal that the hybrid model consistently underperforms the classical baseline, showing a 49% increase in MAE on QM9 (1.0834 vs 0.7256) and a devastating 107% degradation on ZINC (1.4006 vs 0.6755), with R2 values dropping by over 80% on both datasets. Through detailed analysis, we identify fundamental challenges including information bottlenecks during quantum encoding and difficult optimization landscapes in variational quantum circuits as primary causes of performance degradation. This work provides a crucial, datadriven reality check for the field, demonstrating that current “plug-and-play” quantum layer approaches may be insufficient for practical quantum advantages. All experimental code and data are publicly released to enable community replication and investigation of more sophisticated quantum-native architectures.","2767-1097","979-8-3315-8894-6","10.1109/CSITSS67709.2025.11294553","","https://ieeexplore.ieee.org/stamp/stamp.jsp?arnumber=11294553","Quantum machine learning;hybrid neural networks;drug discovery;molecular property prediction;benchmarking;performance analysis","Degradation;Quantum advantage;Systematics;Computer architecture;Benchmark testing;Drug discovery;Quantum circuit;Zinc;Standards;Pharmaceuticals","","","","23","IEEE","19 Dec 2025","20-22 Nov. 2025","20-22 Nov. 2025","IEEE","IEEE Conferences"
"Quantum Convolutional Neural Networks in Injury Detection of 3D Computed Tomography Volumes","L. -Y. A. Chou; M. M. Islam; S. He","George Walton Comprehensive High School, Marietta, USA; Department of Computer Science, Kennesaw State University, Marietta, USA; Department of Computer Science, Kennesaw State University, Marietta, USA",2025 IEEE International Conference on Big Data (BigData),"6 Mar 2026","2025","","","7055","7063","The growing prospect of incorporating artificial intelligence into medical diagnosis to enhance the healthcare system necessitates methods to improve the accuracy of classification models capable of processing complex information, such as computed tomography images. Quantum machine learning has garnered attention because of the superior computational capacity of qubits, which may lead to improved pattern recognition and data analysis. However, there is limited information on its ability to process 3D computed tomography volumes, especially from real-world datasets such as the RSNA Abdominal Trauma Injury CT (RATIC) Dataset that present data with more variability and irrelevant details. This study addresses this by proposing four HQCNN MIL-based model variations and evaluating them against a baseline classical model to determine an optimal classification model architecture for the RATIC Dataset. The model is part of a comprehensive data processing pipeline, which involves a 3D CNN image segmentation model that has been modified to increase dimensionality and to incorporate a ResNet encoder. While the performance of two HQCNNs is similar to the baseline, that of the other two is consistently higher, with score differences of approximately 0.06 to 0.13. The results indicate that even with 3D CT data, hybrid machine learning models have the potential to surpass purely classical configurations only when optimally designed, suggesting that careful integration of quantum methods into machine learning pipelines plays a key role in advancing diagnostic accuracy and reliability in clinical practice. Overall, these findings highlight the need for continued exploration of hybrid architectures, particularly in optimizing quantum-classical interactions for robust performance on real-world medical data.","2573-2978","979-8-3315-9447-3","10.1109/BigData66926.2025.11401688","U.S. National Science Foundation(grant numbers:CNS-2244450); ","https://ieeexplore.ieee.org/stamp/stamp.jsp?arnumber=11401688","Convolutional Neural Networks;Hybrid Quantum Machine Learning;Parameterized Quantum Circuits;Image Segmentation;Abdominal Injuries;Medical Imaging;CT Scans;Quantum Computing;Trauma Detection","Solid modeling;Quantum computing;Three-dimensional displays;Computed tomography;Computational modeling;Machine learning;Data models;Convolutional neural networks;Quantum circuit;Injuries","","","","34","IEEE","6 Mar 2026","8-11 Dec. 2025","8-11 Dec. 2025","IEEE","IEEE Conferences"
"Implementing Hybrid Quantum Neural Networks for Accurate Wildfire Detection","A. Sarda","St Paul’s School, London, United Kingdom",2025 17th International Conference on COMmunication Systems and NETworks (COMSNETS),"20 Feb 2025","2025","","","1136","1141","This study presents a pioneering approach to wildfire prediction through a Hybrid Quantum-Classical Neural Network (HQCNN), addressing the critical need for more accurate wildfire detection amid rising wildfire frequency and intensity. Traditional machine learning techniques, while effective, often encounter limitations like overfitting due to high computational demands. By incorporating a variational quantum circuit into a hybrid framework, the HQCNN leverages quantum mechanics to enhance feature extraction, achieving superior computational efficiency and predictive performance. Our model attained a testing accuracy of 95.50%, significantly outperforming the 88.43% achieved by a purely classical model. This marked improvement in accuracy, alongside reduced training time, highlights the transformative potential of quantum-enhanced models for environmental applications. Our results underscore the strategic advantage of quantum integration in machine learning tasks, setting a new benchmark for wildfire prediction and demonstrating the broader implications of quantum approaches for complex classification challenges.","2155-2509","979-8-3315-3119-5","10.1109/COMSNETS63942.2025.10885552","","https://ieeexplore.ieee.org/stamp/stamp.jsp?arnumber=10885552","Wildfires;Quantum Computing;Machine Learning;Variational Quantum Circuit","Training;Wildfires;Accuracy;Computational modeling;Neural networks;Quantum mechanics;Machine learning;Integrated circuit modeling;Quantum circuit;Image classification","","2","","28","IEEE","20 Feb 2025","6-10 Jan. 2025","6-10 Jan. 2025","IEEE","IEEE Conferences"
"Quantum Transfer Learning Algorithm Based on Parameterized Quantum Circuit","S. Zhang; A. Wang","College of Computer Science and Engineering, Chongqing University of Technology, Chongqing, China; College of Computer Science and Engineering, Chongqing University of Technology, Chongqing, China","2024 5th International Seminar on Artificial Intelligence, Networking and Information Technology (AINIT)","11 Jul 2024","2024","","","1883","1887","This paper proposes a quantum transfer learning (QTL) algorithm that combines a transfer learning (TL) algorithm with parameterized quantum circuits (PQC) to investigate the relationship between PQC and model performance in hybrid quantum classical neural networks (HQCNN). The QTL algorithm effectively improves training speed compared to current quantum algorithms, facilitating a more effective exploration of the relationship between PQC and HQCNN. Experimental results show that the expressibility of PQCs is closely related to circuit structure, overlap depth, and the number of qubits. The all-circuits and annular-circuits (APQC) demonstrate better expressibility. Additionally, the expressibility of annular-circuits strongly correlates with the accuracy of the QTL model. The paper also explores the impact of pre-trained models on QTL performance. Ultimately, the pre-trained model ResNet18 and the quantum classifier based on APQC are chosen to form the QTL model. In terms of training time, QTL completes 20 epochs in 4 hours, saving 90% of time compared to general QCHNN.","","979-8-3503-8555-7","10.1109/AINIT61980.2024.10581781","National Natural Science Foundation of China(grant numbers:62103070); ","https://ieeexplore.ieee.org/stamp/stamp.jsp?arnumber=10581781","quantum computing;transfer learning;neural networks;parameterized quantum circuits;ECG classification","Training;Seminars;Quantum algorithm;Computational modeling;Transfer learning;Qubit;Neural networks","","2","","20","IEEE","11 Jul 2024","29-31 March 2024","29-31 March 2024","IEEE","IEEE Conferences"
"Hybrid Quantum-Classical Neural Network for Diagnosis of Autism Spectrum Disorder","A. Kim","Department of Physics, Bergen County Academies, Hackensack, United States",2024 IEEE International Conference on Quantum Computing and Engineering (QCE),"10 Jan 2025","2024","02","","446","447","Autism Spectrum Disorder (ASD) affects almost 3% of children worldwide, and due to the complexity and heterogeneity of ASD, accurate and efficient diagnosis is difficult to achieve. Qualitative diagnosis based on observation of behavior has a major risk of misdiagnosis. Meanwhile, the most efficient quantitative algorithms in modern literature are similarly problematic, with misdiagnosis rates of up to 44 %, execution times of over 7 hours, and all algorithms are purely classical. This project is an implementation of a hybrid quantum-classical neural network (HQCNN) to improve upon classical neural networks by applying quantum algorithms while only using fMRI data. The proposed neural network implements a variational quantum deflation (VQD) algorithm, an extension of the variational quantum eigensolver (VQE) framework for finding the first $k$ excited states of a Hamiltonian. This study shows that the VQD algorithm produces eigenvalues effectively equivalent to the classically computed ones, and the general algorithm has up to 70% accuracy with less than an hour of execution time, a major improvement from the 56% accuracy and over 7 hour runtimes of most classical algorithms. With the development of quantum computing technology, the VQD algorithm will continue to be optimized. Furthermore, the HQCNN is generally scalable, and only requires fMRI data for analysis. This study shows a faster and more accurate diagnosis of ASD using quantum algorithms.","","979-8-3315-4137-8","10.1109/QCE60285.2024.10348","","https://ieeexplore.ieee.org/stamp/stamp.jsp?arnumber=10821225","neural network;quantum network;variational quantum eigensolver;autism spectrum disorder;detection algorithm;IBM quantum lab","Computers;Autism;Accuracy;Quantum algorithm;Runtime;Computational modeling;Neural networks;Functional magnetic resonance imaging;Eigenvalues and eigenfunctions;Data models","","1","","9","IEEE","10 Jan 2025","15-20 Sept. 2024","15-20 Sept. 2024","IEEE","IEEE Conferences"
"MRI Brain Tumor Detection using Hybrid Quantum and Classical Neural Networks","R. Davuluri; C. Jayasree; A. N. Ahamad; C. Maha Lakshmi; A. K. Sri","Department of Computer Science and Engineering, Seshadri Rao Gudlavalleru Engineering College, Gudlavalleru, Andhra Pradesh, India; Department of Computer Science and Engineering, Seshadri Rao Gudlavalleru Engineering College, Gudlavalleru, Andhra Pradesh, India; Department of Computer Science and Engineering, Seshadri Rao Gudlavalleru Engineering College, Gudlavalleru, Andhra Pradesh, India; Department of Computer Science and Engineering, Seshadri Rao Gudlavalleru Engineering College, Gudlavalleru, Andhra Pradesh, India; Department of Computer Science and Engineering, Seshadri Rao Gudlavalleru Engineering College, Gudlavalleru, Andhra Pradesh, India",2026 6th International Conference on Image Processing and Capsule Networks (ICIPCN),"23 Mar 2026","2026","","","78","83","Brain tumor detection from MRI images is a critical and challenging task in medical diagnostics, where early identification greatly improves treatment outcomes. This paper presents a Hybrid Quantum– Classical Convolutional Neural Network (HQCNN) that integrates the strengths of ResNet-18 and a Variational Quantum Circuit for efficient and accurate tumor classification. The proposed model first employs ResNet-18 as a classical feature extractor, where 17 convolutional layers and pooling operations capture both low-level and high-level spatial features from MRI images. The final fully connected layer of ResNet-18 is replaced by a quantum processing layer implemented using PennyLane. In this layer, the extracted classical features are encoded onto qubits using RY rotation gates, while CNOT gates introduce entanglement between them, forming a VQC with trainable parameters. After quantum computation, Pauli-Z measurements convert the processed quantum states back into classical values, which are passed to a final fully connected layer for binary classification as Tumor or No Tumor. The hybrid integration of classical CNN feature learning with quantum entanglement– based representation enhances model generalization and interpretability. Experimental analysis demonstrates that the proposed HQCNN achieved 94.65% accuracy, outperforming traditional CNN models and confirming the potential of hybrid quantum–classical architectures for reliable and interpretable medical image diagnosis.","","979-8-3315-9981-2","10.1109/ICIPCN67432.2026.11438780","","https://ieeexplore.ieee.org/stamp/stamp.jsp?arnumber=11438780","Magnetic Resonance Imaging (MRI);Hybrid Quantum– Classical CNN;Variational Quantum Circuit;ResNet-18;Quantum Machine Learning;Medical Image Classification","Accuracy;Magnetic resonance imaging;Brain tumors;Logic gates;Feature extraction;Brain modeling;Convolutional neural networks;Quantum circuit;Integrated circuit modeling;Medical diagnostic imaging","","","","16","IEEE","23 Mar 2026","27-29 Jan. 2026","27-29 Jan. 2026","IEEE","IEEE Conferences"
"Hybrid Quantum-Classical Neural Networks: Bridging Deep Learning and Quantum Computing for Image Classification","A. K. Jha; R. Bhandari; R. Chadha","Department Of CSE, Chandigarh University Gharuan, Mohali, India; Department Of CSE, Chandigarh University Gharuan, Mohali, India; Department Of CSE, Chandigarh University Gharuan, Mohali, India",2026 Second International Conference on Emerging Computational Intelligence (ICECI),"20 May 2026","2026","","","1","6","Given the recent prominence of Noisy Intermediate Scale Quantum (NISQ) devices, hybrid quantum-classical neural networks have recently drawn a lot of excitement as a potential solution to improving learning efficiency. Our current paper describes a Hybrid Quantum-Classical Convolutional Neural Network (HQCNN) which is defined as a pretrained backbone of ResNet-18 and a small quantum-enhanced feature-transformation layer of Qiskit. The convolutional high-dimensional features are reduced to the classical eight-dimensional one, which in turn is encoded into a four-qubit parameterized quantum circuit. The resultant quantum expectation values are combined with the compressed features to come up with a hybridized representation of twelve dimensions, used to classify multi-class dataset. Experimental analysis of CIFAR10 data has shown that the suggested HQCNN achieves a test accuracy of 94.74% and improves class-wise precision, recall, and F1-scores than a number of existing hybrid models while using a significantly smaller number of latent features. More investigation into the quantum module indicates that it is predictable about scalability to batch, resistant to perturbations in features, and efficiently performed by evaluating circuit vectors. These results indicate that compact and expressive representations of images that can be helpful in the NISQ era can be acquired using hybrid architectures, thus providing a practical way to forward the benefits of quantum to modern deep-learning pipelines.","","979-8-3195-3337-1","10.1109/ICECI69159.2026.11519457","","https://ieeexplore.ieee.org/stamp/stamp.jsp?arnumber=11519457","Hybrid Quantum-Classical Neural Networks (HQCNN);Quantum Machine Learning (QML);Image Classification;Parameterized Quantum Circuits (PQC);Noisy IntermediateScale Quantum (NISQ);Qiskit;Variational Quantum Circuits (VQC);ResNet-18","Modeling;Circuits;Convolutional neural networks;Quantum circuit;Machine learning;Qubit;Training;Printing;Architecture;Computer architecture","","","","11","IEEE","20 May 2026","4-5 April 2026","4-5 April 2026","IEEE","IEEE Conferences"
"Exploring Quantum Machine Learning for Enhanced Skin Lesion Classification: A Comparative Study of Implementation Methods","S. S. Reka; H. L. Karthikeyan; A. J. Shakil; P. Venugopal; M. Muniraj","Centre for Smart Grid Technologies, School of Electronics Engineering, Vellore Institute of Technology, Chennai, India; School of Electronics Engineering, Vellore Institute of Technology, Chennai, India; School of Electronics Engineering, Vellore Institute of Technology, Chennai, India; School of Electronics Engineering, Vellore Institute of Technology, Chennai, India; School of Electronics Engineering, Vellore Institute of Technology, Chennai, India",IEEE Access,"5 Aug 2024","2024","12","","104568","104584","Skin diseases affect millions of people worldwide, leading to significant healthcare burdens and challenges in diagnosis and treatment. In the past few years, machine learning techniques have demonstrated potential in assisting dermatologists with diagnosing various skin conditions. As in, conventional machine learning algorithms might encounter challenges in handling the complexity and distinction of skin disease classification tasks, primarily because of the intricate nature of medical image data with its high dimensional properties. In this work, the main analysis is done based on exploring quantum machine learning models for skin disease classification. This approach blends with the aspects of quantum computing with the conventional machine learning techniques to push the boundaries of skin disease classification. This work harnesses the HAM10000 dataset, an extensive compilation of categorized images portraying common skin lesions, to train and assess the efficacy of the proposed methodologies. Quantum computing libraries such as PennyLane and Qiskit is used in this study. Using different combination of qubit rotation encoding and decoding using three types of Pauli gates such as Pauli X, Y and Z gates are implemented and compared using proposed Quanvolutional neural network. Features extracted using MobileNet pre-trained network is used to build Quantum support vector classifier. These quantum machine learning models are compared with some well-known pre-trained models such as Resnet50, Inception-Resnet, Densenet121, DenseNet201 and MobileNet. The combination of RY qubit rotation and PauliZ gate in quantum convolution layer in Quanvolutional neural network produced the optimal classification accuracy of 82.86% more than any other models included in this study. In contrast, Quantum Support Vector Classifier produced similar classification accuracy of 72.5% with respect to pre-trained models.","2169-3536","","10.1109/ACCESS.2024.3434681","Vellore Institute of Technology, Chennai; ","https://ieeexplore.ieee.org/stamp/stamp.jsp?arnumber=10613907","HAM10000 dataset;Qiskit;quantum machine learning;quanvolutional neural network;quantum support vector classifier;skin lesion;PennyLane","Skin;Diseases;Accuracy;Computational modeling;Machine learning;Lesions;Machine learning algorithms","","34","","44","CCBYNCND","29 Jul 2024","2024","","IEEE","IEEE Journals"
"Evaluating Accuracy and Adversarial Robustness of Quanvolutional Neural Networks","K. Sooksatra; P. Rivas; J. Orduz","Department of Computer Science, School of Engineering and Computer Science, Baylor University; Department of Computer Science, School of Engineering and Computer Science, Baylor University; Department of Computer Science, School of Engineering and Computer Science, Baylor University",2021 International Conference on Computational Science and Computational Intelligence (CSCI),"22 Jun 2022","2021","","","152","157","Machine learning can thrust technological advances and benefit different application areas. Further, with the rise of quantum computing, machine learning algorithms have begun to be implemented in a quantum environment; this is now referred to as quantum machine learning. There are several attempts to implement deep learning in quantum computers. Nevertheless, they were not entirely successful. Then, a convolutional neural network (CNN) combined with an additional quanvolutional layer was discovered and called a quanvolutional neural network (QNN). A QNN has shown a higher performance over a classical CNN. As a result, QNNs could achieve better accuracy and loss values than the classical ones and show their robustness against adversarial examples generated from their classical versions. This work aims to evaluate the accuracy, loss values, and adversarial robustness of QNNs compared to CNNs.","","978-1-6654-5841-2","10.1109/CSCI54926.2021.00097","","https://ieeexplore.ieee.org/stamp/stamp.jsp?arnumber=9799143","quanvolutional neural networks;quantum neural networks;convolutional neural networks","Deep learning;Computers;Quantum computing;Machine learning algorithms;Scientific computing;Neural networks;Robustness","","9","","30","IEEE","22 Jun 2022","15-17 Dec. 2021","15-17 Dec. 2021","IEEE","IEEE Conferences"
"Understanding Logical-Shift Error Propagation in Quanvolutional Neural Networks","M. Vallero; E. Dri; E. Giusto; B. Montrucchio; P. Rech","University of Trento, Trento, Italy; Politecnico di Torino, Torino, Italy; Politecnico di Torino, Torino, Italy; Politecnico di Torino, Torino, Italy; University of Trento, Trento, Italy",IEEE Transactions on Quantum Engineering,"11 Apr 2024","2024","5","","1","14","Quanvolutional neural networks (QNNs) have been successful in image classification, exploiting inherent quantum capabilities to improve performance of traditional convolution. Unfortunately, the qubit's reliability can be a significant issue for QNNs inference, since its logical state can be altered by both intrinsic noise and by the interaction with natural radiation. In this article, we aim at investigating the propagation of logical-shift errors (i.e., the unexpected modification of the qubit state) in QNNs. We propose a bottom–up evaluation reporting data from 13 322 547 200 logical-shift injections. We characterize the error propagation in the quantum circuit implementing a single convolution and then in various designs of the same QNN, varying the dataset and the network depth. We track the logical-shift error propagation through the qubits, channels, and subgrids, identifying the faults that are more likely to cause misclassifications. We found that up to 10% of the injections in the quanvolutional layer cause misclassification and even logical-shifts of small magnitude can be sufficient to disturb the network functionality. Our detailed analysis shows that corruptions in the qubits' state that alter their probability amplitude are more critical than the ones altering their phase, that some object classes are more likely than others to be corrupted, that the criticality of subgrids depends on the dataset, and that the control qubits, once corrupted, are more likely to modify the QNN output than the target qubits.","2689-1808","","10.1109/TQE.2024.3372880","Italian Ministry for Department of Industrial Engineering; University and Research; Departments of Excellence 2023-27 program(grant numbers:L.232/2016); CINECA; ISCRA initiative; Q-CORE project; ","https://ieeexplore.ieee.org/stamp/stamp.jsp?arnumber=10458381","Fault injection;fault tolerance;quantum computing (QC);quantum machine learning (QML);reliability evaluation","Qubit;Circuit faults;Reliability;Quantum computing;Quantum circuit;Neural networks;Integrated circuit reliability;Fault tolerance;Machine learning","","7","","61","CCBY","5 Mar 2024","2024","","IEEE","IEEE Journals"
"Cross-subject federated transfer learning with quanvolutional layer for Motor Imagery classification","R. Hu; X. Zhou; Z. Xu; Z. Liao; H. Wu; H. Qu; Z. -R. Tang","Guangdong Institute of Intelligent Manufacturing, Guangdong Academy of Sciences, Guangzhou, China; Guangdong Institute of Intelligent Manufacturing, Guangdong Academy of Sciences, Guangzhou, China; Guangdong Institute of Intelligent Manufacturing, Guangdong Academy of Sciences, Guangzhou, China; Guangdong Institute of Intelligent Manufacturing, Guangdong Academy of Sciences, Guangzhou, China; Guangdong Institute of Intelligent Manufacturing, Guangdong Academy of Sciences, Guangzhou, China; Guangdong Institute of Intelligent Manufacturing, Guangdong Academy of Sciences, Guangzhou, China; School of Physics and Technology, Wuhan University, Wuhan, China",2021 China Automation Congress (CAC),"14 Mar 2022","2021","","","5736","5741","The Brain-Computer Interface (BCI) systems play an important role in the Rehabilitation therapy, Smart-home, Intelligent Transportation fields. To the best of our knowledge, different from the cross-trial and cross-run tasks, the data privacy of the huge amount of datasets from multiple subjects prevents the research for the cross-subject transfer learning of the BCI classification task. In this paper, a simple federated transfer framework, namely Federated Transfer Network with Quanvolutional Architecture (FTL-QL), is proposed to overcome this problem. The Riemannian spatial Encoder-Decoder backbone that contains the Quanvolutional and Encoder-Decoder layers to execute the quantum, Manifold Riemannian Coding and Log-Euclidean Riemannian Decoding computation to extract the discriminative information features for cross-subjects' transfer learning. Then the Federated module which calculated by the FederatedAveraging method to train the top layer of the FTL-QL for each subject. The performance of the FTL-QL is benchmarked on the EEG Motor Imagery datasets. Several experiments about the BCI classification task show the proposed FTL-QL can achieve superior learning performance for Cross-subject transfer learning.","2688-0938","978-1-6654-2647-3","10.1109/CAC53003.2021.9727351","National Natural Science Foundation of China; Guangdong Academy of Sciences; Technology Development; Xinjiang Production and Construction Corps; Ministry of Education; ","https://ieeexplore.ieee.org/stamp/stamp.jsp?arnumber=9727351","The Riemannian spatial Encoder-Decoder backbone;FederatedAveraging;Cross-subject transfer learning","Manifolds;Quantum computing;Transfer learning;Transportation;Medical treatment;Feature extraction;Encoding","","5","","35","IEEE","14 Mar 2022","22-24 Oct. 2021","22-24 Oct. 2021","IEEE","IEEE Conferences"
"Quantum Machine Learning: Practical Cases","A. Zeguendry; Z. Jarir; M. Quafafou","LISI Laboratory, FSSM, University of Cadi Ayyad, Morocco; LISI Laboratory, FSSM, University of Cadi Ayyad, Morocco; Aix-Marseille University, France",2022 International Conference on INnovations in Intelligent SysTems and Applications (INISTA),"23 Sep 2022","2022","","","1","6","Machine learning (ML) is often listed among the most potential applications for quantum computing. This is in reality a puzzling choice: Nowadays machine learning algorithms are extremely powerful in practice, but still theoretically challenging to understand. Quantum computing, in contrast, does not give actual benchmarks on practical scales. However, theory remains the main tool we have to determine if it may become important for a task. Although it is far from reaching its full potential, nevertheless, it presents several techniques to efficiently deal with the problem which are tough to solve traditionally. In this perspective we deploy the Quanvolutional Neural Networks (QNNs) on a quantum computer to recognize handwritten digits, and compare its performance with that of its classical counterpart namely the Convolutional Neural Networks (CNNs). We used a quanvolutional layer to separate the pixel data and demonstrate the advantage of applying QNN on a quantum computer. Finally, we implement the Variational Quantum Classifier (VQC) and several classical classifiers built on the Iris dataset, in order to compare their accuracies. We employed amplitude encoding to map data into the large Hilbert space of a quantum computer. The results revealed that the QNN model and VQC had high accuracy and low loss value compared to their purely classical counterparts.","2768-7295","978-1-6654-9810-4","10.1109/INISTA55318.2022.9894249","","https://ieeexplore.ieee.org/stamp/stamp.jsp?arnumber=9894249","Quantum Machine Learning (QML);Quanvolutional Neural Network (QNN);Variational Quantum Classifier (VQC);Quantum Encoding","Technological innovation;Quantum computing;Machine learning algorithms;Neural networks;Machine learning;Encoding;Hilbert space","","3","","12","IEEE","23 Sep 2022","8-12 Aug. 2022","8-12 Aug. 2022","IEEE","IEEE Conferences"
"Quanvolutional Neural Networks for Pneumonia Detection: An Efficient Quantum-Assisted Feature Extraction Paradigm","G. Tanbhir; M. F. Shahriyar; A. M. R. Chy","Research & Development ZogBiyog, Dhaka, Bangladesh; Dept of CSE, Research & Development, ZogBiyog, HSTU, Dhaka, Bangladesh; Research & Development ZogBiyog, Dhaka, Bangladesh","2025 2nd International Conference on Next-Generation Computing, IoT and Machine Learning (NCIM)","17 Sep 2025","2025","","","1","6","Pneumonia poses a significant global health challenge, demanding accurate and timely diagnosis. While deep learning, particularly Convolutional Neural Networks (CNNs), has shown promise in medical image analysis for pneumonia detection, CNNs often suffer from high computational costs, limitations in feature representation, and challenges in generalizing from smaller datasets. To address these limitations, we explore the application of Quanvolutional Neural Networks (QNNs), leveraging quantum computing for enhanced feature extraction. This paper introduces a novel hybrid quantum-classical model for pneumonia detection using the PneumoniaMNIST dataset. Our approach utilizes a quanvolutional layer with a parameterized quantum circuit (PQC) to process 2×2 image patches, employing rotational Y-gates for data encoding and entangling layers to generate non-classical feature representations. These quantum-extracted features are then fed into a classical neural network for classification. Experimental results demonstrate that the proposed QNN achieves a higher validation accuracy of 83.33% compared to a comparable classical CNN which achieves 73.33%. This enhanced convergence and sample efficiency highlight the potential of QNNs for medical image analysis, particularly in scenarios with limited labeled data. This research lays the foundation for integrating quantum computing into deep learning-driven medical diagnostic systems, offering a computationally efficient alternative to traditional approaches.","","979-8-3315-5542-9","10.1109/NCIM65934.2025.11160275","","https://ieeexplore.ieee.org/stamp/stamp.jsp?arnumber=11160275","Quanvolutional Neural Networks;Pneumonia Detection;Quantum Machine Learning;Medical Image Analysis;Hybrid Quantum-Classical Model","Pneumonia;Image analysis;Accuracy;Computational modeling;Neural networks;Feature extraction;Computational efficiency;Convolutional neural networks;Quantum circuit;Medical diagnostic imaging","","2","","22","IEEE","17 Sep 2025","27-28 June 2025","27-28 June 2025","IEEE","IEEE Conferences"
"A Hybrid Quantum-Classical Model for Breast Cancer Diagnosis with Quanvolutions","Y. R. Sobrinho; E. G. B. Soares; J. R. R. Manesco; J. Al-Tuweity; R. G. Pires; J. P. Papa","School of Sciences, São Paulo State University (UNESP), São Paulo, Brazil; College of Engineering, são Paulo State University (UNESP), São Paulo, Brazil; School of Sciences, São Paulo State University (UNESP), São Paulo, Brazil; School of Sciences, São Paulo State University (UNESP), São Paulo, Brazil; School of Sciences, São Paulo State University (UNESP), São Paulo, Brazil; School of Sciences, São Paulo State University (UNESP), São Paulo, Brazil",2025 IEEE 38th International Symposium on Computer-Based Medical Systems (CBMS),"4 Jul 2025","2025","","","290","296","This paper explores the potential of quantum ma-chine learning for breast cancer detection. We designed a binary classification approach using the BreastMNIST dataset and segmented mass regions derived from the BCDR dataset. A quanvolutional layer is employed as a quantum feature extractor, interfaced with elements of classical neural networks, to enhance the detection of malignant and benign patterns in breast tissue. The hybrid quanvolutional neural network aims to mitigate challenges associated with traditional machine learning models, such as feature sparsity and data imbalance. This architecture employs a simple yet efficient design that integrates the strengths of both quantum computing and classical methods, reducing computational complexity while maintaining performance. Re-sults demonstrate the potential of quanvolutions in diagnostic accuracy, offering a promising framework for integrating quan-tum computing in medical imaging. This approach provides an optimized solution that balances quantum processing with classical systems for more effective and scalable applications.","2372-9198","979-8-3315-2610-8","10.1109/CBMS65348.2025.00065","FAPESP(grant numbers:2013/07375-0,2024/08242-8,2024/00117-0,2024/00789-8,2023/14427-8); Brazilian National Council for Scientific and Technological Development (CNPq)(grant numbers:400756/2024-2); ","https://ieeexplore.ieee.org/stamp/stamp.jsp?arnumber=11058799","quantum machine learning;artificial intelligence;breast cancer;quanvolutional neural networks;medical imaging;quantum computing","Quantum computing;Computational modeling;Neural networks;Machine learning;Computer architecture;Feature extraction;Breast cancer;Data models;Computational complexity;Medical diagnostic imaging","","1","","14","IEEE","4 Jul 2025","18-20 June 2025","18-20 June 2025","IEEE","IEEE Conferences"
"Quantum Approaches for Dysphonia Assessment in Small Speech Datasets","H. Tran; B. Kashyap; P. N. Pathirana","Networked Sensing & Biomedical Engineering (NSBE) Research lab, School of Engineering, Deakin University, Waurn Ponds, Victoria, Australia; Networked Sensing & Biomedical Engineering (NSBE) Research lab, School of Engineering, Deakin University, Waurn Ponds, Victoria, Australia; Networked Sensing & Biomedical Engineering (NSBE) Research lab, School of Engineering, Deakin University, Waurn Ponds, Victoria, Australia",2025 47th Annual International Conference of the IEEE Engineering in Medicine and Biology Society (EMBC),"3 Dec 2025","2025","","","1","6","Dysphonia, a prevalent medical condition, leads to voice loss, hoarseness, or speech interruptions. To assess it, researchers have been investigating various machine learning techniques alongside traditional medical assessments. Convolutional Neural Networks (CNNs) have gained popularity for their success in audio classification and speech recognition. However, the limited availability of speech data, poses a challenge for CNNs. This study compares the performance of CNNs with standard convolutional layers, CNNs with random nonlinear convolutional layers (RANDOM models), and a novel hybrid quantum-classical architecture, Quanvolutional Neural Networks (QNNs), which are well-suited for small datasets. The audio data was preprocessed into Mel spectrograms, comprising 243 training samples and 61 testing samples in total, and used in four experiments. A total of six models were developed: two CNNs, two RANDOM models, and two QNNs, with the second models incorporating additional layers to boost performance. The angle encoding method was employed within the quanvolutional layer, which is the quantum transformation layer of the QNNs, to enable the representation of more complex features of Mel spectrogram. The experimental results demonstrated that QNN models consistently outperformed the CNN models in both classification accuracy (ranging from 82.22% ± 4% to 89.26% ± 2%) and convergence speed across all four experiments.Clinical relevance— This work investigates the potential of quantum-based approaches for medical data classification and their promising role in enhancing dysphonia assessment.","2694-0604","979-8-3315-8618-8","10.1109/EMBC58623.2025.11252849","","https://ieeexplore.ieee.org/stamp/stamp.jsp?arnumber=11252849","","Training;Accuracy;Training data;Encoding;Data models;Convolutional neural networks;Spectrogram;Standards;Convergence;Testing","Dysphonia;Humans;Neural Networks, Computer;Speech;Machine Learning;Quantum Theory","1","","28","IEEE","3 Dec 2025","14-18 July 2025","14-18 July 2025","IEEE","IEEE Conferences"
"Utilizing Quantum Variational Circuits to Perform Quantum Convolutions in Hybrid ""Quanvolutional"" Neural Networks for Skin Cancer Detection","I. Gode; H. Wang; D. Liang","Montgomery College, Rockville, USA; Meltex Plasma Technology, Inc., Tianjin, China; Westwood High School, Austin, USA","2024 International Conference on Image Processing, Computer Vision and Machine Learning (ICICML)","14 Apr 2025","2024","","","2034","2037","Cancer is one of the leading causes of death worldwide. Mutations in humans can alter oncogenes or tumor suppressor genes, leading to uncontrolled cell growth. The most common form of cancer is skin cancer which if caught early, is much easier to treat, highlighting the importance of a sophisticated skin cancer detection system. In this study, we propose a novel method to detect skin cancer early, utilizing quantum variational circuits to perform a quantum convolution as a pre-processing step on image data for classical Convolutional Neural Networks (CNN) to create a hybrid ""Quanvolutional"" Neural Network. Utilizing a dataset of over 8,100 images which included images of other skin conditions including Herpes Simplex, Burns, Xerosis, folliculitis, and more, our model obtained a validation accuracy of 99.30% for the classification of Skin Cancer. This performance surpasses that of similar, purely classical CNNs, despite the presence of noise from other skin conditions. Our study not only demonstrates significant potential for skin cancer detection, but also the efficiency and effectiveness of quantum pre-processing layers in hybrid Quanvolutional Neural Networks. Future work can utilize our Quantum Machine Learning methods, leading to further breakthroughs within the medical field and quantum computing as a whole.","","979-8-3503-5541-3","10.1109/ICICML63543.2024.10957945","","https://ieeexplore.ieee.org/stamp/stamp.jsp?arnumber=10957945","Convolutional Neural Network;Quantum Machine learning;Skin Cancer;Variational Circuits;Classification","Accuracy;Quantum computing;Convolution;Computational modeling;Neural networks;Circuits;Machine learning;Convolutional neural networks;Integrated circuit modeling;Skin cancer","","","","23","IEEE","14 Apr 2025","22-24 Nov. 2024","22-24 Nov. 2024","IEEE","IEEE Conferences"
"Enriching Earth Observation Labeled Data With Quantum Conditioned Diffusion Models","F. Mauro; F. De Falco; L. Papa; A. Ceschini; A. Sebastianelli; P. Gamba; M. Panella; S. L. Ullo","Engineering Department, University of Sannio, Benevento, Italy; Department of Information Engineering, Electronics and Telecommunication, Sapienza University of Rome, Rome, Italy; Φ-lab, European Space Agency, Frascati, Italy; CMCC Foundation—Euro-Mediterranean Center on Climate Change, Caserta, Italy; CMCC Foundation—Euro-Mediterranean Center on Climate Change, Caserta, Italy; Department of Electrical, Computer and Biomedical Engineering, University of Pavia, Pavia, Italy; Department of Information Engineering, Electronics and Telecommunication, Sapienza University of Rome, Rome, Italy; Engineering Department, University of Sannio, Benevento, Italy",IEEE Transactions on Geoscience and Remote Sensing,"25 Feb 2026","2026","64","","1","16","The rapid adoption of diffusion models (DMs) in the Earth observation (EO) domain has unlocked new generative capabilities aimed at producing new samples, whose statistical properties closely match real imagery, for tasks such as synthesizing missing data, augmenting scarce labeled datasets, and improving image reconstruction. This is particularly relevant in EO, where labeled data are often costly to obtain and limited in availability. However, classical DMs still face significant computational limitations, requiring hundreds to thousands of inference steps, as well as difficulties in capturing the intricate spatial and spectral correlations characteristic of EO data. Recent research in quantum machine learning (QML), including initial attempts of quantum generative models, offers a fundamentally different approach to overcoming these challenges. Motivated by these considerations, we introduce the quanvolutional conditioned U-Net (QCU-Net), a hybrid quantum–classical architecture that applies quantum operations within a conditioned diffusion framework using a novel quanvolutional feature-extraction approach, for generating synthetic labeled EO imagery. Extensive experiments on the EuroSAT RGB dataset demonstrate that our QCU-Net achieves superior results. Notably, it reduces the Fréchet inception distance by 64%, lowers the Kernel inception distance by 76%, and yields higher semantic accuracy. Ablation studies further reveal that strategically positioning quantum layers and employing entangling variational circuits enhance model performance and convergence. This work represents the first successful adaptation of class-conditioned quantum diffusion modeling in the EO domain, paving the way for quantum-enhanced remote sensing imagery synthesis.","1558-0644","","10.1109/TGRS.2026.3661445","European Union’s Horizon 2020 Research and Innovation Program through DEEP-EST Project(grant numbers:754304); European Union under Italian National Recovery and Resilience Plan (PNRR) of NextGenerationEU Partnership on “Telecommunications of the Future” through program “RESTART” (CUP E63C22002040007 - D.D. n.1549 of 11/10/2022)(grant numbers:PE00000001); “National Center for HPC, Big Data And Quantum Computing” (CN1, Spoke 10) within Italian “Piano Nazionale di Ripresa e Resilienza (PNRR)”, Mission 4 Component 2 Investment 1.4 funded by European Union - NextGenerationEU (CUP B83C22002940006)(grant numbers:CN00000013); ","https://ieeexplore.ieee.org/stamp/stamp.jsp?arnumber=11372684","Earth observation (EO);quantum computing;quantum deep learning;quantum diffusion models (DMs);remote sensing","Logic gates;Quantum computing;Qubit;Computational modeling;Diffusion models;Computer architecture;Integrated circuit modeling;Quantum state;Semantics;Hybrid power systems","","","","67","CCBY","6 Feb 2026","2026","","IEEE","IEEE Journals"
"Fast Quantum Convolutional Neural Networks for Low-Complexity Object Detection in Autonomous Driving Applications","E. J. Roh; H. Baek; D. Kim; J. Kim","Department of Electrical and Computer Engineering, Korea University, Seoul, South Korea; Department of Electrical and Computer Engineering, Korea University, Seoul, South Korea; Institute of Advanced Technology Development (IATD), Hyundai Motor Company, Seoul, South Korea; Department of Electrical and Computer Engineering, Korea University, Seoul, South Korea",IEEE Transactions on Mobile Computing,"9 Jan 2025","2025","24","2","1031","1042","Object detection applications, especially in autonomous driving, have drawn attention due to the advancements in deep learning. Additionally, with continuous improvements in classical convolutional neural networks (CNNs), there has been a notable enhancement in both the efficiency and speed of these applications, making autonomous driving more reliable and effective. However, due to the exponentially rapid growth in the complexity and scale of visual signals used in object detection, there are limitations regarding computation speeds while conducting object detection solely with classical computing. Motivated by this, this paper proposes the quantum object detection engine (QODE), which implements a quantum version of CNN, named QCNN, in object detection. Furthermore, this paper proposes a novel fast quantum convolution algorithm that processes the multi-channel of visual signals based on a small number of qubits and constructs the output channel data, thereby achieving relieved computational complexity. Our QODE, equipped with fast quantum convolution, demonstrates feasibility in object detection with multi-channel data, addressing a limitation of current QCNNs due to the scarcity of qubits in the current era of quantum computing. Moreover, this paper introduces a heterogeneous knowledge distillation training algorithm that enhances the performance of our QODE.","1558-0660","","10.1109/TMC.2024.3470328","Institute of Advanced Technology Development; Hyundai Motor Company; Kia Corporation; Institute of Information & Communications Technology Planning & Evaluation; MSIT(grant numbers:RS-2024-00439803); ","https://ieeexplore.ieee.org/stamp/stamp.jsp?arnumber=10697474","Autonomous driving;object detection;quantum convolutional neural network;quantum machine learning","Convolution;Qubit;Quantum computing;Object detection;Training;Encoding;Quantum system;Visualization;Quantum state;Logic gates","","21","","34","IEEE","27 Sep 2024","Feb. 2025","","IEEE","IEEE Journals"
"Two-Stage Watermark Removal Framework for Spread Spectrum Watermarking","J. You; Y. Zhou","Department of Computer and Information Science, University of Macau, Macau, China; Department of Computer and Information Science, University of Macau, Macau, China",IEEE Transactions on Multimedia,"24 Apr 2024","2024","26","","7687","7699","Spread spectrum (SS) watermarking has gained significant attention as it prevents attackers from reading, tampering with, or removing watermarks. Secret key estimation can help with the first two unauthorized operations but cannot remove watermarks. Moreover, existing deep-learning watermark removal methods do not consider the characteristics of SS watermarking, thus leading to unsatisfactory results. In this paper, we design a secret key estimation method that treats secret key estimation as a binary classification problem and updates the estimated key via backpropagation and parameter optimization algorithms. We develop a watermark removal network using quaternion convolutional neural networks (QCNNs) to learn watermark features while capturing the relationship between channels to improve image quality. Based on our estimation method and QCNN-based network, we propose a two-stage watermark removal framework that utilizes information of the secret key to train the network. A loss function is introduced to directly prevent watermark extraction, thereby improving removal performance. Extensive experiments demonstrate the superiority of our methods over the state-of-the-art methods.","1941-0077","","10.1109/TMM.2024.3370380","Science and Technology Development Fund, Macau SAR(grant numbers:0049/2022/A1); Universidade de Macau(grant numbers:MYRG2022-00072-FST); ","https://ieeexplore.ieee.org/stamp/stamp.jsp?arnumber=10449391","Deep learning;secret key estimation;spread spectrum watermarking;watermark removal;watermarking security","Watermarking;Estimation;Image quality;Robustness;Quaternions;Additives;Frequency-domain analysis","","17","","38","IEEE","27 Feb 2024","2024","","IEEE","IEEE Journals"
"APIM: An Antiferromagnetic MRAM-Based Processing-In-Memory System for Efficient Bit-Level Operations of Quantized Convolutional Neural Networks","Y. Li; J. Wang; D. Zhu; J. Li; A. Du; X. Wang; Y. Zhang; W. Zhao","Hangzhou International Innovation Institute, Beihang University, Hangzhou, China; Zhongfa Aviation Institute, Beihang University, Beijing, China; Zhongfa Aviation Institute, Beihang University, Beijing, China; Zhongfa Aviation Institute, Beihang University, Beijing, China; Zhongfa Aviation Institute, Beihang University, Beijing, China; School of Integrated Circuit Science and Engineering, Beihang University, Beijing, China; School of Integrated Circuit Science and Engineering, Beihang University, Beijing, China; Zhongfa Aviation Institute, Beihang University, Beijing, China",IEEE Transactions on Computer-Aided Design of Integrated Circuits and Systems,"18 Jul 2024","2024","43","8","2405","2410","Quantized convolutional neural network (QCNN) is an attractive approach that reduces hardware overheads, especially for energy-constrained systems. However, existing QCNNs still require nontrivial hardware resources and memory capacity in order not to compromise model accuracy. To address this issue, we propose an antiferromagnetic magnetic random-access memory (ARAM)-based processing-in-memory (PIM) system, leveraging bit-level sparsity. Three optimization techniques are proposed to optimize hardware resource utilization while preserving CNN accuracy. First, the ARAM-based memory subsystem allows dynamic adaptation of variable bit-width across CNN layers. Second, the bit-level accelerator employs the bit-fusion format engineered for processing data from the ARAM subsystem. Third, a customized data path within the RISC-V core guarantees efficient instruction processing to the ARAM-based memory subsystem and bit-level accelerator, enabling optimal bit-level data transmission and computation. Experimental results demonstrate that this design remarkably reduces data movement by 50%–83% across existing CNNs. Compared to state-of-the-art designs, it enhances throughput and latency by an average of  $5\times $  and  $10\times $ , respectively. In addition, this design achieves speedups between  $1.63\times $  and  $2.96\times $ , outstripping other designs in AlexNet, VGG16, and ResNet18 benchmarks.","1937-4151","","10.1109/TCAD.2024.3372453","National Key Research and Development Program of China(grant numbers:2022YFb300200); National Natural Science Foundation of China(grant numbers:92164206,52121001,62004011,62122008,61971024); Tencent Foundation through the XPLORER PRIZE; Project Funded by China Postdoctoral Science Foundation(grant numbers:2022M720344); ","https://ieeexplore.ieee.org/stamp/stamp.jsp?arnumber=10457534","Antiferromagnetic magnetic random-access memory (ARAM);convolutional neural network;processing-in-memory (PIM) system;quantization","Hardware;Convolutional neural networks;Indexes;Synchronization;Table lookup;Vectors;Memory management","","4","","17","IEEE","1 Mar 2024","Aug. 2024","","IEEE","IEEE Journals"
"Quantum Machine Learning in Medical Image Analysis: From Diagnostics to Surgery Planning","A. Sar; A. Kumar; S. Roy; A. Kaushish; T. Choudhury; Minakshi; S. S. Alqahtani; A. Abraham","School of Computer Science, University of Petroleum and Energy Studies (UPES), Dehradun, Uttarakhand, India; School of Computing Science and Engineering, Galgotias University, Greater Noida, Uttar Pradesh, India; School of Computer Science, University of Petroleum and Energy Studies (UPES), Dehradun, Uttarakhand, India; School of Computer Science, University of Petroleum and Energy Studies (UPES), Dehradun, Uttarakhand, India; School of Computer Science, University of Petroleum and Energy Studies (UPES), Dehradun, Uttarakhand, India; College of Computer Science, King Khalid University, Abha, Saudi Arabia; Department of Clinical Pharmacy, College of Pharmacy, King Khalid University (KKU), Abha, Saudi Arabia; School of Artificial Intelligence, Sai University, Chennai, Tamil Nadu, India",IEEE Access,"27 Feb 2026","2026","14","","27690","27732","Quantum Machine Learning (QML) is an emerging, powerful paradigm at the intersection of quantum computing and artificial intelligence, with the potential to enhance medical image analysis. We compared their performance with classical counterparts, while critically examining the gap between theoretical quantum advantages and the practical constraints of current Noisy Intermediate-Scale Quantum (NISQ) implementations. This review explored the current landscape of QML-based methodologies applied to key medical imaging modalities - Magnetic Resonance Imaging (MRI), Computed Tomography (CT), X-rays, and histopathology. We systematically analyzed how quantum-enhanced models were employed for critical tasks such as image classification, segmentation, and reconstruction, and we compared their performance with that of classical counterparts. The review delved into the architectural innovations that enabled these quantum approaches, including hybrid quantum-classical frameworks, variational quantum circuits, and quantum convolutional neural networks. Particular emphasis was given to the clinical relevance of QML applications, from early diagnostics to real-time surgery planning, and how quantum advantage might influence data efficiency, interpretability, along computational scalability. Finally, we highlighted current challenges in data encoding, noise resilience, and hardware limitations, and discussed promising future directions that could enable the practical deployment of QML in healthcare settings. This comprehensive review aimed to serve as a foundational reference for researchers and practitioners looking to harness quantum computing in medical imaging and precision medicine.","2169-3536","","10.1109/ACCESS.2026.3663498","Ministry of Economic Development of the Russian Federation(grant numbers:139-10-2025-034 dd. 19.06.2025,IGK 000000C313925P4D0002); ","https://ieeexplore.ieee.org/stamp/stamp.jsp?arnumber=11389755","Hybrid quantum-classical models;medical image reconstruction;quantum convolutional neural networks;quantum image segmentation;quantum machine learning (QML);variational quantum circuits","Computational modeling;Medical diagnostic imaging;Quantum computing;Magnetic resonance imaging;Image analysis;Solid modeling;Quantum mechanics;Data models;Reviews;Image segmentation","","1","","304","CCBY","10 Feb 2026","2026","","IEEE","IEEE Journals"
"QML-IDS: Quantum Machine Learning Approaches for Intrusion Detection Systems in IoT devices","A. A. Shaji; S. Sadhwani; R. Muthalagu; P. M. Pawar; T. Mathew","Department Of Computer Science, Birla Institute Of Technology And Science, Pilani, Dubai Campus Dubai International Academic City, Dubai, United Arab Emirates; Department Of Computer Science, Birla Institute Of Technology And Science, Pilani, Dubai Campus Dubai International Academic City, Dubai, United Arab Emirates; Department Of Computer Science, Birla Institute Of Technology And Science, Pilani, Dubai Campus Dubai International Academic City, Dubai, United Arab Emirates; Department Of Computer Science, Birla Institute Of Technology And Science, Pilani, Dubai Campus Dubai International Academic City, Dubai, United Arab Emirates; Department Of Computer Science, Birla Institute Of Technology And Science, Pilani, Dubai Campus Dubai International Academic City, Dubai, United Arab Emirates",2025 3rd International Conference on Computational Intelligence and Network Systems (CINS),"3 Mar 2026","2025","","","1","7","The proliferation of Internet of Things (IoT) devices has introduced a paradigm shift in connectivity and automation, but it has also surfaced critical cybersecurity challenges due to the heterogeneous and resource-constrained nature of these networks. Traditional and classical machine learning-based intrusion detection systems (IDS) have achieved commendable success, yet they often struggle with scalability, data dimensionality, and the detection of novel attack patterns. In this research, QML-IDS is proposed, which is a quantum machine learning-based IDS framework that leverages quantum computational advantages to enhance intrusion detection in IoT environments. Utilizing the ToN-IoT benchmark dataset designed specifically for IoT/IIoT security multiple QML models are evaluated, including Quantum Convolutional Neural Networks (Q-CNN), Quantum Support Vector Machines (QSVM), Quantum K-means Clustering, and Quantum Random Forest (Q-RF). Implemented using the Pennylane framework, proposed experiments reveal that Q-RF achieved the highest detection accuracy of 95% on a reduced training set, followed closely by Q-CNN with 94% accuracy. The results suggest that QML models hold significant promise in offering efficient and scalable security solutions for the next generation of IoT systems.","","979-8-3315-8881-6","10.1109/CINS67018.2025.11412140","","https://ieeexplore.ieee.org/stamp/stamp.jsp?arnumber=11412140","Internet of Things;Intrusion Detection Systems;PennyLane;Quantum Machine Learning","Training;Support vector machines;Quantum computing;Accuracy;Computational modeling;Scalability;Intrusion detection;Internet of Things;Random forests;Next generation networking","","1","","20","IEEE","3 Mar 2026","25-26 Nov. 2025","25-26 Nov. 2025","IEEE","IEEE Conferences"
"Quantum Computing in Transportation Engineering: A Survey","S. Somvanshi; S. Das; M. M. Islam; S. B. B. Polock; G. Chhetri; D. Anderson","Ingram School of Engineering, Texas State University, San Marcos, TX, USA; Ingram School of Engineering, Texas State University, San Marcos, TX, USA; Ingram School of Engineering, Texas State University, San Marcos, TX, USA; Ingram School of Engineering, Texas State University, San Marcos, TX, USA; College of Science and Engineering, Texas State University, San Marcos, TX, USA; Ingram School of Engineering, Texas State University, San Marcos, TX, USA",IEEE Transactions on Intelligent Transportation Systems,"","2026","PP","99","1","18","Quantum computing introduces powerful computational paradigms capable of addressing optimization and machine learning challenges that are increasingly critical in transportation engineering. This paper presents a comprehensive survey of how quantum algorithms and models are being applied across transportation domains, including intelligent transportation systems, traffic management, vehicle routing, logistics, and autonomous systems. Unlike prior reviews that primarily introduce quantum theory, we systematically connect fundamental quantum principles-qubits, superposition, entanglement, and quantum gates-with specific transportation use cases. We synthesize recent findings showing that the Quantum Approximate Optimization Algorithm, Grover’s search, and hybrid quantum–classical solvers can improve performance in combinatorial problems such as vehicle routing and dynamic traffic signal control, while quantum machine learning models (e.g., Quantum Convolutional Neural Networks, Quantum Generative Adversarial Networks, and clustering algorithms) demonstrate promise in traffic prediction, anomaly detection, and autonomous vehicle perception. Our review highlights that although quantum hardware limitations (noise, scalability, connectivity) remain significant, empirical studies already suggest measurable improvements in solution quality and computational efficiency when compared to classical heuristics. The key contribution of this survey is to map the landscape of quantum computing in transportation engineering, identify application-specific advantages and current bottlenecks, and outline future research directions toward scalable, domain-specific quantum algorithms. By doing so, we provide transportation researchers and practitioners with a structured foundation to integrate quantum approaches into emerging mobility systems, with implications for efficiency, safety, sustainability, and equity.","1558-0016","","10.1109/TITS.2026.3662626","","https://ieeexplore.ieee.org/stamp/stamp.jsp?arnumber=11395309","Quantum computing;algorithms;transportation applications;Intelligent Transportation Systems (ITS);routing/logistics;optimization;machine learning","Quantum computing;Qubit;Logic gates;Transportation;Quantum entanglement;Quantum mechanics;Optimization;Computational modeling;Machine learning;Surveys","","1","","","IEEE","12 Feb 2026","","","IEEE","IEEE Early Access Articles"
"Quantum Image Processing for Medical Image Analysis: A Comprehensive Literature Survey","K. L. Sujitha; U. S","Department of Computer Science and Engineering, New Horizon College of Engineering, Bangalore, India; Department of Computer Science and Engineering, New Horizon College of Engineering, Bangalore, India",2026 4th International Conference on Artificial Intelligence and Machine Learning Applications Theme: Healthcare and Internet of Things (AIMLA),"22 May 2026","2026","","","1","6","This literature review analyses the convergence of unsupervised learning and quantum image processing for medical imaging applications. It aims to look at advancements in quantum convolutional neural networks (QC-NNs), variational quantum algorithms (VQAs), quantum-enhanced neural architectures, and hybrid quantum-classical systems with a focus on image classification and enhancement. The goal of this project is to explore possible solutions for medical image analysis, so that it can be more accurate and efficient by using unsupervised learning and quantum computing frameworks. The survey explores how quantum-assisted workflows can enhance the images from medical images, providing new avenues to diagnosis and visualization. While the NISQ era is promising, the limitations of NISQ are not permitting full quantum advantage in clinical practice at this time. To augment medical imaging with quantum-assisted unsupervised learning, this study presents research gaps and a path forward.","","979-8-3195-0634-4","10.1109/AIMLA67915.2026.11522292","","https://ieeexplore.ieee.org/stamp/stamp.jsp?arnumber=11522292","Quantum computing;medical image analysis;QCNN-Quantum Convolutional neural networks;Variational Quantum Algorithms","Accuracy;Biomedical imaging;Modeling;Optimization;Tumors;Printing;Timing;Convolutional neural networks;Magnetic resonance imaging;Qubit","","","","19","IEEE","22 May 2026","16-17 April 2026","16-17 April 2026","IEEE","IEEE Conferences"
"QUANTUM MACHINE LEARNING-BASED 6G NETWORK: Enabling Adaptive Communication and Model Aggregation","W. Xiao; J. Yan; C. Shi; S. Chen; M. Chen; M. Chen; S. Al-Kuwari; A. Farouk","School of Computer and Electronic Information, Guangxi University, Nanning, China; School of Computer and Electronic Information, Guangxi University, Nanning, China; School of Computer and Electronic Information, Guangxi University, Nanning, China; School of Computer and Electronic Information, Guangxi University, Nanning, China; School of Computer and Electronic Information, Guangxi University, Nanning, China; School of Computer Science and Engineering, South China University of Technology, Guangzhou, China; College of Science and Engineering and Qatar Center for Quantum Computing, Hamad Bin Khalifa University, Doha, Qatar; College of Science and Engineering and Qatar Center for Quantum Computing, Hamad Bin Khalifa University, Doha, Qatar",IEEE Vehicular Technology Magazine,"","2026","PP","99","2","12","With the advent of sixth-generation (6G) mobile communication technology, vehicle-to-everything (V2X) communication faces unprecedented challenges in communication efficiency, system generalization capabilities, and model collaboration. Conventional machine learning struggles with high-dimensional state spaces, slow convergence, and poor generalization under heterogeneous V2X nodes, rapidly varying channels, and multimodal sensing data in V2X systems. To address these issues, we propose a quantum-enhanced framework for V2X communication and model aggregation that targets efficient, robust, and intelligent transportation in 6G, which includes four modules: the channel-adaptive semantic communication module, the multimodal fusion module, the model transfer module, and the federated aggregation module. Specifically, the channel-adaptive semantic communication module leverages quantum convolutional neural networks (CNNs) and quantum distortion metrics to enable efficient transmission and strong generalization across diverse conditions. The multimodal fusion module exploits quantum attention and entanglement to compress features and associate semantics across heterogeneous data. The model transfer module employs quantum reinforcement learning to model decision making and improve adaptability in dynamic environments. The federated aggregation module integrates quantum tensor decomposition with backpropagation-based corrections to provide privacy preservation with low overhead and to strengthen global model robustness. This work outlines a new paradigm for communication and model collaboration in future 6G intelligent transportation.","1556-6080","","10.1109/MVT.2026.3680174","","https://ieeexplore.ieee.org/stamp/stamp.jsp?arnumber=11499385","","Feeds;Broadcasting;Broadcast technology;Circuits;Quantum circuit;Feedback;Filtering;Circuits and systems;Filters;Communication systems","","","","","IEEE","29 Apr 2026","","","IEEE","IEEE Early Access Articles"
"Quaternion Convolutional Neural Network With EMAP Representation for Multisource Remote-Sensing Data Classification","Y. -L. Wei; Y. -B. Zheng; R. Wang; H. -C. Li","School of Information Science and Technology, Southwest Jiaotong University, Chengdu, China; School of Information Science and Technology, Southwest Jiaotong University, Chengdu, China; School of Information Science and Technology, Southwest Jiaotong University, Chengdu, China; School of Information Science and Technology, Southwest Jiaotong University, Chengdu, China",IEEE Geoscience and Remote Sensing Letters,"13 Sep 2023","2023","20","","1","5","The fusion and classification of hyperspectral images (HSIs) and light detection and ranging (LiDAR) data have been extensively studied using deep learning. However, traditional real-valued deep-learning methods have limitations in distinguishing internal and external relations and capturing fine spatial characteristics. To break through these limitations, this letter proposes a quaternion convolutional neural network (QCNN) with extended morphological attribute profile (EMAP) quaternion representation (called EQR) for multisource remote-sensing (RS) data classification by utilizing quaternion properties. Specifically, we first propose the EQR for each single-source data, which encodes the multiattribute features in a compact, yet comprehensive manner, highlighting the internal relations. Second, we embed EQR into QCNN to preserve the internal relations and enable the interaction of multiattribute features. Then, we develop the 3-D quaternion convolution (3DQConv) to better exploit the 3-D characteristic of HSIs. Finally, we design different attention mechanisms and a two-level fusion strategy for multisource data to learn enhanced features. Experiments on two multisource RS datasets show that the proposed method achieved better performance than other state-of-the-art classification methods.","1558-0571","","10.1109/LGRS.2023.3310572","National Natural Science Foundation of China(grant numbers:61871335,62271418,62301456); ","https://ieeexplore.ieee.org/stamp/stamp.jsp?arnumber=10236572","Attention mechanism;extended morphological attribute profile (EMAP);hyperspectral image (HSI);light detection and ranging (LiDAR);quaternion convolutional neural networks (QCNNs)","Quaternions;Laser radar;Feature extraction;Field-flow fractionation;Data mining;Convolution;Deep learning","","9","","13","IEEE","31 Aug 2023","2023","","IEEE","IEEE Journals"
"A Deep Learning Model for Multiclass Image Classification Using Quantum CNN","R. Golchha; G. K. Verma","Department of Information Technology, National Institute of Technology Raipur, Raipur, Chhattisgarh, India; Department of Information Technology, National Institute of Technology Raipur, Raipur, Chhattisgarh, India",2023 Asia Symposium on Image Processing (ASIP),"28 Dec 2023","2023","","","102","107","Technological developments in machine learning have opened up new avenues of advancement almost in every sector. The main challenge is communicating effectively with machines and enhancing their classification abilities. Convolutional Neural Network (CNN) is a deep learning technique in pattern recognition that effectively utilizes data correlation information. In contrast, CNN can only train effectively if the data or model dimension is manageable. Quantum CNN (QCNN) offers a new approach to this problem using quantum computing techniques to enhance the functionality of the classical CNN model. This research article provides an overview of the implementation of deep learning with quantum computing models for image classification. The paper also discusses the modelling approach for CNN in classical and quantum domains. In this paper, we present a model for multiclass image classification using the traditional CNN and the CNN with the quantum layer using the MNIST and CIFAR-10 datasets. The simulation results show that the proposed QCNN model has lower loss and comparatively more enhanced performance than the traditional CNN model. Also, the proposed model performs relatively better when compared with recent state-of-the-art approaches.","","979-8-3503-2342-9","10.1109/ASIP58895.2023.00024","","https://ieeexplore.ieee.org/stamp/stamp.jsp?arnumber=10371716","Convolutional Neural Network;Quantum Machine Learning;Quantum Convolutional Neural Network;Quantum computing;Multiclass Image classification","Deep learning;Quantum computing;Correlation;Computational modeling;Simulation;Image processing;Data models","","7","","21","IEEE","28 Dec 2023","15-17 June 2023","15-17 June 2023","IEEE","IEEE Conferences"
"Artificial Intelligence (AI) Enabled Vehicle Detection and counting Using Deep Learning","Mohana; R. Kejriwal; R. H J; A. Arora","Electronics and Telecommunication Engineering, RV College of Engineering®, Bengaluru, Karnataka, India; Electronics and Telecommunication Engineering, RV College of Engineering®, Bengaluru, Karnataka, India; Electronics and Telecommunication Engineering, RV College of Engineering®, Bengaluru, Karnataka, India; Electronics and Telecommunication Engineering, RV College of Engineering®, Bengaluru, Karnataka, India",2022 International Conference on Computer Communication and Informatics (ICCCI),"31 Mar 2022","2022","","","1","5","Urban traffic management is the system for assessing and controlling density of vehicles on road, to avoid traffic congestion. Vehicle counting is an important module it aids in traffic prediction and urban infrastructure planning. In this paper, various Artificial Intelligence tools and their applications for vehicle detection and counting have been analysed and elaborated. For vehicle detection, used deep learning based YOLOv3 algorithm a highly efficient and accurate algorithm for detecting different classes of vehicles. The role of edge-devices, which locally process the data that they are fed with. Application of Big Data and different AI tools like GNN, LSTM, and QCNN was described for vehicle detection and counting. AI is used to predict and detect traffic flow. Big data helps in maintaining an efficient traffic management system. Both combined, contribute in developing a systematic traffic management system. The objective behind using LSTM networks is to prevent the long term dependency problem. QCNN is used for efficient model training. Organizations implementing vehicle counting and detection focus more on the concise sensors and in house development of efficient algorithms in order to have extensive research and development.","2329-7190","978-1-6654-8035-2","10.1109/ICCCI54379.2022.9740929","","https://ieeexplore.ieee.org/stamp/stamp.jsp?arnumber=9740929","YOLO;Deep SORT;Traffic Management System;Edge Computing;QCNN;LSTM","Deep learning;Training;Systematics;Image edge detection;Computational modeling;Roads;Big Data","","5","","27","IEEE","31 Mar 2022","25-27 Jan. 2022","25-27 Jan. 2022","IEEE","IEEE Conferences"
"A Comparative Analysis of Hybrid Quantum Neural Networks in Binary Credit Defaulting Tasks","A. Sengar; A. Vijayaraghavan; J. Hwang","Thomas Jefferson High School for Science and Technology, Alexandria, VA, USA; Thomas Jefferson High School for Science and Technology, Alexandria, VA, USA; Thomas Jefferson High School for Science and Technology, Alexandria, VA, USA",2023 IEEE MIT Undergraduate Research Technology Conference (URTC),"24 May 2024","2023","","","1","5","Quantum machine learning has been shown to offer exponential computational boosts compared to current classical models through the exploitation of quantum mechanical properties such as entanglement and superposition. The finance sub field of fin-tech, where financial services are constructed around a customer's demands, is believed to benefit with the use of hybrid quantum-classical machine learning algorithms. Classical algorithms struggle to create accurate, complex, and prompt financial analytical models resulting in over 25% of small and medium sized financial institutions losing customers each year. This study explores whether a hybrid quantum neural network (QCNN) design provides a quantum advantage in either accuracy or time in the fin tech task of credit defaulting. The hybrid quantum neural network model uses a variational quantum circuit built on a continuous variable architecture. The data flow of the network consists of a classical network, quantum data encoding (which uses quantum squeezers, interferometers, displacement, and Kerr gates), QCNN, and measurement. Although the quantum model took a longer time to train, it reported a higher prediction accuracy of 97.63% compared to 91.20% for the classical network. This work demonstrates the future implications of quantum integration in the financial field and the quantum advantage it offers on classification tasks.","","979-8-3503-0965-2","10.1109/URTC60662.2023.10535032","","https://ieeexplore.ieee.org/stamp/stamp.jsp?arnumber=10535032","credit scoring;feature selection;computational finance;variational circuit;quantum machine learning","Analytical models;Machine learning algorithms;Quantum entanglement;Neural networks;Predictive models;Logic gates;Mechanical factors","","4","","21","IEEE","24 May 2024","6-8 Oct. 2023","6-8 Oct. 2023","IEEE","IEEE Conferences"
"Improving Image Classification with Quantum Neural Network","R. A. S; A. Mohan","Department of Computer Science and Engineering, NSS College of Engineering, Palakkad, India; Department of Computer Science and Engineering, NSS College of Engineering, Palakkad, India","2023 International Conference on Computer, Electronics & Electrical Engineering & their Applications (IC2E3)","29 Sep 2023","2023","","","1","12","Image classification is a fundamental task in computer vision that involves assigning labels to images based on their content. In recent years, deep learning techniques based on classical neural networks (CNN) have achieved modern performance on many image classification tasks. However, there is growing interest in using quantum neural networks (QNNs) for image classification, as quantum computing has the potential to improve the accuracy and speed of computation. We demonstrate the potential of our QNN model and QCNN model by applying it to the fashion MNIST dataset. The results indicate that the QNN model exhibits faster training speed and higher testing set accuracy compared to a QCNN with a similar architecture.","","979-8-3503-3800-3","10.1109/IC2E357697.2023.10262740","","https://ieeexplore.ieee.org/stamp/stamp.jsp?arnumber=10262740","Quantum Computing;deep neural network;Quantum machine learning;Quantum neural network","Training;Quantum computing;Computational modeling;Neural networks;Hardware;Task analysis;Research and development;Remote sensing;Image classification;Testing","","3","","25","IEEE","29 Sep 2023","8-9 June 2023","8-9 June 2023","IEEE","IEEE Conferences"
"MRAM-based BER resilient Quantized edge-AI Networks for Harsh Industrial Conditions","V. Parmar; M. Suri; K. Yamane; T. Lee; N. L. Chung; V. B. Naik","Department of Electrical Engineering, Indian Institute of Technology, Delhi, India; Department of Electrical Engineering, Indian Institute of Technology, Delhi, India; GLOBALFOUNDRIES, Singapore; GLOBALFOUNDRIES, Singapore; GLOBALFOUNDRIES, Singapore; GLOBALFOUNDRIES, Singapore",2021 IEEE 3rd International Conference on Artificial Intelligence Circuits and Systems (AICAS),"23 Jun 2021","2021","","","1","4","We investigate Edge-AI Inference (EAI) architectures based on 22nm FD-SOI embedded-MRAM (eMRAM) using quantized neural networks (QNN) for inference applications in harsh industrial conditions having strong magnetic field and wide operating temperature (-40~125 °C). We achieved best case test accuracy of 98.99% with Quantized-Convolutional Neural Network (QCNN) and 89.94% with Quantized-Multi-layer Perceptron (QMLP) surpassing prior reported results in literature on MNIST dataset. By exploiting BER resilience of QNN, we show that eMRAM based EAI offers a superior magnetic immunity of ≈ 700 Oe at 125 °C (≈ 98% accuracy) without the use of ECC and significant energy saving of ≈ 14% for QCNN and ≈ 11% for QMLP. A detailed analysis on the tradeoff between retention time, write energy and inference accuracy is presented.","","978-1-6654-1913-0","10.1109/AICAS51828.2021.9458528","","https://ieeexplore.ieee.org/stamp/stamp.jsp?arnumber=9458528","MRAM;Edge AI;BNN;QNN;Magnetic Immunity","Service robots;Wearable computers;Conferences;Neural networks;Silicon-on-insulator;Programming;Magnetic fields","","2","","13","IEEE","23 Jun 2021","6-9 June 2021","6-9 June 2021","IEEE","IEEE Conferences"
"Hybrid Quantum-Classical NN for Chest X-Ray Classification Using 2-Qubit Quantum Circuits","Firdaus; I. Syafalni; N. Ahmadi; N. Sutisna; R. Mulyawan; T. Adiono","School of Electrical Engineering and Informatics, Bandung Institute of Technology, Indonesia; School of Electrical Engineering and Informatics, Bandung Institute of Technology, Indonesia; School of Electrical Engineering and Informatics, Bandung Institute of Technology, Indonesia; School of Electrical Engineering and Informatics, Bandung Institute of Technology, Indonesia; School of Electrical Engineering and Informatics, Bandung Institute of Technology, Indonesia; School of Electrical Engineering and Informatics, Bandung Institute of Technology, Indonesia",2025 International Symposium on Intelligent Signal Processing and Communication Systems (ISPACS),"19 Feb 2026","2025","","","1","5","This study investigates the integration of a 2-qubit quantum system into a classical neural network for chest X-ray classification. Three hybrid quantum-classical neural network circuits are evaluated: U-gate with CNOT, IBM QCNN, and RealAmplitudes. A classical convolutional neural network (CNN), specifically ResNet-18, serves as a benchmark. The results show accuracies of 0.9038 for ResNet-18, 0.7981 for U-gate with CNOT, 0.6250 for IBM QCNN, and 0.6250 for RealAmplitudes. The classical ResNet-18 model outperforms all hybrid models, but the U-gate with CNOT circuit demonstrates promising performance, suggesting potential for quantum-enhanced machine learning in medical image classification.","2474-9745","979-8-3315-8066-7","10.1109/ISPACS68724.2025.11383433","","https://ieeexplore.ieee.org/stamp/stamp.jsp?arnumber=11383433","Quantum Machine Learning;Hybrid Neural Networks;Chest X-Ray Classification;ResNet-18;Quantum Circuits","Training;Quantum system;Accuracy;Machine learning;Signal processing;Convolutional neural networks;Integrated circuit modeling;Quantum circuit;X-ray imaging;Biomedical imaging","","","","21","IEEE","19 Feb 2026","4-7 Nov. 2025","4-7 Nov. 2025","IEEE","IEEE Conferences"
"Hybrid Deep Learning Architecture (SeedNet-HDL) for Automated Seed Purity Analysis: Integrating Vision Transformers and Graph Neural Networks","N. Manvizhi; P. Balamanikandan; E. Kiruthiga; R. Gilmary; U. Kaviya Sri; B. H. Bharathi","Department of Information Technology, IFET College of Engineering, Villupuram, India; Department of Mathematics, Thiagarajar College of Engineering, Madurai, India; Department of Information Technology, IFET College of Engineering, Villupuram, India; Department of Information Technology, IFET College of Engineering, Villupuram, India; Department of Information Technology, IFET College of Engineering, Villupuram, India; Department of Information Technology, IFET College of Engineering, Villupuram, India",2026 International Conference on Electronics and Renewable Systems (ICEARS),"9 Mar 2026","2026","","","1706","1711","The current manuscript proposes a new hybrid machine learning system, SeedNet-HDL, an intelligent hybrid of Vision Transformers (ViT), Graph Neural Networks (GNN), and Quantum-Inspired Convolutional Networks (QCNN) to analyses seed-purity without human intervention. Traditional single-algorithm designs are limited by absence of capturing of morphological and topological relationships of seed-impurity detection. The hybrid model also achieves the highest accuracy level of 98.7% by taking advantage of ViT to extract global features, GNN to model spatial-relationship features, and QCNN to represent features better. The system also includes a Federated Meta-Learning (FML) paradigm, which allows achieving continuous improvement in distributed agricultural facilities. A comprehensive data set of 25000 seed images of eight varieties of crops including experimental validation shows significant performance improvements over state-of-the-art algorithms as it achieves a precision of 98.5 and a recall of 98.9. In addition, architecture also proposes Explainable Artificial Intelligence (XAI) elements, enabling transparent decision-making, which will overcome the problem of the consistency of traditional deep-learned models in agriculture.","","979-8-3315-4881-0","10.1109/ICEARS67481.2026.11416735","","https://ieeexplore.ieee.org/stamp/stamp.jsp?arnumber=11416735","Hybrid Deep Learning;Vision Transformers;Graph Neural Networks;Quantum-inspired CNN;Seed Purity;Explainable AI;Agricultural Informatics","Metalearning;Computer vision;Accuracy;Explainable AI;Feature extraction;Transformers;Graph neural networks;Seeds (agriculture);Convolutional neural networks;Standards","","","","15","IEEE","9 Mar 2026","11-13 Feb. 2026","11-13 Feb. 2026","IEEE","IEEE Conferences"
"Hybrid Quantum and Classical CNN for Enhanced Data Classification","D. Dhillon; B. Sharma; H. Mudgal; A. Varshney; V. Madaan","School of Artificial Intelligence, Bennett University, Greater Noida, UP, India; School of Artificial Intelligence, Bennett University, Greater Noida, UP, India; School of Artificial Intelligence, Bennett University, Greater Noida, UP, India; School of Artificial Intelligence, Bennett University, Greater Noida, UP, India; Chikara University Institute of Engineering and Technology, Chitkara University, Rajpura, Punjab, India",2025 5th Asian Conference on Innovation in Technology (ASIANCON),"16 Dec 2025","2025","","","1","5","The study classifies cluster state excitations using a quantum classifier. A deep MERA-like QCNN architecture is utilized to successfully extract features and categorize them into excited (labeled 1) and non-excited (labeled -1) states from quantum circuit rotations and measurements. After quantum filters gather input, the hybrid QCNN model employs Tensor Flow Quantum to generate dense layers for final classification. The Adam optimizer is used to train the model with a learning rate of 0.02. A batch size of 25 and 16 epochs is employed in the training procedure. Despite the validation accuracy reaching 97.92% in the last epoch, the learning data's final validation significant loss displays a of 0.2492, the loss during training greatly lowered and verified the model's capacity to handle tough classification problems. The quantum layer's feature extraction, together with the classic CNN’s classification capabilities, gives a practical approach for increasing performance in data classification assignments.","","979-8-3503-5699-1","10.1109/ASIANCON66527.2025.11281273","","https://ieeexplore.ieee.org/stamp/stamp.jsp?arnumber=11281273","Quantum Convolutional Neural Network (QCNN);Hybrid Model;Quantum Feature Extraction;Classical Neural Network;Adam Optimizer;Mean Squared Error (MSE);Quantum Computing;Classification Task","Training;Technological innovation;Tensors;Neural networks;Feature extraction;Hybrid power systems;Convolutional neural networks;Integrated circuit modeling;Quantum circuit;Rotation measurement","","","","24","IEEE","16 Dec 2025","22-23 Aug. 2025","22-23 Aug. 2025","IEEE","IEEE Conferences"
"Enhanced Quantum Convolutional Neural Network for Signature Authentication in Consumer Products","B. Krishnan Raghupathy; S. Vairavasundaram; M. Ganesan; R. Kumar Namachivayam; K. Kotecha; N. Herencsar","Department of Computer Science and Engineering, SASTRA Deemed University, Thanjavur, India; School of Computer Science and Engineering, Vellore Institute of Technology, Vellore, India; School of Computing, SASTRA Deemed University, Thanjavur, India; Department of Computer Science and Engineering, SASTRA Deemed University, Thanjavur, India; Symbiosis Institute of Technology, Symbiosis Centre for Applied Artificial Intelligence, Symbiosis International (Deemed University), Pune, India; Department of Telecommunications, Faculty of Electrical Engineering and Communication, Brno University of Technology, Brno, Czech Republic",IEEE Transactions on Consumer Electronics,"17 Jun 2025","2025","71","1","2309","2321","Product tracking applications utilize the Internet of Things and cyber-physical systems to identify permitted or unauthorized user intrusions into the system. Classical machine learning algorithms cannot detect every risk in an environment that evolves constantly and where new abnormalities are visible. This article investigates the potential of quantum machine learning (QML) for real-time product purchase monitoring and intrusion detection using an enhanced quantum convolutional neural network (EQCNN) with signature-based detection over a massive volume of search space data (qubits). We suggest a three-stage technique to effectively handle the sensitive content: Pre-processing, EQCNN-based feature extraction, and syntactic pattern recognition. Signature-based identification is a feature of the EQCNN architecture that helps detect particular patterns linked to goods purchases or invasions. The model can minimize product tracking mistakes by utilizing the QML-based EQCNN with signature-based detection, resulting in a more efficient supply chain.","1558-4127","","10.1109/TCE.2024.3509624","Research Support Fund (RSF) of Symbiosis International (Deemed University), Pune, India; ","https://ieeexplore.ieee.org/stamp/stamp.jsp?arnumber=10771968","Convolutional neural network;quantum machine learning;RFID product tracking;SBD;signature-based detection","Quantum computing;Qubit;Quantum circuit;Feature extraction;Computers;Logic gates;Consumer electronics;Machine learning;Data models","","12","","16","IEEE","29 Nov 2024","Feb. 2025","","IEEE","IEEE Journals"
"Quantum Inspired Image Classification: A Hybrid SVM Framework","H. Patel; S. Kamthekar; D. Prajapati; R. Agarwal","Dept. of Information Technology, Trinity College of Engineering and Research, Savitribai Phule Pune University, Pune, India; Dept. of Information Technology, Trinity College of Engineering and Research, Savitribai Phule Pune University, Pune, India; Dept. of Information Technology, Trinity College of Engineering and Research, Savitribai Phule Pune University, Pune, India; Dept. of Information Technology, Trinity College of Engineering and Research, Savitribai Phule Pune University, Pune, India",2024 International Conference on Emerging Smart Computing and Informatics (ESCI),"17 Apr 2024","2024","","","1","7","We propose a Hybrid Quantum Classical Algorithm (HQCA) for image classification using a Quantum Kernel which is efficient to produce than a traditional kernel for performing the kernel trick required in Support Vector Classification. Since classical data cannot be directly provided to a quantum circuit, amplitude encoding is performed on the image matrix. Using the ZZFeatureMap of Qiskit framework we store the extracted feature of the images. ZZFeatureMap is chosen because of its promising behaviour towards providing quantum advantage. Using this feature map we create a quantum kernel which can be fine-tuned to a ground level for a particular data set by the programmers. We use FidelityQuantumKernel class from qiskit library to create the kernel. To reduce the size of the dataset required to train the model we use a image augmentation layer for data expansion. Python library called Augmentor is used for creating this layer. This model can prove to be more accurate and light weight than other quantum counter parts as quantum convolutional neural network. Iterative approach is adopted for the minimization of the loss after each optimization the model is checked for accuracy and efficiency until the threshold is met. With advancement in quantum hardware the precision of such model can be increased.","","979-8-3503-0661-3","10.1109/ESCI59607.2024.10497230","","https://ieeexplore.ieee.org/stamp/stamp.jsp?arnumber=10497230","Hybrid Quantum Classical Algorithm;Quantum Kernel;Support Vector Classification;ZZFeatureMap;Augmentor","Support vector machines;Computational modeling;Feature extraction;Vectors;Libraries;Classification algorithms;Kernel","","4","","17","IEEE","17 Apr 2024","5-7 March 2024","5-7 March 2024","IEEE","IEEE Conferences"
"Image Classification using Quantum Convolutional Neural Network","R. Maurya; S. Tripathi","Computer Science & Engineering, Motilal Nehru National Institute of Technology Allahabad, Prayagraj, India; Computer Science & Engineering, Motilal Nehru National Institute of Technology Allahabad, Prayagraj, India","2023 International Conference on Signal Processing, Computation, Electronics, Power and Telecommunication (IConSCEPT)","10 Jul 2023","2023","","","1","6","The unprecedented progress in the domain of quantum computing in the last few years has influenced researchers around the globe to solve multitudes of problems in this promising computing technology. This power of the quantum computer has allowed multitudes of computationally hard problems to be sped up exponentially over their classical counterparts. Along with such power, another promising application of quantum computing has been found in image processing and machine learning. Researches in both quantum image processing and quantum machine learning are still in their infancy but promise exceptional power over its classical counterparts. In this thesis, neural networks will be trained to determine parameters for various parametric quantum circuits to perform important classification tasks, such as image classification. But for image classification, features from the images must also be extracted and epresented in terms of qubits, requiring convolutional layers tailored for quantum techniques. This thesis aims to find good quantum convolutional neural network architectures for image classification with higher accuracy. This is still challenging due to increased cost and error with a higher number of qubits within a system. This thesis is expected to be important in the future direction of the research of quantum CNN.","","979-8-3503-1212-6","10.1109/IConSCEPT57958.2023.10170712","","https://ieeexplore.ieee.org/stamp/stamp.jsp?arnumber=10170712","Deep Learning;Quantum Computing;QCNN;Machine Learning;Intelligent System","Costs;Convolution;Qubit;Neural networks;Machine learning;Feature extraction;Convolutional neural networks","","2","","20","IEEE","10 Jul 2023","25-26 May 2023","25-26 May 2023","IEEE","IEEE Conferences"
"Quantum Neural Network Approach for Early Detection of Breast Cancer","D. G; V. N; M. Tamilselvi; B. N; A. A; R. R","Department of Computational Intelligence, School of Computing, SRM Institute of Science and Technology, Chennai, Tamilnadu, India; Departent of Information Technology, Karpagam College of Engineering, Coimbatore, Tamilnadu, India; Department of Computer Science and Engineering, Roever Engineering College, Perambalur, Tamilnadu, India; Department of Computer Science and Engineering, Sona College of Technology, Salem, Tamilnadu; Department of ECE, Vel Tech Rangarajan Dr. Sagunthala R&D, Institute of Science and Technology, Chennai, Tamilnadu, India; Dept. of ECE, K. Ramakrishnan College of Engineering, Tiruchirappalli, Tamil Nadu, India",2025 IEEE 6th Global Conference for Advancement in Technology (GCAT),"4 Feb 2026","2025","","","1","6","Breast cancer is one among the most common diseases that are encountered in the world and one of the principal causes of death among women, early detection being crucial to enhance survival rates but mammograms are an important tool that can save lives by finding breast cancer at its earliest stages but the manual evaluation is dependent on a radiologist's clear interpretation and analysis of which sometimes erroneously or misses the key findings. This research work deals with breast cancer detection from mammogram images and hence provides a solution for the issues identified by training Quantum Convolutional Neural Network (Quantum CNN). Quantum CNNs is recently being integrated with classical deep learning models in the form of Quantum CNN where quantum mechanical properties are used to support feature extraction and data handling. This research work trains the Quantum CNN using publicly available datasets, including the CBIS-DDSM Breast Cancer Image Dataset and the Breast Histopathology Images dataset. Key methods used include data preprocessing techniques such as Region of Interest (ROI) extraction, morphological operations, and quantum-enhanced convolutional layers for image classification. The proposed model demonstrates improved accuracy and computational efficiency over classical CNNs, making it a promising tool for more accurate and faster breast cancer detection.","","979-8-3315-1458-7","10.1109/GCAT66372.2025.11368368","","https://ieeexplore.ieee.org/stamp/stamp.jsp?arnumber=11368368","Breast Cancer Detection;Quantum Convolutional Neural Networks (Quantum CNN);Mammogram;Region of Interest (ROI) Extraction;Medical Imaging;Image Preprocessing","Training;Quantum computing;Accuracy;Computational modeling;Quantum mechanics;Feature extraction;Breast cancer;Mammography;Computational efficiency;Convolutional neural networks","","","","18","IEEE","4 Feb 2026","24-26 Oct. 2025","24-26 Oct. 2025","IEEE","IEEE Conferences"
"ImHQCN: Improved Harris Hawk Optimized Modified Elliptic Curve Digital Signature Encryption-based Malware Prediction and Secure Data Sharing Framework","J. Nikhade; S. V. Sonekar","Department of Computer Science Engineering, Rashtrasant Tukadoji Maharaj Nagpur University, Nagpur, Maharashtra; Department of Computer Science Engineering, J D College of Engineering and Management, Nagpur, Maharashtra",2025 6th International Conference on Intelligent Communication Technologies and Virtual Mobile Networks (ICICV),"25 Jul 2025","2025","","","1700","1707","In recent days, Wireless sensor networks have been used in diverse applications because of their limited energy and portable nature. Furthermore, WSN becomes an easy target for intruders to attack the network due to its distributed and infrastructure-less nature. However, conventional malware detection techniques possessed the limitation of constrained resources, high power consumption, lack of security, and improper routing mechanisms. Therefore, to overcome these challenges, the research proposes the Improved Harris Hawk optimized quantum convolutional neural network (ImHQCN) for identifying malware and ensuring secure data sharing in the network. The model incorporates modified dynamic advance elliptic curve digital signature-based homomorphic encryption (MDAECH), which encrypts the data packet and stores in the blockchain for secure transmission. Moreover, the utilization of the Improved Harris Hawk Optimization Algorithm (ImHHO) finds the best cluster head within the SN and identifies the optimal path for routing. Moreover, the incorporation of these techniques in the proposed approach prevents the unauthorized access and exhibits encrypted data sharing in the network. The outcome of the ImHQCN framework attains maximum accuracy, F1 score, precision, and recall of 98.49%, 98.32%, 97.81%, and 98.83% respectively. Furthermore, the proposed model achieves a minimum energy loss of 0.182 and 0.95 privacy ratio","","979-8-3315-1175-3","10.1109/ICICV64824.2025.11085646","","https://ieeexplore.ieee.org/stamp/stamp.jsp?arnumber=11085646","Blockchain;wireless sensor network;secure transmission;malware prediction;deep learning","Wireless sensor networks;Energy loss;Accuracy;Elliptic curves;Computational modeling;Prediction algorithms;Routing;Malware;Data models;Blockchains","","","","25","IEEE","25 Jul 2025","17-19 June 2025","17-19 June 2025","IEEE","IEEE Conferences"
"QCVNET - Leveraging Quantum Technology in Convolutional Neural Networks for Improved Cardiovascular Disease Prediction","K. S; M. Diviya; R. Bhuvaneswari; S. T","Department of Computer Science and Engineering, Amrita School of Computing, Amrita Vishwa Vidyapeetham, Chennai, India; Department of Computer Science and Engineering, Amrita School of Computing, Amrita Vishwa Vidyapeetham, Chennai, India; Department of Computer Science and Engineering, Rajalakshmi Engineering College, Chennai, India; School of Computer Science and Engineering, Galgotias University, Greater Noida, UP, India","2024 5th International Conference on Circuits, Control, Communication and Computing (I4C)","14 Nov 2024","2024","","","495","502","The primary issue of global health today is Cardio-vascular diseases (CVDs) and thus requires accurate predictive models for detecting it early. Quantum technology combined with regular deep learning techniques are used by researchers here to improve the accuracy of forecast on heart diseases. While using an expanded dataset with clinical and demographic records, an innovative approach was found to use Quantum Convolutional Neural Network (QCVNET) structure that merged quantum layers into classical CNN framework with Principal Component Analysis (PCA) that allowed for consistency of features with respect to the quantum bits' number. The performance of the QCVNET was evaluated by comparing it to Quantum LSTM, Quantum DNN, Quantum GRU, and Quantum RNN, which are other quantum models enhanced with conventional neural networks, and other traditional non-quantum models like SVM, RF, RNN and DNN, using different indicators of quality like f1-score or recall. In early CVD prediction, the QCVNET model produced an impressive accuracy of 91.73%, beating all other models, showcasing the potential impact of quantum-enhanced deep learning for timely diagnosis and personalized treatment strategies while providing means to reduce the global burden of cardiovascular diseases.","2473-7690","979-8-3315-2853-9","10.1109/I4C62240.2024.10748523","","https://ieeexplore.ieee.org/stamp/stamp.jsp?arnumber=10748523","Cardiovascular Disease;Quantum Layers;Convolutional Neural Network","Heart;Support vector machines;Radio frequency;Deep learning;Accuracy;Neural networks;Predictive models;Feature extraction;Convolutional neural networks;Principal component analysis","","","","15","IEEE","14 Nov 2024","4-5 Oct. 2024","4-5 Oct. 2024","IEEE","IEEE Conferences"
"Multiqubit Quantum Convolutional Neural Networks for Efficient AI-Driven Healthcare Analytics","T. B. Ovi; N. Bashree; A. S. Alam; R. Tanzim; M. A. Wahed; H. Nyeem","Department of Electrical, Electronic and Communication Engineering (EECE) Military Institute of Science and Technology, Dhaka, Bangladesh; Department of Electrical, Electronic and Communication Engineering (EECE) Military Institute of Science and Technology, Dhaka, Bangladesh; Department of Electrical, Electronic and Communication Engineering (EECE) Military Institute of Science and Technology, Dhaka, Bangladesh; Department of Electrical, Electronic and Communication Engineering (EECE) Military Institute of Science and Technology, Dhaka, Bangladesh; Department of Electrical, Electronic and Communication Engineering (EECE) Military Institute of Science and Technology, Dhaka, Bangladesh; Department of Electrical, Electronic and Communication Engineering (EECE) Military Institute of Science and Technology, Dhaka, Bangladesh","2025 International Conference on Quantum Photonics, Artificial Intelligence, and Networking (QPAIN)","29 Sep 2025","2025","","","1","6","Quantum computing holds considerable promise for artificial intelligence (AI) in clinical decision support systems (CDSS), particularly in resource-constrained environments. This paper investigates a multiqubit quantum convolutional neural network (MQ-CNN) for medical diagnostics, leveraging parameterized quantum circuits to process low-resource healthcare datasets. We evaluate the framework on three binary classification tasks: breast cancer (Wisconsin dataset), diabetes (Pima Indians), and heart failure prediction, using angle-encoded clinical features. The MQ-CNN achieves test accuracies of 82.4%, 98.7%, and 97.3% respectively, matching classical CNNs while reducing trainable parameters significantly. Comparative analysis shows the quantum model converges 22% faster than hybrid quantum-classical counterparts under identical training conditions. Robustness evaluations confirm ≤3 % accuracy degradation when subjected to 15% synthetic label noise. These results highlight the architecture's suitability for resource-constrained environments, demonstrating that quantum-enhanced feature extraction can maintain diagnostic accuracy while significantly reducing computational overhead. This work provides empirical evidence for near-term quantum machine learning in practical healthcare applications.","","979-8-3315-9694-1","10.1109/QPAIN66474.2025.11172247","","https://ieeexplore.ieee.org/stamp/stamp.jsp?arnumber=11172247","Deep learning;QML;QCNN;feature interaction;qubit;health AI","Degradation;Decision support systems;Accuracy;Computational modeling;Qubit;Noise;Neural networks;Computer architecture;Feature extraction;Convolutional neural networks","","","","12","IEEE","29 Sep 2025","31 July-2 Aug. 2025","31 July-2 Aug. 2025","IEEE","IEEE Conferences"
"Hybrid Quantum Temporal Convolutional Networks","J. J. Park; M. Pak; S. Lee; S. Y. -C. Chen; S. Yoo; H. -H. Tseng; J. Cha","Seoul National University, Seoul, Korea; Seoul National University, Seoul, Korea; Seoul National University, Seoul, Korea; Wells Fargo, New York, USA; Brookhaven National Laboratory, New York, USA; Brookhaven National Laboratory, New York, USA; Seoul National University, Seoul, Korea","2026 International Conference on Quantum Communications, Networking, and Computing (QCNC)","7 May 2026","2026","","","1","6","Quantum machine learning models for sequential data face scalability challenges with complex multivariate signals. We introduce the Hybrid Quantum Temporal Convolutional Network (HQTCN), which combines classical temporal windowing with a quantum convolutional neural network core. By applying a shared quantum circuit across temporal windows, HQTCN captures long-range dependencies while achieving significant parameter reduction. Evaluated on synthetic NARMA sequences and high-dimensional EEG time-series, HQTCN performs competitively with classical baselines on univariate data and outperforms all baselines on multivariate tasks. The model demonstrates particular strength under data-limited conditions, maintaining high performance with substantially fewer parameters than conventional approaches. These results establish HQTCN as a parameter-efficient approach for multivariate time-series analysis.","","979-8-3315-6110-9","10.1109/QCNC69040.2026.00149","Seoul National University(grant numbers:200-20240057,200-20240135); Ministry of Education(grant numbers:RS-2024-00435727); ","https://ieeexplore.ieee.org/stamp/stamp.jsp?arnumber=11500339","Quantum Machine Learning;Multivariate Time-series;Quantum Temporal Convolutional Networks","Feeds;Circuits;Quantum circuit;Circuits and systems;Central Processing Unit;Feedback;Integrated circuits;MIMICs;Millimeter wave integrated circuits;Monolithic integrated circuits","","","","23","IEEE","7 May 2026","6-8 April 2026","6-8 April 2026","IEEE","IEEE Conferences"
"Data Scanning Methods for Quantum-Classical Interface in Quanvolutional Neural Networks","C. Onuoha; J. Flaherty; T. Nguyen; T. C. Thang","Department of Computer Science and Engineering, The University of Aizu, Aizuwakamatsu, Japan; Department of Computer Science and Engineering, The University of Aizu, Aizuwakamatsu, Japan; Department of Computer Science and Engineering, The University of Aizu, Aizuwakamatsu, Japan; Department of Computer Science and Engineering, The University of Aizu, Aizuwakamatsu, Japan",2022 IEEE International Conference on Consumer Electronics-Asia (ICCE-Asia),"28 Nov 2022","2022","","","1","4","Quantum machine learning has recently drawn a lot of attention of the research community. Particularly, hybrid quantum-classical architectures have been introduced to take advantage of advances in both classical computing and quantum computing. However, most existing quantum circuits are of the 1D type. For 2D contents, such as images, to be represented in quantum states, they must be converted to an 1D array. In this paper, we introduce some data scanning methods for 2D-to-D1 mapping. These methods are investigated in the context of quanvolutional neural networks. Through experiments, it is found that the proposed scanning methods provide significant gains compared to the default raster scan.","","978-1-6654-6434-5","10.1109/ICCE-Asia57006.2022.9954840","University of Aizu; ","https://ieeexplore.ieee.org/stamp/stamp.jsp?arnumber=9954840","Data scanning;quantum-classical interface;quantum circuits;QCNN","Neural networks;Machine learning;Computer architecture;Quantum state;Arrays;Quantum circuit","","4","","12","IEEE","28 Nov 2022","26-28 Oct. 2022","26-28 Oct. 2022","IEEE","IEEE Conferences"
"Implementation of Handwritten Character Recognition using Quanvolutional Neural Network","A. P. Patil; S. Pandey; N. Das Kasat; S. Modi; S. Raj; R. Kulkarni","Department of Computer Science Engineering, Ramaiah Institute of Technology, Bengaluru, India; Department of Computer Science Engineering, Ramaiah Institute of Technology, Bengaluru, India; Department of Computer Science Engineering, Ramaiah Institute of Technology, Bengaluru, India; Department of Computer Science Engineering, Ramaiah Institute of Technology, Bengaluru, India; Department of Computer Science Engineering, Ramaiah Institute of Technology, Bengaluru, India; Cisco Systems, Bengaluru, India",2022 IEEE North Karnataka Subsection Flagship International Conference (NKCon),"26 May 2023","2022","","","1","4","Image classification is the process in which a computer can perform analysis on an image and identify the class in which that particular image falls under. In conventional classification models (Convolutional Neural Networks or CNN), data collection and processing takes a large amount of time in days or even weeks. CNN models also have less scalability and require a lot of resources. To overcome this problem, quantum computing can be used not just for enhancing the scalability but it also provides exponential speedups because they have the ability to perform massively parallel computations. The problem with the CNNs is that they need large numbers of parameters and run into an overfitting problem with small datasets. This work is an implementation of Quanvolutional Neural Networks (QNN), which is a quantum-hybrid model, to recognise English characters using EMNIST letters dataset for training. The results of this model are then compared to a CNN model in terms of accuracy and loss. The results show that the use of a quantum layer can significantly increase the accuracy as well as decrease the training time of a classification model.","","978-1-6654-5342-4","10.1109/NKCon56289.2022.10126600","","https://ieeexplore.ieee.org/stamp/stamp.jsp?arnumber=10126600","Convolutional Neural Networks (CNN);Quantum computing;Quantum-hybrid model;Quanvolutional Neural Networks (QNN);EMNIST letters dataset","Training;Quantum computing;Computational modeling;Scalability;Neural networks;Data collection;Data models","","4","","20","IEEE","26 May 2023","20-21 Nov. 2022","20-21 Nov. 2022","IEEE","IEEE Conferences"
"A Quantum-assisted Attention U-Net for Building Segmentation over Tunis using Sentinel-1 Data","L. Russo; F. Mauro; B. Memar; A. Sebastianelli; S. L. Ullo; P. Gamba","Department of Electrical, Computer and Biomedical Engineering, University of Pavia, Pavia, Italy; Department of Engineering, University of Sannio, Benevento, Italy; Department of Civil, Building and Environmental Engineering, Sapienza University of Rome, Rome, Italy; Φ-Lab, European Space Agency, Frascati, Italy; Department of Engineering, University of Sannio, Benevento, Italy; Department of Electrical, Computer and Biomedical Engineering, University of Pavia, Pavia, Italy",2025 Joint Urban Remote Sensing Event (JURSE),"16 Jul 2025","2025","CFP25RSD-ART","","1","4","Building segmentation in urban areas is essential in fields such as urban planning, disaster response, and population mapping. Yet accurately segmenting buildings in dense urban regions presents challenges due to the large size and high resolution of satellite images. This study investigates the use of a Quanvolutional pre-processing to enhance the capability of the Attention U-Net model in the building segmentation. Specifically, this paper focuses on the urban landscape of Tunis, utilizing Sentinel-1 Synthetic Aperture Radar (SAR) imagery.In this work, Quanvolution was used to extract more informative feature maps that capture essential structural details in radar imagery, proving beneficial for accurate building segmentation. Preliminary results indiceate that proposed methodology achieves comparable test accuracy to the standard Attention U-Net model while significantly reducing network parameters. This result aligns with findings from previous works, confirming that Quan- volution not only maintains model accuracy but also increases computational efficiency. These promising outcomes highlight the potential of quantum-assisted Deep Learning frameworks for large-scale building segmentation in urban environments.","2642-9535","979-8-3503-7183-3","10.1109/JURSE60372.2025.11076019","","https://ieeexplore.ieee.org/stamp/stamp.jsp?arnumber=11076019","CNN;U-Net;neural network;Deep Learning;SAR;Sentinel-1;Quantum;Quanvolution","Deep learning;Image segmentation;Accuracy;Computational modeling;Buildings;Urban planning;Sentinel-1;Feature extraction;Synthetic aperture radar;Standards","","","","17","IEEE","16 Jul 2025","5-7 May 2025","5-7 May 2025","IEEE","IEEE Conferences"
"Deep Learning for Non-Invasive Intoxication Detection: Ocular Analysis of Drivers Using CNNs and Quanvolutional Models","S. Shah; V. S. Mantrala; D. Pandey; I. Gode","NCSU Enloe HS Apex, USA; NCSU Enloe HS Garner, USA; BAiC at CU Boulder Erie, USA; Montgomery College Thomas S. Wootton HS Rockville, USA","2024 4th International Conference on Artificial Intelligence, Robotics, and Communication (ICAIRC)","4 Mar 2025","2024","","","58","61","Current intoxication methods, though effective, often rely on intrusive procedures that require trained personnel or direct interaction with the individual, limiting their practicality for real-time applications [1], [2]. This study analyzes non-invasive approaches utilizing two Convolutional Neural Networks (CNNs) and a Quanvolutional Neural Network (QNN) trained on eye images to classify sobriety by analyzing visual cues such as pupil dilation, eye redness, and eyelid position. All models were trained and evaluated on a dataset of 1500 labeled images, achieving accuracies ranging from 68.65% to 99.74%.","","979-8-3315-3122-5","10.1109/ICAIRC64177.2024.10900115","","https://ieeexplore.ieee.org/stamp/stamp.jsp?arnumber=10900115","Convolutional Neural Networks (CNNs);Quanvolutional Neural Networks (QNNs);Eye Features Analysis;Intoxication Detection;Non-Invasive Testing;Deep Learning Applications","Deep learning;Visualization;Accuracy;Roads;Neural networks;Real-time systems;Convolutional neural networks;Robots;Vehicles;Testing","","","","20","IEEE","4 Mar 2025","27-29 Dec. 2024","27-29 Dec. 2024","IEEE","IEEE Conferences"
"Quantum Generative Adversarial Network and Quantum Neural Network for Image Classification","A. P. J; K. K; V. C. Mohan; P. H. Krishna; E. Govardhan","Computer Science & Engineering, Vel Tech Rangarajan Dr. Sagunthala R&D Institute of Science and Technology, Chennai, India; Computer Science & Engineering, Vel Tech Rangarajan Dr. Sagunthala R&D Institute of Science and Technology, Chennai, India; Computer Science & Engineering, Vel Tech Rangarajan Dr. Sagunthala R&D Institute of Science and Technology, Chennai, India; Computer Science & Engineering, Vel Tech Rangarajan Dr. Sagunthala R&D Institute of Science and Technology, Chennai, India; Computer Science & Engineering, Vel Tech Rangarajan Dr. Sagunthala R&D Institute of Science and Technology, Chennai, India",2022 International Conference on Sustainable Computing and Data Communication Systems (ICSCDS),"27 Apr 2022","2022","","","473","478","In this paper, a Quantum Neural Network (QNN) has been proposed using the Projected Quantum Kernel feature for an image classification task. The QCNN consists of four dense layers; the first layer collects the quantum data as an input and the fourth layer produced the classification output. Moreover, a Quantum Generative Advisory Network (QGAN) has been developed using the patching technique for enhancing the number of samples in the image dataset. The proposed QNN and QGAN are constructed using quantum filters. The MNIST handwritten digit dataset was used to train and test the QNN model performance on image classification. A binary classification dataset was created from the MNIST handwritten digit database using digits 0 and 6. The QGAN generated 221 samples on digits 0 and 6 classes. The generated samples were added to the training dataset for the QNN model. The size of the Filtered MNIST handwritten dataset was extended from 13779 to 14000 samples. There are 12,000 images are split for training and 2,000 images for testing. The principal component analysis technique was used to reduce the dimension of the data. The QNN was trained on the enhanced dataset using a GPU environment. The testing accuracy of the QNN model was 98.65 percent; it is superior to the traditional neural network.","","978-1-6654-7884-7","10.1109/ICSCDS53736.2022.9760943","","https://ieeexplore.ieee.org/stamp/stamp.jsp?arnumber=9760943","Quantum Neural Network;Quantum Generative Advisory Network;Projected Quantum Kernel Feature;MNIST Handwritten Digit Dataset and Principal Component Analysis","Training;Measurement;Quantum computing;Computational modeling;Neural networks;Task analysis;Kernel","","6","","14","IEEE","27 Apr 2022","7-9 April 2022","7-9 April 2022","IEEE","IEEE Conferences"
"Attention-embedded multi-scale quadratic convolutional neural network for early bearing fault diagnosis","Y. Li; N. Song; W. Zeng; L. Jiang","China Tobacco Hubei Industrial Co. Ltd., Hubei Xinye Reconstituted Tobacco Development Co. Ltd., Wuhan, China; School of Artificial Intelligence and Automation, Huazhong University of Science and Technology, Wuhan, China; School of Artificial Intelligence and Automation, Huazhong University of Science and Technology, Wuhan, China; China Tobacco Hubei Industrial Co. Ltd., Hubei Xinye Reconstituted Tobacco Development Co. Ltd., Wuhan, China","2024 6th International Conference on Intelligent Control, Measurement and Signal Processing (ICMSP)","7 Feb 2025","2024","","","209","213","Bearings are vital components in various industries such as chemical, textile, food, and tobacco. Timely fault diagnosis is crucial for maintenance, performance, safety, and cost efficiency. Traditional methods rely on manual feature extraction and are time-consuming. This study proposes an attention-embedded multi-scale quadratic convolutional neural network (MQCNN) based on the attention-embedded quadratic network (QCNN). It utilizes an attention mechanism from quadratic neurons (qttention) to enhance noise resistance and automatically extracts frequency-specific signal features through varied convolution kernels and depths. This method improves diagnostic accuracy and offers significant economic advantages in engineering applications.","","979-8-3315-1655-0","10.1109/ICMSP64464.2024.10866284","","https://ieeexplore.ieee.org/stamp/stamp.jsp?arnumber=10866284","Bearing fault diagnosis;multi-scale;quadratic convolutional neural network (QCNN);quadratic attention (qttention)","Fault diagnosis;Attention mechanisms;Accuracy;Convolution;Neurons;Signal processing algorithms;Feature extraction;Convolutional neural networks;Textiles;Testing","","1","","12","IEEE","7 Feb 2025","29 Nov.-1 Dec. 2024","29 Nov.-1 Dec. 2024","IEEE","IEEE Conferences"
"Phase-coherent transport probed by noise measurements in quantum rings","B. Düzel; O. Chiatti; C. Riha; S. S. Buchholz; D. Reuter; A. D. Wieck; S. F. Fischer","Novel Materials Group, Humboldt-Universität zu Berlin, Berlin, Germany; Novel Materials Group, Humboldt-Universität zu Berlin, Berlin, Germany; Novel Materials Group, Humboldt-Universität zu Berlin, Berlin, Germany; Novel Materials Group, Humboldt-Universität zu Berlin, Berlin, Germany; Optoelektronische Materialien und Bauelemente, Universität Paderborn, Paderborn, Germany; Angewandte Festkörperphysik, Ruhr-Universität Bochum, Bochum, Germany; Novel Materials Group & CSMB, Humboldt-Universität zu Berlin, Berlin, Germany",2023 International Conference on Noise and Fluctuations (ICNF),"25 Mar 2024","2023","","","1","4","Voltage noise measurements are performed in an etched Al0.35Ga0.65As/GaAs-based quantum ring structure using a cross-correlation technique at 4.2 K. Additional noise, exceeding the thermal noise expected from the conductance, is observed and earlier findings are confirmed [1]. Here, we identify phase-coherent transport in the quantum ring as cause for additional correlated noise, denoted as quantum-coherent network noise (QCNN), and determine a correlation coefficient in different contact configurations. Aharonov-Bohm magnetoresistance oscillations prove quantum interference at 15 mK. Our experiments show that voltage noise measurements are sensitive probes of quantum transport and may become relevant for investigations in closed-loop quantum networks.","2575-5595","979-8-3503-3011-3","10.1109/ICNF57520.2023.10472756","Deutsche Forschungsgemeinschaft; ","https://ieeexplore.ieee.org/stamp/stamp.jsp?arnumber=10472756","quantum rings;thermal noise;phase-coherent transport;Aharonov-Bohm oscillations","Structural rings;Voltage measurement;Interference;Thermal conductivity;Thermal noise;Noise measurement;Quantum networks","","","","15","IEEE","25 Mar 2024","17-20 Oct. 2023","17-20 Oct. 2023","IEEE","IEEE Conferences"
"A Comparative Study of Quantum-Classical Approaches in Neural Network Architectures for Medical Imaging Applications","V. K. B; M. Rajasekaran","Department of Computer Science and Engineering, School of Computing, Kalasalingam Academy of Research and Education, Tamil Nadu, India; Department of Computer Science and Engineering, School of Computing, Kalasalingam Academy of Research and Education, Tamil Nadu, India","2026 International Conference on Recent Advancement in Electrical, Computer and Communication Technologies (IECCT)","2 Jun 2026","2026","","","1","6","Quantum circuits and classical convolutional neural networks are used in hybrid quantum-classical neural networks (HQCNNs) to classify medical images, particularly MRI and CT scans for bone cancer diagnosis. This review covers cutting-edge hybrid designs for parallel quantum circuit tumour detection, illness diagnosis, and anatomical pattern identification. Recent research reveal methodological trends, performance benchmarks, and architectural advances that improve classification accuracy, computing efficiency, and parameter optimisation by quantum. On medical imaging datasets like musculoskeletal imaging, parallel quantum computing architectures train 12 times quicker while keeping accuracy. Quantum hardware limits, noise resilience, scalability restrictions, and model interpretability are discussed in relation to clinical bone cancer screening implementation. Quantum transfer learning, federated quantum machine learning, and orthopaedic imaging-optimized hardware-aware quantum circuit design are future directions.","","979-8-3315-7140-5","10.1109/IECCT68664.2026.11541603","","https://ieeexplore.ieee.org/stamp/stamp.jsp?arnumber=11541603","Hybrid quantum-classical neural networks;medical image categorisation;bone cancer detection;parameterised quantum circuits;quantum machine learning;parallel quantum computing;MRI and CT imaging;healthcare AI","Modeling;Biomedical imaging;Printing;Quantum circuit;Tumors;Neural networks;Circuits;Accuracy;Magnetic resonance imaging;Training","","","","40","IEEE","2 Jun 2026","10-11 April 2026","10-11 April 2026","IEEE","IEEE Conferences"
"Eliminate Entanglement in Quantum Information Processing Utilizing Hybrid Quantum-Classical Neural Networks","A. S. H. Al Isawi; M. Çevik","Information Technologies Institute of Graduate Studies, ALTINBAS UNIVERSITY, Istanbul, Turkey; ECE, Artificial Intelligence Institute of Graduate Studies, ALTINBAS UNIVERSITY, Istanbul, Turkey","2022 International Congress on Human-Computer Interaction, Optimization and Robotic Applications (HORA)","27 Jun 2022","2022","","","1","8","A particle generated inside a group cannot be described independently of the other group particles during the interaction, sharing, or the development of a particle's group in close geographic in the quantum mechanics. Particles' arrangement represents their quantum states at zero temperature and highlights the particle's energy and symmetry gap during the Symmetry Protected Topology SPT as the “trivial” topological instructions' existence of these particles and provides a more consistent method for differentiating the quantum data source's features such as a quantum sensor or an intricate simulation of a device through quantum entanglement. In this research utilizing the TensorFlow framework with a cluster state as a data source which mayor may not excited, the researcher demonstrates and evaluates a quantum variant of the conventional classical neural network (CNN) called the hybrid quantum-classical convolutional neural network (HQCNN) which is trained on data containing a quantum mechanical state protected by the SPT topology. The accuracy was determined in purely model's results did not exceed 89.58% accuracy within ten epochs, whereas the hybrid model's results were accurate to 100% within three epochs with a single (Twist) filter and seven epochs with a multi-filter (multi-Twist) model with the goal of eliminating quantum entanglement.","","978-1-6654-6835-0","10.1109/HORA55278.2022.9799832","","https://ieeexplore.ieee.org/stamp/stamp.jsp?arnumber=9799832","SPT;Ten so rFlo w;hybrid quantum-classical convolutional neural network;Trivial;Symmetry Protected Topology;Quantum entanglement;HQCNN;CNN;eliminating quantum entanglement","Temperature sensors;Temperature distribution;Quantum entanglement;Soft sensors;Neural networks;Quantum state;Robot sensing systems","","","","50","IEEE","27 Jun 2022","9-11 June 2022","9-11 June 2022","IEEE","IEEE Conferences"
"Quantum-Classical Hybrid Machine Learning for Image Classification (ICCAD Special Session Paper)","M. Alam; S. Kundu; R. O. Topaloglu; S. Ghosh","School of Electrical Engineering and Computer Science, Penn State University, University Park; School of Electrical Engineering and Computer Science, Penn State University, University Park; IBM Corporation; School of Electrical Engineering and Computer Science, Penn State University, University Park",2021 IEEE/ACM International Conference On Computer Aided Design (ICCAD),"23 Dec 2021","2021","","","1","7","Image classification is a major application domain for conventional deep learning (DL). Quantum machine learning (QML) has the potential to revolutionize image classification. In any typical DL-based image classification, we use convolutional neural network (CNN) to extract features from the image and multi-layer perceptron network (MLP) to create the actual decision boundaries. QML models can be useful in both of these tasks. On one hand, convolution with parameterized quantum circuits (Quanvolution) can extract rich features from the images. On the other hand, quantum neural network (QNN) models can create complex decision boundaries. Therefore, Quanvolution and QNN can be used to create an end-to-end QML model for image classification. Alternatively, we can extract image features separately using classical dimension reduction techniques such as, Principal Components Analysis (PCA) or Convolutional Autoen-coder (CAE) and use the extracted features to train a QNN. We review two proposals on quantum-classical hybrid ML models for image classification namely, Quanvolutional Neural Network and dimension reduction using a classical algorithm followed by QNN. Particularly, we make a case for trainable filters in Quanvolution and CAE-based feature extraction for image datasets (instead of dimension reduction using linear transformations such as, PCA). We discuss various design choices, potential opportunities, and drawbacks of these models. We also release a Python-based framework to create and explore these hybrid models with a variety of design choices.","1558-2434","978-1-6654-4507-8","10.1109/ICCAD51958.2021.9643516","NSF(grant numbers:CNS-1722557,CCF-1718474,OIA-2040667,DGE-1723687,DGE-1821766); ","https://ieeexplore.ieee.org/stamp/stamp.jsp?arnumber=9643516","","Dimensionality reduction;Neural networks;Feature extraction;Convolutional neural networks;Proposals;Integrated circuit modeling;Task analysis","","47","","50","IEEE","23 Dec 2021","1-4 Nov. 2021","1-4 Nov. 2021","IEEE","IEEE Conferences"
"QuCardio: Application of Quantum Machine Learning for Detection of Cardiovascular Diseases","S. Prabhu; S. Gupta; G. M. Prabhu; A. V. Dhanuka; K. V. Bhat","Department of Computer Science and Engineering, Manipal Institute of Technology, Manipal Academy of Higher Education, Manipal, Karnataka, India; Department of Computer Science and Engineering, Manipal Institute of Technology, Manipal Academy of Higher Education, Manipal, Karnataka, India; Department of Computer Science and Engineering, Manipal Institute of Technology, Manipal Academy of Higher Education, Manipal, Karnataka, India; Department of Information and Communication Technology, Manipal Institute of Technology, Manipal Academy of Higher Education, Manipal, Karnataka, India; Department of Computer Science and Engineering, Manipal Institute of Technology, Manipal Academy of Higher Education, Manipal, Karnataka, India",IEEE Access,"8 Dec 2023","2023","11","","136122","136135","This research is the first of its kind to leverage the power of Quantum Machine Learning (QML) to perform multi-class classification of Cardiovascular Diseases (CVDs). We propose a novel approach that enables multi-class classification with Pegasos Quantum Support Vector Classifier (QSVC). The QSVC and the Pegasos QSVC significantly outperform the classical SVC by a margin of +10.76% and +9.72%, respectively. The paper further ventures into a quantum deep learning based architecture with a novel Quanvolutional Neural Network (QNN) implementation, outperforming not only its classical CNN counterpart by +3.88% but also the other models by achieving 97.31% accuracy, 97.41% precision, 97.31% recall, 97.30% F1 score, and 99.10% specificity.","2169-3536","","10.1109/ACCESS.2023.3338145","Ministry of Electronics and Information Technology (MeitY), Quantum Computing Applications Laboratory (QCAL), Government of India, to access Braket-a quantum computing facility through Amazon Web Services (AWS) Cloud; Manipal Academy of Higher Education, Manipal, India; ","https://ieeexplore.ieee.org/stamp/stamp.jsp?arnumber=10335179","Quantum machine learning (QML);quantum support vector machine (QSVM);Pegasos;quanvolutional neural network (QNN);medical image classification;cardiovascular disease classification","Computational modeling;Quantum computing;Cardiovascular diseases;Feature extraction;Biomedical imaging;Static VAr compensators;Electrocardiography","","39","","50","CCBYNCND","30 Nov 2023","2023","","IEEE","IEEE Journals"
"AdvQuNN: A Methodology for Analyzing the Adversarial Robustness of Quanvolutional Neural Networks","W. E. Maouaki; A. Marchisio; T. Said; M. Bennai; M. Shafique","Quantum Physics and Magnetism Team, LPMC, Faculty of Sciences Ben M’Sik, Hassan II University of Casablanca, Morocco; eBrain Lab, Division of Engineering, New York University Abu Dhabi (NYUAD), Abu Dhabi, UAE; Quantum Physics and Magnetism Team, LPMC, Faculty of Sciences Ben M’Sik, Hassan II University of Casablanca, Morocco; Quantum Physics and Magnetism Team, LPMC, Faculty of Sciences Ben M’Sik, Hassan II University of Casablanca, Morocco; eBrain Lab, Division of Engineering, New York University Abu Dhabi (NYUAD), Abu Dhabi, UAE",2024 IEEE International Conference on Quantum Software (QSW),"28 Aug 2024","2024","","","175","181","Recent advancements in quantum computing have led to the development of hybrid quantum neural networks (HQNNs) that employ a mixed set of quantum layers and classical layers, such as Quanvolutional Neural Networks (QuNNs). While several works have shown security threats of classical neural networks, such as adversarial attacks, their impact on QuNNs is still relatively unexplored. This work tackles this problem by designing AdvQuNN, a specialized methodology to investigate the robustness of HQNNs like QuNNs against adversarial attacks. It employs different types of Ansatzes as parametrized quantum circuits and different types of adversarial attacks. This study aims to rigorously assess the influence of quantum circuit architecture on the resilience of QuNN models, which opens up new pathways for enhancing the robustness of QuNNs and advancing the field of quantum cybersecurity. Our results show that, compared to classical convolutional networks, QuNNs achieve up to 60% higher robustness for the MNIST and 40% for FMNIST datasets.","","979-8-3503-6847-5","10.1109/QSW62656.2024.00033","","https://ieeexplore.ieee.org/stamp/stamp.jsp?arnumber=10646505","Quantum machine learning;Quanvolutional Neural Networks;Quantum Computing;Deep Neural Networks;Convolutional Neural Networks;Adversarial Attacks;Adversarial Robustness","Accuracy;Perturbation methods;Neural networks;Qubit;Computer architecture;Feature extraction;Robustness","","14","","33","IEEE","28 Aug 2024","7-13 July 2024","7-13 July 2024","IEEE","IEEE Conferences"
"RobQuNNs: A Methodology for Robust Quanvolutional Neural Networks against Adversarial Attacks","W. El Maouaki; A. Marchisio; T. Said; M. Shafique; M. Bennai","Quantum Physics and Magnetism Team, LPMC, Faculty of Sciences Ben M’Sik, Hassan II University of Casablanca, Morocco; eBrain Lab, Division of Engineering, New York University Abu Dhabi (NYUAD), Abu Dhabi, UAE; Quantum Physics and Magnetism Team, LPMC, Faculty of Sciences Ben M’Sik, Hassan II University of Casablanca, Morocco; eBrain Lab, Division of Engineering, New York University Abu Dhabi (NYUAD), Abu Dhabi, UAE; Quantum Physics and Magnetism Team, LPMC, Faculty of Sciences Ben M’Sik, Hassan II University of Casablanca, Morocco",2024 IEEE International Conference on Image Processing Challenges and Workshops (ICIPCW),"2 Dec 2024","2024","","","4090","4095","Recent advancements in quantum computing have led to the emergence of hybrid quantum neural networks, such as Quanvolutional Neural Networks (QuNNs), which integrate quantum and classical layers. While the susceptibility of classical neural networks to adversarial attacks is well-documented, the impact on QuNNs remains less understood. This study introduces RobQuNN, a new methodology to enhance the robustness of QuNNs against adversarial attacks, utilizing quantum circuit expressibility and entanglement capability alongside different adversarial strategies. Additionally, the study investigates the transferability of adversarial examples between classical and quantum models using RobQuNN, enhancing our understanding of cross-model vulnerabilities and pointing to new directions in quantum cybersecurity. The findings reveal that QuNNs exhibit up to 60% higher robustness compared to classical networks for the MNIST dataset, particularly at low levels of perturbation. This underscores the potential of quantum approaches in improving security defenses. In addition, RobQuNN revealed that QuNN does not exhibit enhanced resistance or susceptibility to cross-model adversarial examples regardless of the quantum circuit architecture.","","979-8-3315-1594-2","10.1109/ICIPCW64161.2024.10769105","Tamkeen; ","https://ieeexplore.ieee.org/stamp/stamp.jsp?arnumber=10769105","Quantum machine learning;Quanvolutional Neural Networks;Quantum Computing;Deep Neural Networks;Convolutional Neural Networks;Adversarial Attacks;Adversarial Robustness","Resistance;Computational modeling;Perturbation methods;Neural networks;Computer architecture;Robustness;Quantum circuit;Integrated circuit modeling;Resilience;Glass box","","7","","22","IEEE","2 Dec 2024","27-30 Oct. 2024","27-30 Oct. 2024","IEEE","IEEE Conferences"
"Quantum-Enhanced Water Quality Monitoring: Exploiting  $\Phi$ Sat-2 Data With Quanvolution","F. Mauro; F. Razzano; P. D. Stasio; A. Sebastianelli; G. Meoni; G. Schirinzi; P. Gamba; S. L. Ullo","Department of Engineering, University of Sannio, Benevento, Italy; Department of Engineering, University of Naples “Parthenope,”, Naples, Italy; Department of Engineering, University of Sannio, Benevento, Italy; ϕ-Laboratory, European Space Agency, Frascati, Italy; ϕ-Laboratory, European Space Agency, Frascati, Italy; Department of Engineering, University of Naples “Parthenope,”, Naples, Italy; Department of Electrical, Computer and Biomedical Engineering, University of Pavia, Pavia, Italy; Department of Engineering, University of Sannio, Benevento, Italy",IEEE Geoscience and Remote Sensing Letters,"11 Jun 2025","2025","22","","1","5","Coastal water quality monitoring is crucial for environmental sustainability and public health. This work introduces a very cutting-edge methodology, using  $\Phi $ Sat-2 multispectral data and quanvolutional neural networks (QNNs) to explore quantum-enhanced machine learning (ML) for water contaminant assessment. By integrating quantum preprocessing into a classical regression model, it is possible to achieve a significant reduction in model parameters while maintaining high predictive accuracy. In addition, this work introduces an innovative dataset that integrates simulated  $\Phi $ Sat-2 spectral data with Copernicus Marine Service biogeochemical products, ensuring a strong alignment between satellite observations and reference turbidity measurements. Our results show that quantum models use up to 98% fewer parameters than their classical counterparts, while achieving a 6.9% improvement in the Pearson correlation coefficient between the  $\Phi $ Sat-2 preprocessed bands and the ground-truth turbidity values, compared with the case without quantum preprocessing. In addition, the root mean square error (RMSE) improves by 7.3% over the classical baseline. These findings highlight the potential of quantum-assisted remote sensing (RS) to enable more efficient and scalable analysis of large-scale water contaminant data, paving the way for advanced big data approaches in water quality monitoring.","1558-0571","","10.1109/LGRS.2025.3576677","European Union under the Italian National Recovery and Resilience Plan (PNRR) of NextGenerationEU partnership on "Telecommunications of the Future” program “RESTART”(grant numbers:PE00000001,E63C22002040007 - D.D. n.1549,11/10/2022); ","https://ieeexplore.ieee.org/stamp/stamp.jsp?arnumber=11023839"," $\Phi $  Sat-2;quantum convolutional neural networks;quantum deep learning (DL);water quality monitoring","Turbidity;Monitoring;Data mining;Sea measurements;Water resources;Feature extraction;Pollution measurement;Water pollution;Integrated circuit modeling;Data models","","4","","21","IEEE","4 Jun 2025","2025","","IEEE","IEEE Journals"
"Novel Quanvolutional Neural Network-Based COVID-19 Diagnosis From Raman Spectroscopic Signals of Human Serum","S. Shomir Dutta; S. Sandeep; S. Sridevi; R. Mistry; J. Ortega; G. Kar","School of Computer Science and Engineering, Vellore Institute of Technology, Chennai, Tamil Nadu, India; School of Computer Science and Engineering, Vellore Institute of Technology, Chennai, Tamil Nadu, India; School of Computer Science and Engineering, Vellore Institute of Technology, Chennai, Tamil Nadu, India; Pivotport Inc., Bloomingdale, IL, USA; Pivotport Inc., Bloomingdale, IL, USA; Department of Computer Science and Cybersecurity, University of Central Missouri, Warrensburg, MO, USA",IEEE Access,"20 Jun 2025","2025","13","","104382","104405","COVID-19 has proven to be one of the most devastating pandemics of the 21st century, causing widespread mortality and overwhelming healthcare systems globally. Early and accurate diagnosis is crucial to managing and controlling the spread of this virus. Although the Polymerase Chain Reaction (PCR) technique is effective for identifying the genetic material of the pathogens causing SARS-CoV-2 COVID-19, its longer processing time has led to the emergence of Raman spectroscopy as a promising alternative, a non-destructive method that provides detailed molecular insights for detecting COVID-19 through human serum samples. The primary goal of this research is to accurately diagnose COVID-19 by analyzing Raman spectroscopic signals of serum samples with a novel quantum circuit-based Quanvolutional Neural Network (QNN). In this research, although the signals are initially in one dimension (1D), we applied wavelet transforms to convert Raman spectroscopic signals into 2D scaleogram images to capture intricate spectral patterns for efficient classification. We compared the performance of our proposed QNN with existing QNN variant and classical convolutional neural network (CNN) models such as Vanilla CNN, MobileNet CNN, Xception CNN, and VGG-16 CNN. We were surprised to achieve outstanding performance across all seven evaluation metrics namely Jaccard index(JI) of 97.73%, accuracy of 98.92%, F1-score of 98.85%, recall of 97.73%, Matthews correlation coefficient (MCC) of 97.86%, precision of 100% and Area Under the Curve (AUC) score of 98.86%. The results demonstrate that proposed novel QNN outperforms classical models without overfitting. Our findings highlight the potential of QNN in revolutionizing diagnostic tools for critical diseases like COVID-19.","2169-3536","","10.1109/ACCESS.2025.3580316","","https://ieeexplore.ieee.org/stamp/stamp.jsp?arnumber=11037441","SARS-CoV-2;Covid-19;human serum samples;Raman spectroscopic signals;quanvolutional neural networks;quantum filter circuit;wavelet transform;scaleogram images","COVID-19;Accuracy;Neural networks;Integrated circuit modeling;Convolutional neural networks;Wavelet transforms;Machine learning;Deep learning;Raman scattering;Analytical models","","1","","47","CCBYNCND","16 Jun 2025","2025","","IEEE","IEEE Journals"
"Quantum-Enhanced Detection of False Base Stations in Beyond 5G Networks Using Quanvolutional Neural Network","I. W. A. J. Pawana; H. Kwon; Linawati; I. You","Department of Cyber Security, Kookmin University, Seoul, South Korea; Department of Cyber Security, Kookmin University, Seoul, South Korea; Department of Electrical Engineering, Udayana University, Badung, Indonesia; Department of Cyber Security, Kookmin University, Seoul, South Korea",2025 International Conference on Smart-Green Technology in Electrical and Information Systems (ICSGTEIS),"16 Dec 2025","2025","","","207","212","The emergence of Beyond 5G (B5G) and 6G networks introduces advanced capabilities in speed, latency, and connectivity, while also amplifying the risk of sophisticated security threats such as False Base Stations (FBS). These rogue entities imitate legitimate base stations to intercept data, perform man-in-the-middle attacks, or disrupt services. Researchers have explored conventional machine learning methods for FBS detection, but these methods often struggle to address the high-dimensional and dynamic nature of next-generation networks. This paper proposes a Quanvolutional Neural Network (QNN) framework as a quantum-enhanced solution for FBS detection. QNN utilizes quantum phenomena such as superposition and entanglement to perform complex feature transformations, enabling more expressive data representations than classical models. We evaluate the proposed QNN against a traditional Convolutional Neural Network (CNN) using a classification task designed to simulate the detection of FBS. Results demonstrate that although the QNN exhibits slower convergence during early training, it ultimately outperforms the CNN across all key evaluation metrics. The QNN achieves higher accuracy (90.65%), improved recall, lower false positive rate, and a superior F1 score, while also attaining a lower final training loss. These findings suggest that QNNs have strong potential for real-time, localized threat detection in AInative 6G architectures. Future work will explore deployment on Noisy Intermediate-Scale Quantum (NISQ) hardware and evaluate model performance under realistic noise conditions. This study contributes to ongoing research on integrating quantum machine learning into secure and intelligent wireless communication systems","2831-400X","979-8-3315-9191-5","10.1109/ICSGTEIS68532.2025.11284521","MSIT(grant numbers:202400441484); ","https://ieeexplore.ieee.org/stamp/stamp.jsp?arnumber=11284521","False Base Station;Quanvolutional Neural Network;Quantum Artificial Intelligence;5G/6G;AI-RAN","6G mobile communication;Training;Base stations;Accuracy;Noise;Machine learning;Hardware;Data models;Convolutional neural networks;Security","","","","23","IEEE","16 Dec 2025","9-10 Oct. 2025","9-10 Oct. 2025","IEEE","IEEE Conferences"
"Adversarial Interception of Deepfake Videos Using Quantum Neural Networks for Robust Social Media Content Monitoring","F. A. Abdulazeez; M. K. Hasan; S. N. Huda Sheikh Abdullah","Faculty of Information Science and Technology, National University of Malaysia, Bangi, Malaysia; Faculty of Information Science and Technology, National University of Malaysia, Bangi, Malaysia; Faculty of Information Science and Technology, National University of Malaysia, Bangi, Malaysia",2025 International Conference on Electrical Engineering and Informatics (ICEEI),"21 Jan 2026","2025","","","1","6","The widespread circulation of deepfake videos on social media threatens public information veracity. This paper proposes a quantum neural network (QNN)-based strategy to combat deepfakes, leveraging quantum computational superiority. We introduce a Quanvolutional Neural Network (QuNN) with adversarial training (FGSM/PGD attacks). Unlike classical neural networks-which are vulnerable to adversarial attacks-our QNN system exploits quantum parallelism to detect imperceptible artifacts. Evaluations on FF++, Celeb-DF, and DFDC datasets show improved adversarial robustness. The study also addresses scalability for real-world deployment, offering insights into secure social media monitoring.","2155-6830","979-8-3315-9271-4","10.1109/ICEEI68459.2025.11330286","","https://ieeexplore.ieee.org/stamp/stamp.jsp?arnumber=11330286","Deepfakes;Fake video detection;Quantum Computing;Quantum Neural Networks;Adversarial attacks;Social Media Monitoring","Training;Deepfakes;Quantum computing;Social networking (online);Scalability;Neural networks;Transformers;Hardware;Robustness;Monitoring","","","","22","IEEE","21 Jan 2026","13-15 Nov. 2025","13-15 Nov. 2025","IEEE","IEEE Conferences"
"Quantum Neural Network Architectures and Optimization Strategies for NISQ-Era Systems","R. Nithya; J. Gayathri; R. Jayalakshmi; P. Pravin; N. R. Shanker","Department of Mathematics, Rajalakshmi Institute of Technology, Chennai, India; Department of ECE, Veltech Multitech Dr. Rangarajan Dr.Sakunthula Engineering College, Chennai, India; Department of EEE, Sriram Engineering College, Chennai, India; Department of CSE, Rajalakshmi Engineering College, Chennai, India; Department of CSE, Sriram Engineering College, Chennai, India",2025 10th International Conference on Smart Structures and Systems (ICSSS),"23 Jan 2026","2025","","","1","6","In this paper, Quantum Neural Networks are the significant development in connecting quantum computing with artificial intelligence using superposition and entanglement principles within the architecture of a neural network. Currently, quantum devices come into the category of Noisy Intermediate-Scale Quantum and are strictly bound by the presence of noise and decoherence and the limited number of qubits, which directly affects QNN performance and scalability. This paper reviews existing QNN architectures, training methodologies, and optimization techniques relevant for NISQ hardware. Various approaches have been analyzed, including VQCs, QCNNs, and QBMs, based on their feasibility of implementation, computational efficiency, and robustness against quantum noise. Furthermore, this survey covers hybrid classical-quantum optimization algorithms, gradientbased learning techniques, and noise mitigation frameworks that constitute the practical basis for performance improvement in QNNs. It underlines the challenges to be overcome and discusses open problems and possible future directions toward scalable and fault-tolerant quantum neural network systems for nextgeneration quantum computing platforms.","","979-8-3315-6323-3","10.1109/ICSSS66939.2025.11346163","","https://ieeexplore.ieee.org/stamp/stamp.jsp?arnumber=11346163","QNN;VQC;QBM;QCNN","Training;Quantum entanglement;Reviews;Prevention and mitigation;Scalability;Noise;Neural networks;Computer architecture;Robustness;Optimization","","1","","15","IEEE","23 Jan 2026","12-13 Dec. 2025","12-13 Dec. 2025","IEEE","IEEE Conferences"
"Brain Tumor Detection Using Quantum Convolution Neural Networks","K. P. Kumar; A. Mahawar; K. Singh; T. R. D. Silva; T. Batla; N. B","School of Computer Science and Engineering, Vellore Institute of Technology Chennai Campus, Chennai, Tamilnadu, India; School of Computer Science and Engineering, Vellore Institute of Technology Chennai Campus, Chennai, Tamilnadu, India; School of Computer Science and Engineering, Vellore Institute of Technology Chennai Campus, Chennai, Tamilnadu, India; School of Computer Science and Engineering, Vellore Institute of Technology Chennai Campus, Chennai, Tamilnadu, India; School of Computer Science and Engineering, Vellore Institute of Technology Chennai Campus, Chennai, Tamilnadu, India; School of Computer Science and Engineering, Vellore Institute of Technology Chennai Campus, Chennai, Tamilnadu, India","2026 Second International Conference on Intelligent Systems for Communication, IoT and Security (ICISCoIS)","27 Mar 2026","2026","","","1","6","Brain Tumor detection knows as tedious job poses huge intricacies. Though MRI(Magnetic Resonance Imaging) has made the life of clinicians easier by providing detailed cross-sections of the brain, thus making it easy to detect abnormalities, it is still very difficult to accurately categorize the different types of Brain Tumors. For addressing this problem, this research work proposes a novel approach to use a Hybrid Quantum Classical Convolutional Neural Network (HQC-CNN) model. The proposed model has been experimented on the BraTS2023 dataset, with a result of 98.7% accuracy, which is an improvement of 5.2% over traditional CNNs (ResNet, VGG). The HQC-CNN model simplifies parameter complexity by 40% and training time by 2.5 times via quantum parallelism. The complete flow is described in the architecture, hybrid training regimes, and issues in deploying QCNNs on near-term quantum hardware in this work. These findings strongly indicates the power of Deep Learning approaches and incorporation of Quantum ideas in medical imaging.","","979-8-3315-4596-3","10.1109/ICISCoIS62701.2026.11447931","","https://ieeexplore.ieee.org/stamp/stamp.jsp?arnumber=11447931","Quantum CNN;Brain Tumor Detection;Quantum Machine Learning;Medical Imaging;Hybrid Quantum Classical Model","Training;Accuracy;Magnetic resonance imaging;Scalability;Brain tumors;Brain modeling;Hardware;Convolutional neural networks;Security;Biomedical imaging","","","","10","IEEE","27 Mar 2026","8-10 Jan. 2026","8-10 Jan. 2026","IEEE","IEEE Conferences"
"Attention-Embedded Quadratic Network (Qttention) for Effective and Interpretable Bearing Fault Diagnosis","J. -X. Liao; H. -C. Dong; Z. -Q. Sun; J. Sun; S. Zhang; F. -L. Fan","School of Instrumentation Science and Engineering, Harbin Institute of Technology, Harbin, China; School of Instrumentation Science and Engineering, Harbin Institute of Technology, Harbin, China; School of Instrumentation Science and Engineering, Harbin Institute of Technology, Harbin, China; School of Instrumentation Science and Engineering, Harbin Institute of Technology, Harbin, China; School of Instrumentation Science and Engineering, Harbin Institute of Technology, Harbin, China; Weill Cornell Medicine, Cornell University, Ithaca, NY, USA",IEEE Transactions on Instrumentation and Measurement,"30 Mar 2023","2023","72","","1","13","Bearing fault diagnosis is of great importance to decrease the damage risk of rotating machines and further improve economic profits. Recently, machine learning, represented by deep learning, has made great progress in bearing fault diagnosis. However, applying deep learning to such a task still faces major challenges such as effectiveness and interpretability: 1) when bearing signals are highly corrupted by noise, the performance of deep learning models drops dramatically and 2) a deep network is notoriously a black box. It is difficult to know how a model classifies faulty signals from the normal and the physics principle behind the classification. To solve these issues, first, we prototype a convolutional network with recently invented quadratic neurons. This quadratic neuron-empowered network can qualify the noisy bearing data due to the strong feature representation ability of quadratic neurons. Moreover, we independently derive the attention mechanism from a quadratic neuron, referred to as qttention, by factorizing the learned quadratic function in analog to the attention, making the model made of quadratic neurons inherently interpretable. Experiments on the public and our datasets demonstrate that the proposed network can facilitate effective and interpretable bearing fault diagnosis. Our code is available at https://github.com/asdvfghg/QCNN_for_bearing_diagnosis.","1557-9662","","10.1109/TIM.2023.3259031","","https://ieeexplore.ieee.org/stamp/stamp.jsp?arnumber=10076833","Bearing fault diagnosis;deep learning;neural network;quadratic convolutional neural network (QCNN);quadratic neuron-induced attention (qttention)","Neurons;Deep learning;Fault diagnosis;Convolutional neural networks;Biological system modeling;Time-frequency analysis;Shafts","","69","","45","IEEE","20 Mar 2023","2023","","IEEE","IEEE Journals"
"High-Speed Train Brake Pads Condition Monitoring Based on Trade-Off Contrastive Learning Network","M. Zhang; J. Li; J. Mo; M. Shen; Z. Xiang; Z. Zhou","School of Mechanical Engineering and Technology and Equipment of Rail Transit Operation and Maintenance Key Laboratory of Sichuan Province, Southwest Jiaotong University, Chengdu, China; School of Mechanical Engineering, Southwest Jiaotong University, Chengdu, China; School of Mechanical Engineering and Technology and Equipment of Rail Transit Operation and Maintenance Key Laboratory of Sichuan Province, Southwest Jiaotong University, Chengdu, China; State Key Laboratory of Performance Monitoring and Protecting of Rail Transit Infrastructure, East China Jiaotong University, Nanchang, China; School of Mechanical Engineering, Guangxi University, Nanning, China; School of Mechanical Engineering and Technology and Equipment of Rail Transit Operation and Maintenance Key Laboratory of Sichuan Province, Southwest Jiaotong University, Chengdu, China",IEEE Transactions on Instrumentation and Measurement,"14 Nov 2024","2024","73","","1","10","The braking system of high-speed trains is directly related to the operation safety of the train. The brake pads, which play a crucial role, will inevitably undergo uneven wear in long-term use, posing safety hazards to train braking. As the trains are in normal operating condition for long periods, it is difficult to collect usable uneven wear data, and there is a situation of data imbalance. This article proposes a trade-off contrastive learning network (TCLN), utilizing the differences between data and balancing the weights of different classes, which can realize the condition monitoring under the data imbalance of brake pads. First, data augmentation is employed to provide sufficient and diverse data for contrastive learning, and nonlinear features are extracted by a quadratic convolutional neural network (QCNN). Then, the designed class-weighted method is utilized to improve the characterization ability of the minority class data and realize the equidistant representation of features for each class, which in turn achieves the purpose of paying equal attention to all classes. Finally, the effectiveness of the proposed method is verified using the dataset collected from the scaling experiments, and the results show that the proposed method has higher accuracy and efficiency compared to other methods, which can still accurately identify the brake pad condition when the data are highly imbalanced.","1557-9662","","10.1109/TIM.2024.3485406","National Natural Science Foundation of China(grant numbers:52305216,U22A20181); Sichuan Provincial Natural Science Foundation of China(grant numbers:2022NSFSC0449); Sichuan Science and Technology Program(grant numbers:2020JDTD0012); China Postdoctoral Science Foundation(grant numbers:2020M673279); ","https://ieeexplore.ieee.org/stamp/stamp.jsp?arnumber=10745234","Brake pad;class-weighted;condition monitoring;high-speed train;nonlinear features;trade-off contrastive learning network (TCLN)","Condition monitoring;Training;Accuracy;Training data;Contrastive learning;Feature extraction;Hazards;Data models;Brakes;Monitoring","","34","","31","IEEE","5 Nov 2024","2024","","IEEE","IEEE Journals"
"A Quantum Controlled-NOT Neural Network-Based Load Forecast and Management Model for Smart Grid","J. Kumar; D. Saxena; A. K. Singh; A. V. Vasilakos","Department of Computer Applications, National Institute of Technology Kurukshetra, Kurukshetra, India; Division of Information Systems, University of Aizu, Aizuwakamatsu, Japan; Department of Computer Applications, National Institute of Technology Kurukshetra, Kurukshetra, India; Department of ICT, Center for AI Research, University of Agder, Grimstad, Norway",IEEE Systems Journal,"12 Dec 2023","2023","17","4","5714","5725","The uncertainty and unpredictable power generation and usage of resources at demand as well as supply side causes the mismatch problem. Therefore, the power demand and supply management of regional smart meters have become an essential and challenging research issue in the current era. The existing solutions have inadequately explored the relationship between forecasted load and power demand supply management of smart meters, which imposes a huge impact on the performance of power services to the regional customers. In this context, a novel quantum machine learning-driven power distribution and supply management (QPD-SM) model is proposed, which estimates the power demand of regional smart meters proactively by utilizing the load forecasting values and managing power supply efficiently. The model deploys a newly developed “quantum controlled-NOT gate induced feed-forward neural network” (QCNN) which is optimized using the quantum adaptive differential evolutionary (QuADE) learning algorithm to forecast regional load with precise accuracy. Further, a demand–supply management approach is designed to analyze and estimate the over-/under-supply of power units relative to different regions and govern the power generation and supply management accordingly. Experimental results from the Irish Commission for Energy Regulation and the Australian Smart Grid Smart City show the improvement of root-mean-squared error up to 77.02% and 78.92%, respectively, by the proposed model as compared to the existing state-of-the-art works.","1937-9234","","10.1109/JSYST.2023.3309324","National Institute of Technology Kurukshetra; ","https://ieeexplore.ieee.org/stamp/stamp.jsp?arnumber=10243065","Demand supply management (DSM);evolutio- nary learning;power consumption gap;quantum controlled-NOT neural network;short-term load forecasting","Power demand;Load forecasting;Load modeling;Smart meters;Smart grids;Predictive models;Forecasting","","19","","30","IEEE","7 Sep 2023","Dec. 2023","","IEEE","IEEE Journals"
"Convolutional Features-Based Broad Learning With LSTM for Multidimensional Facial Emotion Recognition in Human–Robot Interaction","L. Chen; M. Li; M. Wu; W. Pedrycz; K. Hirota","School of Automation, the Hubei Key Laboratory of Advanced Control and Intelligent Automation for Complex Systems, and the Engineering Research Center of Intelligent Technology for Geo-Exploration, Ministry of Education, China University of Geosciences, Wuhan, China; School of Automation, the Hubei Key Laboratory of Advanced Control and Intelligent Automation for Complex Systems, and the Engineering Research Center of Intelligent Technology for Geo-Exploration, Ministry of Education, China University of Geosciences, Wuhan, China; School of Automation, the Hubei Key Laboratory of Advanced Control and Intelligent Automation for Complex Systems, and the Engineering Research Center of Intelligent Technology for Geo-Exploration, Ministry of Education, China University of Geosciences, Wuhan, China; Department of Electrical and Computer Engineering, University of Alberta, Edmonton, Canada; Tokyo Institute of Technology, Tokyo, Japan","IEEE Transactions on Systems, Man, and Cybernetics: Systems","18 Dec 2023","2024","54","1","64","75","Convolutional feature-based broad learning with long short-term memory (CBLSTM) is proposed to recognize multidimensional facial emotions in human–robot interaction. The CBLSTM model consists of convolution and pooling layers, broad learning (BL), and long- and short-term memory network. It aims to obtain the depth, width, and time scale information of facial emotion through three parts of the model, so as to realize multidimensional facial emotion recognition. CBLSTM adopts the structure of BL after processing was done at the convolution and pooling layer to replace the original random mapping method and extract features with more representation ability, which significantly reduces the computational time of the facial emotion recognition network. Moreover, we adopted incremental learning, which can quickly reconstruct the model without a complete retraining process. Experiments on three databases are developed, including CK+, MMI, and SFEW2.0 databases. The experimental results show that the proposed CBLSTM model using multidimensional information produces higher recognition accuracy than that without time scale information. It is 1.30% higher on the CK+ database and 1.06% higher on the MMI database. The computation time is 9.065 s, which is significantly shorter than the time reported for the convolutional neural network (CNN). In addition, the proposed method obtains improvement compared to the state-of-the-art methods. It improves the recognition rate by 3.97%, 1.77%, and 0.17% compared to that of CNN-SIPS, HOG-TOP, and CMACNN in the CK+ database, 5.17%, 5.14%, and 3.56% compared to TLMOS, ALAW, and DAUGN in the MMI database, and 7.08% and 2.98% compared to CNNVA and QCNN in the SFEW2.0 database.","2168-2232","","10.1109/TSMC.2023.3301001","National Natural Science Foundation of China(grant numbers:61973286,61603356,61733016); 111 Project(grant numbers:B17040); Fundamental Research Funds for the Central Universities, China University of Geosciences(grant numbers:201839); ","https://ieeexplore.ieee.org/stamp/stamp.jsp?arnumber=10230021","Broad learning (BL);convolution neural networks (CNNs);emotion recognition;human–robot interaction;long short-term memory (LSTM)","Feature extraction;Emotion recognition;Face recognition;Convolutional neural networks;Convolution;Heuristic algorithms;Training","","12","","54","IEEE","24 Aug 2023","Jan. 2024","","IEEE","IEEE Journals"
"Controlling the Skyrmion Density and Size for Quantized Convolutional Neural Network","A. H. Lone; A. Ganguly; H. Li; N. El-Atab; G. Setti; G. Das; a. Hossein Fariborzi","Electrical and Computer Engineering Program, Computer, Electrical, and Mathematical Science and Engineering Division, King Abdullah University of Science and Technology, Thuwal, Saudi Arabia; Department of Physics, Khalifa University, Abu Dhabi, United Arab Emirates; Electrical and Computer Engineering Program, Computer, Electrical, and Mathematical Science and Engineering Division, King Abdullah University of Science and Technology, Thuwal, Saudi Arabia; Electrical and Computer Engineering Program, Computer, Electrical, and Mathematical Science and Engineering Division, King Abdullah University of Science and Technology, Thuwal, Saudi Arabia; Electrical and Computer Engineering Program, Computer, Electrical, and Mathematical Science and Engineering Division, King Abdullah University of Science and Technology, Thuwal, Saudi Arabia; Department of Physics, Khalifa University, Abu Dhabi, United Arab Emirates; Electrical and Computer Engineering Program, Computer, Electrical, and Mathematical Science and Engineering Division, King Abdullah University of Science and Technology, Thuwal, Saudi Arabia",IEEE Access,"17 Oct 2024","2024","12","","149850","149860","The exceptional properties of skyrmion devices, including their miniature size, topologically protected nature, and low current requirements, render them highly promising for energy-efficient neuromorphic computing applications. Examining the creation, stability, and dynamics of magnetic skyrmions in thin-film systems is imperative to realize these skyrmion-based neuromorphic devices. Herein, we report the creation, stability, and tunability of magnetic skyrmions in the Ta/IrMn/CoFeB/MgO thin-film system. We use polar magneto-optic Kerr effect (MOKE) microscopy and micromagnetic simulations to investigate the magnetic-field dependence of skyrmion density and size. The topological charge evolution with time under a magnetic field is studied, and the transformation dynamics are explained. Furthermore, we demonstrate skyrmion size and density tunability as parameters controlled by voltage, current, and magnetic field via Voltage-Controlled Magnetoresistance (VCMA) and Dzyaloshinskii-Moriya Interaction (DMI). We propose a skyrmion-based synaptic device for neuromorphic computing applications. The device exhibits spin-orbit torque-controlled discrete topological resistance states with high linearity and uniformity, allowing for the realization of the hardware implementation of weight quantization in a Quantized Convolutional Neural Network (QCNN). Our experimental results demonstrate that the devices can be trained and tested on the CIFAR-10 dataset, achieving a recognition accuracy of ~87%. The findings open new avenues for developing neuromorphic computing devices based on tunable skyrmion systems.","2169-3536","","10.1109/ACCESS.2024.3472114","KU CIRA-2021 Internal Fund(grant numbers:8474000416); ","https://ieeexplore.ieee.org/stamp/stamp.jsp?arnumber=10707631","Skyrmions;magnetic tunnel junction;magneto-optical Kerr effect;micromagnetics;topological resistance;neuromorphic devices","Micromagnetics;Magnetic tunneling;Magnetic domains;Perpendicular magnetic anisotropy;Saturation magnetization;Magnetic fields;Magnetic multilayers;Magnetization;Mathematical models;Computational modeling;Kerr effect;Neuromorphics","","7","","38","CCBY","8 Oct 2024","2024","","IEEE","IEEE Journals"
"Interpretable Analysis of Oral Mucosal Lesions Using U-Net and Quantum Approaches","A. M; A. L. Sibi; P. Kumari; G. Ram; S. K. T.; S. K.; V. Savithri","Dept. of Computer Science and Engineering, Amrita School of Computing Amrita, Vishwa Vidyapeetham, Coimbatore, India; Dept. of Computer Science and Engineering, Amrita School of Computing Amrita, Vishwa Vidyapeetham, Coimbatore, India; Dept. of Computer Science and Engineering, Amrita School of Computing Amrita, Vishwa Vidyapeetham, Coimbatore, India; Dept. of Artificial Intelligence and Data Science, School of AI Amrita Vishwa Vidyapeetham, Coimbatore, India; Dept. of Computer Science and Engineering, Amrita School of Computing Amrita, Vishwa Vidyapeetham, Coimbatore, India; Department of Mathematics, Amrita School of Physical Sciences Amrita Vishwa Vidyapeetham, Coimbatore, India; Dept. of Oral & Maxillofacial Pathology and Microbiology, Amrita School of Dentistry AIMS, Ponekkara PO, Kochi, India",2025 International Conference on Inventive Computation Technologies (ICICT),"23 May 2025","2025","","","1019","1024","Oral mucosal lesions are abnormal changes found in the tissue of the mouth. They can be painful and may include abnormal cell growths, as well as rare tongue and hard- palate disorders. They may result from infections, inflamma- tory processes, trauma, autoimmune conditions, or precancerous changes. A recent study found a 59.6% prevalence of oral mucosal lesions among elderly individuals, highlighting a signif- icant association with factors such as age over 65, male gender, tobacco habits, and denture usage. Thus, lesions can significantly impact a patient's quality of life, necessitating accurate diagnosis and timely intervention. In this study, we use a combination of two advanced technologies-U-Net, a deep learning model, and quantum computing-to analyze medical images of oral health. We use a publicly available dataset containing labeled images classified as ‘Lesion’ and ‘Oral Cavity,’ focusing only on lesion detection. Our results show that while the U-Net model achieves 95.02% segmentation accuracy, the quantum approach using QCNN achieves 74.5% accuracy. Although the quantum model does not outperform U-Net in segmentation, it demonstrates potential for future research in quantum-enhanced medical imaging. To measure how well our method works, we use different evaluation techniques, including Dice Coefficient, Intersection over Union (IoU), accuracy, precision, recall, and F1-score. Our results indicate that while quantum computing has shown high accuracy in previous research for classification tasks, its application to segmentation-particularly in oral lesion detection-faces challenges such as lower accuracy, quantum noise, and hardware constraints. This research highlights the potential of integrating AI and quantum approaches for medical diagnosis while acknowledging the need for further improvements in quantum seamcntation models.","2767-7788","979-8-3315-1224-8","10.1109/ICICT64420.2025.11004735","","https://ieeexplore.ieee.org/stamp/stamp.jsp?arnumber=11004735","U-net;Deep Learning;QCNN;Oral Mucosal Lesion;ReLU;Segmentation","Deep learning;Image segmentation;Quantum computing;Accuracy;Computational modeling;Hardware;Computational efficiency;Lesions;Artificial intelligence;Medical diagnostic imaging","","2","","15","IEEE","23 May 2025","23-25 April 2025","23-25 April 2025","IEEE","IEEE Conferences"
