"Authors","Author full names","Author(s) ID","Title","Year","Source title","Volume","Issue","Art. No.","Page start","Page end","Cited by","DOI","Link","Document Type","Publication Stage","Open Access","Source","EID"
"Xu Z.; Zhao Y.; Ji W.; Bao C.","Xu, Zhiliang (60115588700); Zhao, Yan (60530667100); Ji, Weidong (36781631100); Bao, Chengke (59389480100)","60115588700; 60530667100; 36781631100; 59389480100","Quantum-enhanced metacognitive knowledge tracking: A two-dimensional modeling and transfer learning framework","2026","Knowledge-Based Systems","340","","115738","","","0","10.1016/j.knosys.2026.115738","https://www.scopus.com/pages/publications/105033606339?origin=resultslist","Article","Final","","Scopus","2-s2.0-105033606339"
"Shaji A.A.; Sadhwani S.; Muthalagu R.; Pawar P.M.; Mathew T.","Shaji, Aimy Acksa (60567571500); Sadhwani, Sapna (57222489783); Muthalagu, Raja (59357164000); Pawar, Pranav M. (54783215400); Mathew, Tojo (56537885200)","60567571500; 57222489783; 59357164000; 54783215400; 56537885200","QML-IDS: Quantum Machine Learning Approaches for Intrusion Detection Systems in IoT devices","2025","2025 3rd International Conference on Computational Intelligence and Network Systems, CINS 2025","","","","","","1","10.1109/CINS67018.2025.11412140","https://www.scopus.com/pages/publications/105035148403?origin=resultslist","Conference paper","Final","","Scopus","2-s2.0-105035148403"
"Kim M.; Heo J.; Roh E.J.; Park S.","Kim, Minjoo (59925166600); Heo, Juhui (60112378200); Roh, Emily Jimin (59152226100); Park, Soohyun (59925406700)","59925166600; 60112378200; 59152226100; 59925406700","Dynamic Multi-Pqc Quantum Convolutional Neural Network for Real-Time Pothole Detection: Invited Paper","2025","IEEE Workshop on Signal Processing Advances in Wireless Communications, SPAWC","","","","","","0","10.1109/SPAWC66079.2025.11143329","https://www.scopus.com/pages/publications/105016906908?origin=resultslist","Conference paper","Final","","Scopus","2-s2.0-105016906908"
"Prasad S.V.S.; Rao B.C.; Rao M.K.; Kumar K.R.; Vara Prasad S.D.; Ramesh C.","Prasad, S.V.S. (57158323400); Rao, B. Chinna (58105037500); Rao, M. Koteswara (58630474900); Kumar, K. Ravi (58711885500); Vara Prasad, Srisailapu D. (57201692869); Ramesh, Chappa (57220010865)","57158323400; 58105037500; 58630474900; 58711885500; 57201692869; 57220010865","Medical image segmentation using an optimized three-tier quantum convolutional neural network trained with hybrid optimization approach","2024","Multimedia Tools and Applications","83","13","","38083","38108","12","10.1007/s11042-023-16980-9","https://www.scopus.com/pages/publications/85173109532?origin=resultslist","Article","Final","","Scopus","2-s2.0-85173109532"
"Campanile L.; Castaldo M.; Marrone S.; Napoli F.","Campanile, Lelio (57207770179); Castaldo, Mariarosaria (60002461800); Marrone, Stefano (60364232400); Napoli, Fabio (59309028400)","57207770179; 60002461800; 60364232400; 59309028400","Comparing Emerging and Hybrid Quantum–Kolmogorov Architectures for Image Classification †","2026","Computers","15","1","65","","","1","10.3390/computers15010065","https://www.scopus.com/pages/publications/105028792038?origin=resultslist","Article","Final","All Open Access; Gold Open Access; Green Open Access","Scopus","2-s2.0-105028792038"
"Wu Q.; Liu W.; Li X.; Su Z.; Lei J.","Wu, QingShan (57221306094); Liu, WenJie (55723562200); Li, XinRan (59672371900); Su, Zhaofeng (57192430486); Lei, Jian (60024969400)","57221306094; 55723562200; 59672371900; 57192430486; 60024969400","A multi-topology quantum convolutional neural network with qubit-measurement attention for image classification","2025","Engineering Applications of Artificial Intelligence","160","","111705","","","2","10.1016/j.engappai.2025.111705","https://www.scopus.com/pages/publications/105012245827?origin=resultslist","Article","Final","","Scopus","2-s2.0-105012245827"
"Orka N.A.; Haque E.; Awal M.A.; Moni M.A.","Orka, Nabil Anan (57864036200); Haque, Ehtashamul (57361742900); Awal, Md. Abdul (60516780500); Moni, Mohammad Ali (35119094400)","57864036200; 57361742900; 60516780500; 35119094400","Fully Quanvolutional Networks for Time Series Classification","2025","Proceedings of the ACM SIGKDD International Conference on Knowledge Discovery and Data Mining","2","","","2210","2221","2","10.1145/3711896.3736972","https://www.scopus.com/pages/publications/105014316288?origin=resultslist","Conference paper","Final","All Open Access; Gold Open Access; Green Open Access","Scopus","2-s2.0-105014316288"
"Zaman K.; Ahmed T.; Hanif M.A.; Marchisio A.; Shafique M.","Zaman, Kamila (58666447100); Ahmed, Tasnim (59027432900); Hanif, Muhammad Abdullah (58704103400); Marchisio, Alberto (57204639484); Shafique, Muhammad (17435669500)","58666447100; 59027432900; 58704103400; 57204639484; 17435669500","A Comparative Analysis of Hybrid-Quantum Classical Neural Networks","2025","Communications in Computer and Information Science","2257 CCIS","","","102","115","11","10.1007/978-3-031-85884-0_9","https://www.scopus.com/pages/publications/105002372531?origin=resultslist","Conference paper","Final","","Scopus","2-s2.0-105002372531"
"Pulicherla R.; Namineni G.","Pulicherla, Rajyalakshmi (60684806100); Namineni, Gireesh (60684500600)","60684806100; 60684500600","A Quantum CNN Approach for MRI Based Multi-Class Brain Tumor Classification","2026","Proceedings - IEEE Madhya Pradesh Section Conference, MPCON 2026","","","","242","246","0","10.1109/MPCON69668.2026.11508296","https://www.scopus.com/pages/publications/105041459867?origin=resultslist","Conference paper","Final","","Scopus","2-s2.0-105041459867"
"Ceschini A.; Carbone A.; Sebastianelli A.; Panella M.; Le Saux B.","Ceschini, Andrea (57263921600); Carbone, Andrea (57226393409); Sebastianelli, Alessandro (57202958220); Panella, Massimo (57193363407); Le Saux, Bertrand (6506307016)","57263921600; 57226393409; 57202958220; 57193363407; 6506307016","On hybrid quanvolutional neural networks optimization","2025","Quantum Machine Intelligence","7","1","18","","","7","10.1007/s42484-025-00241-z","https://www.scopus.com/pages/publications/85218245667?origin=resultslist","Article","Final","All Open Access; Green Open Access; Hybrid Gold Open Access","Scopus","2-s2.0-85218245667"
"Mahendra H.N.; Pushpalatha V.; Mallikarjunaswamy S.; Sardar T.H.; Subramoniam S.R.","Mahendra, H.N. (57211904590); Pushpalatha, V. (57203985756); Mallikarjunaswamy, S. (57911819400); Sardar, Tanvir Habib (56121754300); Subramoniam, S. Rama (60592375300)","57211904590; 57203985756; 57911819400; 56121754300; 60592375300","Hybrid quantum–classical convolutional neural network for multitemporal urban sprawl analysis using remote sensing data","2026","Spatial Information Research","34","3","26","","","0","10.1007/s41324-026-00687-8","https://www.scopus.com/pages/publications/105036425475?origin=resultslist","Article","Final","","Scopus","2-s2.0-105036425475"
"Kalshetty R.; Manish S.M.; Kotagi S.; Desai V.","Kalshetty, Rakesh (57221608565); Manish, S.M. (58937706000); Kotagi, Shashank (60422674700); Desai, Vishwas (60422106100)","57221608565; 58937706000; 60422674700; 60422106100","A Critical Benchmark of Hybrid Quantum-Classical Graph Neural Networks for Molecular Property Prediction: Revealing Performance Bottlenecks in Current Architectures","2025","2025 9th International Conference on Computational System and Information Technology for Sustainable Solutions, CSITSS 2025","","","","","","0","10.1109/CSITSS67709.2025.11294553","https://www.scopus.com/pages/publications/105031369307?origin=resultslist","Conference paper","Final","","Scopus","2-s2.0-105031369307"
"Yadav A.; Sridevi S.; Prassana Kumar R.; Balachandran S.","Yadav, Abhivyakti (58834183500); Sridevi, S. (57212980397); Prassana Kumar, R. (58196810600); Balachandran, S. (57219605467)","58834183500; 57212980397; 58196810600; 57219605467","Hybrid Quantum-Classical Convolutional Neural Network for Allen Telescope SETI image Classification","2023","2023 14th International Conference on Computing Communication and Networking Technologies, ICCCNT 2023","","","","","","5","10.1109/ICCCNT56998.2023.10308102","https://www.scopus.com/pages/publications/85179848663?origin=resultslist","Conference paper","Final","","Scopus","2-s2.0-85179848663"
"Prasannablessy M.; Jeslin Benita Ponnarasi M.; Rini Angeline Vinshia J.; Nandhini D.; Pooja S.; Divya R.","Prasannablessy, M. (58893802400); Jeslin Benita Ponnarasi, M. (60635910900); Rini Angeline Vinshia, J. (60635911000); Nandhini, D. (57219991287); Pooja, S. (60636325700); Divya, R. (59644743700)","58893802400; 60635910900; 60635911000; 57219991287; 60636325700; 59644743700","Revolutionizing attack detection in healthcare WSNs with stereoscopic scalable quantum convolutional neural networks","2026","Information Security Journal","","","","","","0","10.1080/19393555.2026.2652332","https://www.scopus.com/pages/publications/105038874744?origin=resultslist","Article","Article in press","","Scopus","2-s2.0-105038874744"
"Hong Z.; Wang J.; Qu X.; Zhu X.; Liu J.; Xiao J.","Hong, Zhenhou (57212529430); Wang, Jianzong (57261367700); Qu, Xiaoyang (57188590785); Zhu, Xinghua (57212533289); Liu, Jie (56076810200); Xiao, Jing (57190986110)","57212529430; 57261367700; 57188590785; 57212533289; 56076810200; 57190986110","Quantum Convolutional Neural Network on Protein Distance Prediction","2021","Proceedings of the International Joint Conference on Neural Networks","2021-July","","","","","15","10.1109/IJCNN52387.2021.9533405","https://www.scopus.com/pages/publications/85116413472?origin=resultslist","Conference paper","Final","","Scopus","2-s2.0-85116413472"
"Mishra S.; Tsai C.-Y.","Mishra, Shraddha (57678094800); Tsai, Chi-Yi (57208588219)","57678094800; 57208588219","QSurfNet: a hybrid quantum convolutional neural network for surface defect recognition","2023","Quantum Information Processing","22","5","179","","","13","10.1007/s11128-023-03930-5","https://www.scopus.com/pages/publications/85156213802?origin=resultslist","Article","Final","","Scopus","2-s2.0-85156213802"
"Sivakumar S.; Arunachalam K.P.; Elangovan M.; Tamma R.K.","Sivakumar, Soubraylu (57203196510); Arunachalam, Krishna Prakash (59698472600); Elangovan, M. (58932079700); Tamma, Ratna Kumari (59407074700)","57203196510; 59698472600; 58932079700; 59407074700","Bone Cancer Detection in X-Ray Images Using Latent Equivariant Quantum Convolutional Networks with Atomic Orbital Search Optimization","2026","International Journal of Image and Graphics","","","2750095","","","0","10.1142/S0219467827500951","https://www.scopus.com/pages/publications/105029127900?origin=resultslist","Article","Article in press","","Scopus","2-s2.0-105029127900"
"Su J.; You K.; Xu Z.; Xu W.; He Z.","Su, Jiahao (59314762800); You, Kang (58034999500); Xu, Zekai (59194068700); Xu, Weizhi (36626534800); He, Zhezhi (57194287525)","59314762800; 58034999500; 59194068700; 36626534800; 57194287525","Obtaining Optimal Spiking Neural Network in Sequence Learning via CRNN-SNN Conversion","2024","Lecture Notes in Computer Science (including subseries Lecture Notes in Artificial Intelligence and Lecture Notes in Bioinformatics)","15025 LNCS","","","392","406","0","10.1007/978-3-031-72359-9_29","https://www.scopus.com/pages/publications/85205373888?origin=resultslist","Conference paper","Final","","Scopus","2-s2.0-85205373888"
"Rezaei P.; Rahgozar B.; Khan M.S.; Yadollahi M.; Saberikamarposhti M.","Rezaei, Paria (60521586800); Rahgozar, Behnaz (60502544200); Khan, Mohammad Shadab (60683597100); Yadollahi, Mehdi (57038641700); Saberikamarposhti, Morteza (55190013000)","60521586800; 60502544200; 60683597100; 57038641700; 55190013000","Quantum Machine Learning for Cyber Threat Intelligence: A Scoping Review of Current Capabilities and Future Directions","2026","Proceedings of the International Colloquium on Signal Processing and Its Applications, CSPA","2026-May","2026","","260","265","0","10.1109/CSPA68262.2026.11517902","https://www.scopus.com/pages/publications/105041321534?origin=resultslist","Conference paper","Final","","Scopus","2-s2.0-105041321534"
"Chen H.; Wang C.; Du J.; Yang C.-H.H.; Qi J.","Chen, Hang (58113784400); Wang, Chang (58026091900); Du, Jun (18041858900); Yang, Chao-Han Huck (57212483912); Qi, Jun (57214261512)","58113784400; 58026091900; 18041858900; 57212483912; 57214261512","Projection Valued-based Quantum Machine Learning Adapting to Differential Privacy Algorithm for Word-level Lipreading","2025","ICASSP, IEEE International Conference on Acoustics, Speech and Signal Processing - Proceedings","","","","","","0","10.1109/ICASSP49660.2025.10890305","https://www.scopus.com/pages/publications/105009591946?origin=resultslist","Conference paper","Final","","Scopus","2-s2.0-105009591946"
"Izhari S.I.; Syafalni I.; Maulidevi N.U.; Mulyawan R.","Izhari, Shidqi Indy (60557671400); Syafalni, Infall (36083609700); Maulidevi, Nur Ulfa (24765228900); Mulyawan, Rahmat (36987136000)","60557671400; 36083609700; 24765228900; 36987136000","Data Augmentation Effectiveness Analysis on Improving QCNN Algorithm Performance","2025","2025 International Symposium on Intelligent Signal Processing and Communication Systems, ISPACS 2025","","","","","","0","10.1109/ISPACS68724.2025.11383288","https://www.scopus.com/pages/publications/105034713359?origin=resultslist","Conference paper","Final","","Scopus","2-s2.0-105034713359"
"Rahman R.; Nguyen D.C.","Rahman, Ratun (57672173800); Nguyen, Dinh C. (57209297656)","57672173800; 57209297656","Quantum Convolutional Neural Networks: A Survey on Architectures, Applications, and Future Directions","2026","IEEE Transactions on Neural Networks and Learning Systems","","","","","","0","10.1109/TNNLS.2026.3677762","https://www.scopus.com/pages/publications/105034871085?origin=resultslist","Article","Article in press","","Scopus","2-s2.0-105034871085"
"Rahim M.T.; Ali A.; Alam T.","Rahim, Muhammad Talha (58867238100); Ali, Asad (60398506900); Alam, Tanvir (56188785000)","58867238100; 60398506900; 56188785000","Hybrid Quantum-Classical Neural Network for Breast Cancer Detection","2025","2025 International Conference on Data Science and Its Applications, ICoDSA 2025","","","","1256","1260","1","10.1109/ICoDSA67155.2025.11157288","https://www.scopus.com/pages/publications/105018038493?origin=resultslist","Conference paper","Final","","Scopus","2-s2.0-105018038493"
"Ruiz J.C.; De Andrés D.; Saiz-Adalid L.J.; Gracia-Morán J.","Ruiz, Juan Carlos (35729380700); De Andrés, David (8888202800); Saiz-Adalid, Luis José (36473648600); Gracia-Morán, Joaquín (36473412500)","35729380700; 8888202800; 36473648600; 36473412500","Towards SW-Based Robustness Assessment of HW Accelerators for Quantized CNNs","2025","Proceedings - 2025 20th European Dependable Computing Conference Companion Proceedings, EDCC-C 2025","","","","22","25","0","10.1109/EDCC-C66476.2025.00021","https://www.scopus.com/pages/publications/105017746218?origin=resultslist","Conference paper","Final","","Scopus","2-s2.0-105017746218"
"Minu R.I.; Margala M.; Shankar S.S.; Chakrabarti P.; Nagarajan G.","Minu, R.I. (55445341200); Margala, Martin (7003531052); Shankar, S. Siva (55745026000); Chakrabarti, Prasun (36717325200); Nagarajan, G. (36933359700)","55445341200; 7003531052; 55745026000; 36717325200; 36933359700","Early-stage esophageal cancer detection using hybrid quantum CNN","2023","Soft Computing","","","","","","53","10.1007/s00500-023-08333-3","https://www.scopus.com/pages/publications/85158151412?origin=resultslist","Article","Article in press","","Scopus","2-s2.0-85158151412"
"Wu W.; Zhang Y.","Wu, Wanqing (56162544600); Zhang, Yuxiang (60225883900)","56162544600; 60225883900","Hybrid quantum inception-inspired convolutional neural network for image classification","2025","Journal of Supercomputing","81","18","1629","","","2","10.1007/s11227-025-08119-4","https://www.scopus.com/pages/publications/105023954659?origin=resultslist","Article","Final","","Scopus","2-s2.0-105023954659"
"Shi X.; Tian Y.; Li Y.; Jiang W.; Fu L.; Wu X.; Cui X.; Niu W.","Shi, Xiangyu (57818753800); Tian, Yunzhe (57221045656); Li, Yike (57217875415); Jiang, Weiwei (57188758602); Fu, Leyu (60588906700); Wu, Xingyu (57742592800); Cui, Xiaoshu (59074547800); Niu, Wenjia (25028470300)","57818753800; 57221045656; 57217875415; 57188758602; 60588906700; 57742592800; 59074547800; 25028470300","Enhancing adversarial robustness of neural networks via quantum computing","2026","Future Generation Computer Systems","183","","108542","","","0","10.1016/j.future.2026.108542","https://www.scopus.com/pages/publications/105036177717?origin=resultslist","Article","Final","","Scopus","2-s2.0-105036177717"
"Kim S.-H.","Kim, Seong-Heui (56734636800)","56734636800","An Exploratory Statistical Analysis of South Korean Nurse Migration Determinants from Aggregated Data","2026","International Journal for Global Academic and Scientific Research","5","2","","160","187","0","10.55938/ijgasr.v5i2.414","https://www.scopus.com/pages/publications/105041030166?origin=resultslist","Article","Final","All Open Access; Gold Open Access","Scopus","2-s2.0-105041030166"
"Choi J.; Hur T.; Park D.K.; Shin N.-Y.; Lee S.-K.; Lee H.; Han S.","Choi, Junggu (57203729565); Hur, Tak (57226888332); Park, Daniel K. (55361200600); Shin, Na-Young (56363572300); Lee, Seung-Koo (26651839600); Lee, Hakbae (8929332800); Han, Sanghoon (55487826100)","57203729565; 57226888332; 55361200600; 56363572300; 26651839600; 8929332800; 55487826100","Early-stage detection of cognitive impairment by hybrid quantum-classical algorithm using resting-state functional MRI time-series","2025","Knowledge-Based Systems","310","","112922","","","13","10.1016/j.knosys.2024.112922","https://www.scopus.com/pages/publications/85213279881?origin=resultslist","Article","Final","","Scopus","2-s2.0-85213279881"
"Rivas P.; Orduz J.; Jui T.D.; DeCusatis C.; Khanal B.","Rivas, Pablo (57207780751); Orduz, Javier (57406828700); Jui, Tonni Das (58064537000); DeCusatis, Casimer (7004480257); Khanal, Bikram (57795523900)","57207780751; 57406828700; 58064537000; 7004480257; 57795523900","Quantum-Enhanced Representation Learning: A Quanvolutional Autoencoder Approach against DDoS Threats","2024","Machine Learning and Knowledge Extraction","6","2","","944","964","8","10.3390/make6020044","https://www.scopus.com/pages/publications/85196822097?origin=resultslist","Article","Final","All Open Access; Gold Open Access; Green Open Access","Scopus","2-s2.0-85196822097"
"Kumari M.; Ray K.; Mallik S.; Li A.","Kumari, Madhulata (56597592700); Ray, Kanad (56096277100); Mallik, Saurav (56213777000); Li, Aimin (54389661600)","56597592700; 56096277100; 56213777000; 54389661600","A Hybrid Quantum Convolutional Neural Network Model for Detecting Covid-19 from Chest Radiographs Images","2026","Lecture Notes in Networks and Systems","1588 LNNS","","","325","337","0","10.1007/978-981-95-1069-6_23","https://www.scopus.com/pages/publications/105023587359?origin=resultslist","Conference paper","Final","","Scopus","2-s2.0-105023587359"
"Kumari M.; Ray K.; Lugo J.E.; Faubert J.; Misaghian K.","Kumari, Madhulata (56597592700); Ray, Kanad (56096277100); Lugo, Jesus Eduardo (7004366848); Faubert, Jocelyn (7003902219); Misaghian, Khashayar (57563956400)","56597592700; 56096277100; 7004366848; 7003902219; 57563956400","Variational Quantum Circuit-Based Convolutional Neural Network Binary Image Classification Model to Detect Acute Myeloid Leukemia Blood Cancer","2026","Lecture Notes in Networks and Systems","1588 LNNS","","","519","531","0","10.1007/978-981-95-1069-6_37","https://www.scopus.com/pages/publications/105023589899?origin=resultslist","Conference paper","Final","","Scopus","2-s2.0-105023589899"
"Eze L.; Chaudhry U.B.; Jahankhani H.","Eze, Lauren (59867392900); Chaudhry, Umair B. (57361970100); Jahankhani, Hamid (55970576100)","59867392900; 57361970100; 55970576100","Quantum-Enhanced Machine Learning for Cybersecurity: Evaluating Malicious URL Detection","2025","Electronics (Switzerland)","14","9","1827","","","15","10.3390/electronics14091827","https://www.scopus.com/pages/publications/105004852638?origin=resultslist","Article","Final","All Open Access; Gold Open Access","Scopus","2-s2.0-105004852638"
"Golchha R.; Sahu M.; Bhateja V.","Golchha, Roopa (58306732700); Sahu, Mridu (56500146900); Bhateja, Vikrant (42960891300)","58306732700; 56500146900; 42960891300","Quantum-based deep learning method for recognition of facial expressions","2025","Neural Computing and Applications","37","16","","10163","10173","3","10.1007/s00521-024-10968-8","https://www.scopus.com/pages/publications/105000076423?origin=resultslist","Article","Final","","Scopus","2-s2.0-105000076423"
"Lopez J.; Nowmi S.R.; Cadena V.; Rahman M.S.","Lopez, Jesus (60034564100); Nowmi, Saeefa Rubaiyet (59236962800); Cadena, Viviana (60034564200); Rahman, Mohammad Saidur (57212104002)","60034564100; 59236962800; 60034564200; 57212104002","Towards Quantum Machine Learning for Malicious Code Analysis","2025","Proceedings - IEEE Quantum Week 2025, QCE 2025","2","","","211","216","0","10.1109/QCE65121.2025.10321","https://www.scopus.com/pages/publications/105030109040?origin=resultslist","Conference paper","Final","","Scopus","2-s2.0-105030109040"
"Dinesh G.; Varatharajan N.; Tamilselvi M.; Basker N.; Abinaya A.; Ramya R.","Dinesh, G. (56736708600); Varatharajan, N. (56514056600); Tamilselvi, M. (56878915200); Basker, N. (49361103000); Abinaya, A. (58964688600); Ramya, R. (57224842259)","56736708600; 56514056600; 56878915200; 49361103000; 58964688600; 57224842259","Quantum Neural Network Approach for Early Detection of Breast Cancer","2025","2025 IEEE 6th Global Conference for Advancement in Technology, GCAT 2025","","","","","","0","10.1109/GCAT66372.2025.11368368","https://www.scopus.com/pages/publications/105034258783?origin=resultslist","Conference paper","Final","","Scopus","2-s2.0-105034258783"
"Maurya R.; Tripathi S.","Maurya, Ravikant (58515838500); Tripathi, Sarsij (57205906179)","58515838500; 57205906179","Image Classification using Quantum Convolutional Neural Network","2023","Proceedings of 2023 International Conference on Signal Processing, Computation, Electronics, Power and Telecommunication, IConSCEPT 2023","","","","","","2","10.1109/IConSCEPT57958.2023.10170712","https://www.scopus.com/pages/publications/85166378773?origin=resultslist","Conference paper","Final","","Scopus","2-s2.0-85166378773"
"Yan S.; Zhang J.; Parvej M.M.; Zhang T.","Yan, Siyao (58569566300); Zhang, Jing (57207935994); Parvej, Mosharaf Md (58569460300); Zhang, Tianchi (7404373647)","58569566300; 57207935994; 58569460300; 7404373647","Sea Drift Trajectory Prediction Based on Quantum Convolutional Long Short-Term Memory Model","2023","Applied Sciences (Switzerland)","13","17","9969","","","8","10.3390/app13179969","https://www.scopus.com/pages/publications/85170395408?origin=resultslist","Article","Final","All Open Access; Gold Open Access; Green Open Access","Scopus","2-s2.0-85170395408"
"Babu G.S.; Sathwika M.L.; Yamuna V.; Sahithi K.; Rohith N.; Abhishek P.","Babu, G. Stalin (58921565600); Sathwika, M. Lakshmi (60571478300); Yamuna, V. (59255220700); Sahithi, K. (58921807400); Rohith, N. (60687966500); Abhishek, P. (58940166900)","58921565600; 60571478300; 59255220700; 58921807400; 60687966500; 58940166900","Hybrid Quantum Convolutional Neural Networks for Enhanced Diabetic Retinopathy Detection","2025","2025 4th OPJU International Technology Conference on Smart Computing for Innovation and Advancement in Industry 5.0, OTCON 2025","","","","","","0","10.1109/OTCON65728.2025.11070674","https://www.scopus.com/pages/publications/105012114253?origin=resultslist","Conference paper","Final","","Scopus","2-s2.0-105012114253"
"Suggala R.K.; Kumari K.; Gayathri M.; Sree K.D.N.; Gayathri N.; Kadali S.","Suggala, Ravi Kumar (57577398800); Kumari, Khushi (60162332600); Gayathri, Mathi (60162413100); Sree, Koppisetti Deepika Naga (60162467100); Gayathri, Nekkalapudi (60162332700); Kadali, Suma (60162496100)","57577398800; 60162332600; 60162413100; 60162467100; 60162332700; 60162496100","Stereoscopic Scalable Quantum Convolutional Neural Networks with Banyan Tree Growth Optimization for Predicting IoT Security Attacks by Mirai Malware","2026","Lecture Notes in Networks and Systems","1465 LNNS","","","331","340","0","10.1007/978-981-96-7517-3_28","https://www.scopus.com/pages/publications/105020244602?origin=resultslist","Conference paper","Final","","Scopus","2-s2.0-105020244602"
"Reejisha R.A.S.; Mohan A.","Reejisha, R.A.S. (58655673300); Mohan, Anuraj (57193274782)","58655673300; 57193274782","Improving Image Classification with Quantum Neural Network","2023","2023 International Conference on Computer, Electronics and Electrical Engineering and their Applications, IC2E3 2023","","","","","","4","10.1109/IC2E357697.2023.10262740","https://www.scopus.com/pages/publications/85174499059?origin=resultslist","Conference paper","Final","","Scopus","2-s2.0-85174499059"
"Kakulapati V.; Reddy K.M.; Teja T.S.; Chandan D.H.","Kakulapati, V. (55407969700); Reddy, K. Manoj (60633149000); Teja, T. Surya (60540888100); Chandan, D. Hari (60632998000)","55407969700; 60633149000; 60540888100; 60632998000","Quantum-CNN Synergy: Redefining Early Prediction of Pancreatic Cancer","2026","Lecture Notes in Networks and Systems","1838 LNNS","","","80","90","0","10.1007/978-3-032-18346-0_9","https://www.scopus.com/pages/publications/105039232297?origin=resultslist","Conference paper","Final","","Scopus","2-s2.0-105039232297"
"Venkatesh B.; Nagajyothi D.; Kumar P.D.; Teja K.R.","Venkatesh, B. (57832458200); Nagajyothi, D. (57219333438); Kumar, P. Dheeraj (59137266200); Teja, K. Ravi (58066560700)","57832458200; 57219333438; 59137266200; 58066560700","Real-Time Sign Language Translation System using QCNN for Enhanced Accessibility","2025","Proceedings of 8th International Conference on Inventive Computation Technologies, ICICT 2025","","","","784","788","1","10.1109/ICICT64420.2025.11004846","https://www.scopus.com/pages/publications/105007414017?origin=resultslist","Conference paper","Final","","Scopus","2-s2.0-105007414017"
"Gohel P.; Chakraborty A.; Jv K.R.","Gohel, Prashant (57226178965); Chakraborty, Amit (57208238611); Jv, Kameshwar Rao (57821098100)","57226178965; 57208238611; 57821098100","Organ classification Using Quantum Convolution Network","2022","Proceedings - 2022 IEEE International Conference on Quantum Computing and Engineering, QCE 2022","","","","831","832","9","10.1109/QCE53715.2022.00134","https://www.scopus.com/pages/publications/85143641284?origin=resultslist","Conference paper","Final","","Scopus","2-s2.0-85143641284"
"Yurtseven E.","Yurtseven, Ece (60259200100)","60259200100","Parallel Multi-Circuit Quantum Feature Fusion in Hybrid Quantum-Classical Convolutional Neural Networks for Breast Tumor Classification","2026","Proceedings - 2026 International Conference on Quantum Communications, Networking, and Computing, QCNC 2026","","","","1014","1020","0","10.1109/QCNC69040.2026.00172","https://www.scopus.com/pages/publications/105040806221?origin=resultslist","Conference paper","Final","All Open Access; Green Open Access","Scopus","2-s2.0-105040806221"
"Miller L.; Uehara G.; Sharma A.; Spanias A.","Miller, Leslie (58499225700); Uehara, Glen (57303046500); Sharma, Aradhita (58001176700); Spanias, Andreas (7006177932)","58499225700; 57303046500; 58001176700; 7006177932","Quantum Machine Learning for Optical and SAR Classification","2023","International Conference on Digital Signal Processing, DSP","2023-June","","","","","8","10.1109/DSP58604.2023.10167979","https://www.scopus.com/pages/publications/85165453348?origin=resultslist","Conference paper","Final","","Scopus","2-s2.0-85165453348"
"Amara M.; Amara M.; Mnasri S.; Val T.","Amara, Marwen (60227587500); Amara, Marwa (56441167200); Mnasri, Sami (56418283100); Val, Thierry (6602458011)","60227587500; 56441167200; 56418283100; 6602458011","QCNN-ID: A Quantum-Classical Hybrid Model for IoT Intrusion Detection","2025","Procedia Computer Science","270","","","2196","2204","2","10.1016/j.procs.2025.09.340","https://www.scopus.com/pages/publications/105024066875?origin=resultslist","Conference paper","Final","All Open Access; Gold Open Access","Scopus","2-s2.0-105024066875"
"Liang Q.; Wang W.; Yu J.; Bao F.","Liang, Qiuyu (58954604500); Wang, Weihua (57142700300); Yu, Jie (57209187003); Bao, Feilong (35316983400)","58954604500; 57142700300; 57209187003; 35316983400","Effective Knowledge Graph Embedding with Quaternion Convolutional Networks","2025","Lecture Notes in Computer Science (including subseries Lecture Notes in Artificial Intelligence and Lecture Notes in Bioinformatics) ","15361 LNAI","","","183","196","3","10.1007/978-981-97-9437-9_15","https://www.scopus.com/pages/publications/85210080101?origin=resultslist","Conference paper","Final","","Scopus","2-s2.0-85210080101"
"Guo Y.; Wang Y.; Li X.; Li M.; Wang C.","Guo, Yiming (60434816800); Wang, Yanxue (36615986500); Li, Xinming (58543612500); Li, Meng (57222424744); Wang, Chengming (59477729000)","60434816800; 36615986500; 58543612500; 57222424744; 59477729000","QConvCDFA: A cross-domain fault detection model based on quadratic CNN and contrast-driven feature aggregation","2026","Applied Soft Computing","194","","114938","","","0","10.1016/j.asoc.2026.114938","https://www.scopus.com/pages/publications/105031773851?origin=resultslist","Article","Final","","Scopus","2-s2.0-105031773851"
"Guo Z.; Huang C.; Ding W.; Ma H.","Guo, Zijun (60046539300); Huang, Chenhao (60353615100); Ding, Wei (60046391800); Ma, Hongyang (55972638900)","60046539300; 60353615100; 60046391800; 55972638900","Symmetry-constrained QCNN for few-shot learning with polylogarithmic generalization bounds","2026","Quantum Information Processing","25","2","42","","","0","10.1007/s11128-026-05071-x","https://www.scopus.com/pages/publications/105028679686?origin=resultslist","Article","Final","","Scopus","2-s2.0-105028679686"
"Rajesh V.; Naik U.P.; Mohana","Rajesh, Varadi (57331123800); Naik, Umesh Parameshwar (57330747700); Mohana (57113679700)","57331123800; 57330747700; 57113679700","Quantum Convolutional Neural Networks (QCNN) Using Deep Learning for Computer Vision Applications","2021","2021 6th International Conference on Recent Trends on Electronics, Information, Communication and Technology, RTEICT 2021","","","","728","734","74","10.1109/RTEICT52294.2021.9574030","https://www.scopus.com/pages/publications/85118916101?origin=resultslist","Conference paper","Final","","Scopus","2-s2.0-85118916101"
"Yifan M.","Yifan, Ma (60449469600)","60449469600","Privacy protection and acceleration algorithms of quantum convolutional neural networks for big data","2026","Proceedings of SPIE - The International Society for Optical Engineering","14061","","140610E","","","0","10.1117/12.3107647","https://www.scopus.com/pages/publications/105032189582?origin=resultslist","Conference paper","Final","","Scopus","2-s2.0-105032189582"
"Kim A.","Kim, Anthony (58769020600)","58769020600","Hybrid Quantum-Classical Neural Network for Diagnosis of Autism Spectrum Disorder","2024","Proceedings - IEEE Quantum Week 2024, QCE 2024","2","","","446","447","1","10.1109/QCE60285.2024.10348","https://www.scopus.com/pages/publications/85217173750?origin=resultslist","Conference paper","Final","","Scopus","2-s2.0-85217173750"
"Vithal M.; Varshney A.; Jain B.","Vithal, Muskaan (60153307500); Varshney, Astha (60153363300); Jain, Bhawna (57209089445)","60153307500; 60153363300; 57209089445","NeuroQ: A Quantum Learning Approach for ADHD Detection from EEG Signals","2026","Lecture Notes in Networks and Systems","1725 LNNS","","","41","53","0","10.1007/978-3-032-10940-8_4","https://www.scopus.com/pages/publications/105028362863?origin=resultslist","Conference paper","Final","","Scopus","2-s2.0-105028362863"
"Pragadeeswaran S.; Kannimuthu S.","Pragadeeswaran, S. (58627718500); Kannimuthu, S. (37114593300)","58627718500; 37114593300","An Adaptive Intelligent Polar Bear (AIPB) Optimization-Quantized Contempo Neural Network (QCNN) model for Parkinson's disease diagnosis using speech dataset","2024","Biomedical Signal Processing and Control","87","","105467","","","21","10.1016/j.bspc.2023.105467","https://www.scopus.com/pages/publications/85172916499?origin=resultslist","Article","Final","","Scopus","2-s2.0-85172916499"
"Lopez D.A.; Montiel O.; Lopez-Montiel M.; Castillo O.","Lopez, Daniel Alejandro (58317985400); Montiel, Oscar (58289234600); Lopez-Montiel, Miguel (57212031562); Castillo, Oscar (7007101709)","58317985400; 58289234600; 57212031562; 7007101709","Quantum computing meets skin cancer diagnosis","2023","Proceedings of SPIE - The International Society for Optical Engineering","12673","","126730J","","","3","10.1117/12.2675446","https://www.scopus.com/pages/publications/85176432315?origin=resultslist","Conference paper","Final","","Scopus","2-s2.0-85176432315"
"Kanna H.P.; Goriparthi P.; Rajasekhar K.S.; Kolusu A.","Kanna, Harshitha Prasanthi (60609085700); Goriparthi, Prathibha (60608828800); Rajasekhar, K.S. (57212215887); Kolusu, Aishwarya (60608957900)","60609085700; 60608828800; 57212215887; 60608957900","Performance Evaluation of Quantum Encoding Techniques in QCNN for Bone Marrow Cell Classification","2026","Proceeding of International Conference on Computing, Communication, Control and Cyber-Physical Systems, I5CPS 2026","","","","","","0","10.1109/I5CPS67958.2026.11452422","https://www.scopus.com/pages/publications/105037432678?origin=resultslist","Conference paper","Final","","Scopus","2-s2.0-105037432678"
"Swathi M.; Regunathan R.","Swathi, M. (57216585823); Regunathan, Rajeshkannan (57195509570)","57216585823; 57195509570","Speech organ disease classification using bidirectional block self-adaptive attention mechanism enabled quantum convolutional neural network","2025","Journal of Supercomputing","81","14","1334","","","2","10.1007/s11227-025-07800-y","https://www.scopus.com/pages/publications/105016327374?origin=resultslist","Article","Final","","Scopus","2-s2.0-105016327374"
"Kim J.; Roh E.J.; Im C.; Park S.","Kim, Joongheon (8866990900); Roh, Emily Jimin (59152226100); Im, Chaemoon (59553475700); Park, Soohyun (59925406700)","8866990900; 59152226100; 59553475700; 59925406700","Quantum-Eyes: Scalable Quantum Convolutional Neural Networks for Low-Overhead Object Detection [Research Frontier]","2025","IEEE Computational Intelligence Magazine","20","3","","63","74","0","10.1109/MCI.2025.3570272","https://www.scopus.com/pages/publications/105011184822?origin=resultslist","Article","Final","","Scopus","2-s2.0-105011184822"
"Rani S.J.; Santhakumar D.","Rani, S. Jamuna (59697572400); Santhakumar, D. (57218477428)","59697572400; 57218477428","Harnessing Quantum Convolutional Neural Networks for Enhanced Coverage Hole Detection and Efficient Routing in Iot-Assisted Wsns","2025","2025 3rd International Conference on Communication, Security, and Artificial Intelligence, ICCSAI 2025","","","","740","746","0","10.1109/ICCSAI64074.2025.11063776","https://www.scopus.com/pages/publications/105012125490?origin=resultslist","Conference paper","Final","","Scopus","2-s2.0-105012125490"
"Pravin S.C.; Rohith G.; Kiruthika V.; Manikandan E.; Methelesh S.; Manoj A.","Pravin, Sheena Christabel (57219780650); Rohith, G. (57217188288); Kiruthika, V. (56125603800); Manikandan, E. (57199646510); Methelesh, S. (58773807400); Manoj, A. (58646956400)","57219780650; 57217188288; 56125603800; 57199646510; 58773807400; 58646956400","Underwater Animal Identification and Classification Using a Hybrid Classical-Quantum Algorithm","2023","IEEE Access","11","","","141902","141914","14","10.1109/ACCESS.2023.3343120","https://www.scopus.com/pages/publications/85180279835?origin=resultslist","Article","Final","All Open Access; Gold Open Access; Green Open Access","Scopus","2-s2.0-85180279835"
"Roy S.K.; Rudra B.","Roy, Suman Kumar (57217703683); Rudra, Bhawana (54918823200)","57217703683; 54918823200","Quantum-inspired hybrid algorithm for image classification and segmentation: Q-Means++ max-cut method","2024","International Journal of Imaging Systems and Technology","34","1","e23015","","","5","10.1002/ima.23015","https://www.scopus.com/pages/publications/85181682401?origin=resultslist","Article","Final","","Scopus","2-s2.0-85181682401"
"Mukhanbet A.; Daribayev B.","Mukhanbet, Aksultan (57214259277); Daribayev, Beimbet (57191892577)","57214259277; 57191892577","A Hybrid Quantum–Classical Architecture with Data Re-Uploading and Genetic Algorithm Optimization for Enhanced Image Classification","2025","Computation","13","8","185","","","1","10.3390/computation13080185","https://www.scopus.com/pages/publications/105014501491?origin=resultslist","Article","Final","All Open Access; Gold Open Access; Green Open Access","Scopus","2-s2.0-105014501491"
"Jhansi Rani C.; Devarakonda N.","Jhansi Rani, Challapalli (57870952400); Devarakonda, Nagaraju (54999915100)","57870952400; 54999915100","Generative adversarial network based data augmentation and quantum based convolution neural network for the classification of Indian classical dance forms","2023","Journal of Intelligent and Fuzzy Systems","45","4","","6107","6125","4","10.3233/JIFS-231183","https://www.scopus.com/pages/publications/85173880911?origin=resultslist","Article","Final","","Scopus","2-s2.0-85173880911"
"Sengar A.; Vijayaraghavan A.; Hwang J.","Sengar, Aditya (59165176100); Vijayaraghavan, Aarya (59164781800); Hwang, Jiwoo (59164781900)","59165176100; 59164781800; 59164781900","A Comparative Analysis of Hybrid Quantum Neural Networks in Binary Credit Defaulting Tasks","2023","IEEE MIT Undergraduate Research Technology Conference, URTC 2023 - Proceedings","","","","","","5","10.1109/URTC60662.2023.10535032","https://www.scopus.com/pages/publications/85195443177?origin=resultslist","Conference paper","Final","","Scopus","2-s2.0-85195443177"
"Feng Y.-Y.; Li Y.; Li J.; Zhou J.; Shi J.-J.","Feng, Yan-yan (56982122000); Li, Yan (59505370900); Li, Jie (56027276700); Zhou, Jian (56768360200); Shi, Jin-jing (36728676800)","56982122000; 59505370900; 56027276700; 56768360200; 36728676800","Variational Shadow Quantum Circuits Assisted Quantum Convolutional Neural Network","2025","Advanced Quantum Technologies","8","8","2400510","","","5","10.1002/qute.202400510","https://www.scopus.com/pages/publications/85214432598?origin=resultslist","Article","Final","","Scopus","2-s2.0-85214432598"
"Idress W.M.; Zhao Y.; Abouda K.A.; Elhag H.M.","Idress, Wail M. (58895372700); Zhao, Yuqian (15722965000); Abouda, Khalid A. (58895372600); Elhag, Hiba M. (60039105800)","58895372700; 15722965000; 58895372600; 60039105800","QCNN-Swin-UNet: Quantum Convolutional Neural Network Integrated with Optimized Swin-UNet for Efficient Liver Tumor Segmentation and Classification on Edge Devices","2026","Journal of Imaging Informatics in Medicine","39","3","","2041","2061","2","10.1007/s10278-025-01630-3","https://www.scopus.com/pages/publications/105013021612?origin=resultslist","Article","Final","All Open Access; Green Open Access","Scopus","2-s2.0-105013021612"
"Mahendra H.N.; Pushpalatha V.; Mallikarjunaswamy S.; Rama Subramoniam S.; Praveen J.","Mahendra, H.N. (57211904590); Pushpalatha, V. (57203985756); Mallikarjunaswamy, S. (57911819400); Rama Subramoniam, S. (55092269000); Praveen, J. (57212737596)","57211904590; 57203985756; 57911819400; 55092269000; 57212737596","Quantum convolutional neural network-based hybrid network for remote sensing image classification","2026","Engineering Applications of Artificial Intelligence","164","","113195","","","2","10.1016/j.engappai.2025.113195","https://www.scopus.com/pages/publications/105022271190?origin=resultslist","Article","Final","","Scopus","2-s2.0-105022271190"
"Umeano C.; Paine A.E.; Elfving V.E.; Kyriienko O.","Umeano, Chukwudubem (57472962300); Paine, Annie E. (57221319305); Elfving, Vincent E. (57193843652); Kyriienko, Oleksandr (53064029400)","57472962300; 57221319305; 57193843652; 53064029400","What can we Learn from Quantum Convolutional Neural Networks?","2025","Advanced Quantum Technologies","8","7","2400325","","","5","10.1002/qute.202400325","https://www.scopus.com/pages/publications/85214080814?origin=resultslist","Article","Final","All Open Access; Hybrid Gold Open Access","Scopus","2-s2.0-85214080814"
"Jabberi M.; Hakiri A.; Sellami B.; Alimi A.M.","Jabberi, Maher (57201776436); Hakiri, Akram (36169044400); Sellami, Bassem (57201777859); Alimi, Adel M. (7003687617)","57201776436; 36169044400; 57201777859; 7003687617","Hybrid Quantum-CNN Framework for Secure, Robust, and Efficient IoT Localization under Adversarial Signal Attacks","2025","2025 14th IFIP/IEEE International Conference on Performance Evaluation and Modeling in Wired and Wireless Networks, PEMWN 2025","","","","","","0","10.23919/PEMWN67312.2025.11304017","https://www.scopus.com/pages/publications/105032373666?origin=resultslist","Conference paper","Final","","Scopus","2-s2.0-105032373666"
"Holi G.; Sridhar S.K.; Mahendra M.K.; Tahseen S.; Nakrani M.G.; Mohammad A.; Dongre G.B.; Ali S.S.; Dalvi R.C.; Bhosale Y.H.","Holi, Ganga (56857615100); Sridhar, S.K. (57202593501); Mahendra, M.K. (60635991100); Tahseen, Saba (57704375000); Nakrani, Mahender G. (57218596504); Mohammad, Awwab (60616651700); Dongre, Ganesh B. (57190969726); Ali, Syed Sumera (57208537257); Dalvi, Rani Chhagan (60636411700); Bhosale, Yogesh Harishchandra (57772765000)","56857615100; 57202593501; 60635991100; 57704375000; 57218596504; 60616651700; 57190969726; 57208537257; 60636411700; 57772765000","Giant Trevally Optimization Driven CNN Transformer Framework for Intrusion-aware Secure Cloud Storage","2026","International Journal of Intelligent Engineering and Systems","19","6","","733","747","0","10.22266/ijies2026.0630.39","https://www.scopus.com/pages/publications/105039082287?origin=resultslist","Article","Final","","Scopus","2-s2.0-105039082287"
"Kumar H.; Sharma P.; Ajina A.; Kannal N.M.; Kumar U.","Kumar, Harsh (59088998000); Sharma, Pranesh (59659741500); Ajina, A. (56538485400); Kannal, Nithin M (59486685700); Kumar, Ujjwal (57217132634)","59088998000; 59659741500; 56538485400; 59486685700; 57217132634","A Novel Approach to Derma Quantum (Skin Disease Detection and Classification Using ResNet50 and QCNN)","2024","2024 2nd International Conference on Computing and Data Analytics, ICCDA 2024 - Proceedings","","","","","","1","10.1109/ICCDA64887.2024.10867304","https://www.scopus.com/pages/publications/85219153176?origin=resultslist","Conference paper","Final","","Scopus","2-s2.0-85219153176"
"Al-Ogbi S.; Ashour A.; Felemban M.","Al-Ogbi, Shuroog (58079034000); Ashour, Abdulrahman (58079794900); Felemban, Muhamad (55884669900)","58079034000; 58079794900; 55884669900","Quantum Image Classification on NISQ Devices","2022","Proceedings - 2022 14th IEEE International Conference on Computational Intelligence and Communication Networks, CICN 2022","","","","83","89","5","10.1109/CICN56167.2022.10008259","https://www.scopus.com/pages/publications/85146831455?origin=resultslist","Conference paper","Final","","Scopus","2-s2.0-85146831455"
"Zhu Y.; Bouridane A.; Celebi M.E.; Konar D.; Angelov P.; Ni Q.; Jiang R.","Zhu, Yijie (57894175800); Bouridane, Ahmed (6701348149); Celebi, M. Emre (55667346700); Konar, Debanjan (56026413100); Angelov, Plamen (7003690831); Ni, Qiang (10045778600); Jiang, Richard (20436238500)","57894175800; 6701348149; 55667346700; 56026413100; 7003690831; 10045778600; 20436238500","Quantum Face Recognition With Multigate Quantum Convolutional Neural Network","2024","IEEE Transactions on Artificial Intelligence","5","12","","6330","6341","25","10.1109/TAI.2024.3419077","https://www.scopus.com/pages/publications/85197021426?origin=resultslist","Article","Final","","Scopus","2-s2.0-85197021426"
"Danish S.M.; Kumar S.","Danish, Syed Mohammed (59148762600); Kumar, Sudhir (57209547997)","59148762600; 57209547997","Quantum Convolutional Neural Networks based Human Activity Recognition using CSI","2025","International Conference on Communication Systems and Networks, COMSNETS","","2025","","945","949","3","10.1109/COMSNETS63942.2025.10885693","https://www.scopus.com/pages/publications/105001665430?origin=resultslist","Conference paper","Final","","Scopus","2-s2.0-105001665430"
"Gurav Y.B.; Alagirisamy M.; Selvaperumal S.K.","Gurav, Yogesh B (57205762049); Alagirisamy, Mukil (57194716418); Selvaperumal, Sathish Kumar (59454536000)","57205762049; 57194716418; 59454536000","Advanced quantum neural network-link net based intrusion detection framework and enhanced blowfish cryptography for data security","2025","Intelligent Decision Technologies","19","4","","2401","2424","1","10.1177/18724981251331118","https://www.scopus.com/pages/publications/105013648502?origin=resultslist","Article","Final","","Scopus","2-s2.0-105013648502"
"Parmar V.; Suri M.; Yamane K.; Lee T.; Chung N.L.; Naik V.B.","Parmar, Vivek (56970792500); Suri, Manan (43761623400); Yamane, Kazutaka (36060746100); Lee, Taeyoung (56271870900); Chung, Nyuk Leong (57195436272); Naik, Vinayak Bharat (57207747477)","56970792500; 43761623400; 36060746100; 56271870900; 57195436272; 57207747477","MRAM-based BER resilient Quantized edge-AI Networks for Harsh Industrial Conditions","2021","2021 IEEE 3rd International Conference on Artificial Intelligence Circuits and Systems, AICAS 2021","","","9458528","","","2","10.1109/AICAS51828.2021.9458528","https://www.scopus.com/pages/publications/85113340137?origin=resultslist","Conference paper","Final","","Scopus","2-s2.0-85113340137"
"Feng J.-J.; Zhang B.; Yang Z.-C.; Zhuang Q.","Feng, Jia-Jin (57204060226); Zhang, Bingzhi (57219501830); Yang, Zhi-Cheng (57037212200); Zhuang, Quntao (55987298500)","57204060226; 57219501830; 57037212200; 55987298500","Uncovering quantum many-body scars with quantum machine learning","2025","npj Quantum Information","11","1","42","","","3","10.1038/s41534-025-01005-0","https://www.scopus.com/pages/publications/105000035058?origin=resultslist","Article","Final","All Open Access; Gold Open Access; Green Open Access","Scopus","2-s2.0-105000035058"
"Karthigeyan S.; Diviya M.; Bhuvaneswari R.; Sabhanayagam T.","Karthigeyan, S. (59249026900); Diviya, M. (57191361356); Bhuvaneswari, R. (57992288000); Sabhanayagam, T. (57226543197)","59249026900; 57191361356; 57992288000; 57226543197","QCVNET - Leveraging Quantum Technology in Convolutional Neural Networks for Improved Cardiovascular Disease Prediction","2024","5th International Conference on Circuits, Control, Communication and Computing, I4C 2024","","","","495","502","0","10.1109/I4C62240.2024.10748523","https://www.scopus.com/pages/publications/85211894073?origin=resultslist","Conference paper","Final","","Scopus","2-s2.0-85211894073"
"Liang Y.; Tang S.; Yi Z.; Situ H.; Zheng Z.-J.","Liang, Yanying (57196355046); Tang, Sile (58859041900); Yi, Zhehao (58858654900); Situ, Haozhen (35362692700); Zheng, Zhu-Jun (8441703500)","57196355046; 58859041900; 58858654900; 35362692700; 8441703500","Learnability of a hybrid quantum-classical neural network for graph-structured quantum data","2025","Quantum Information Processing","24","12","379","","","0","10.1007/s11128-025-04997-y","https://www.scopus.com/pages/publications/105022835346?origin=resultslist","Article","Final","","Scopus","2-s2.0-105022835346"
"Belkadi W.H.; Drias Y.; Drias H.; Ferkous S.; Khemissi M.","Belkadi, Widad Hassina (58478811000); Drias, Yassine (56440023300); Drias, Habiba (11538926200); Ferkous, Sarah (60164435800); Khemissi, Maroua (60164435900)","58478811000; 56440023300; 11538926200; 60164435800; 60164435900","Methane emissions forecasting using hybrid quantum–classical deep learning models: case study of North Africa","2025","Quantum Information Processing","24","11","356","","","0","10.1007/s11128-025-04979-0","https://www.scopus.com/pages/publications/105020378635?origin=resultslist","Article","Final","","Scopus","2-s2.0-105020378635"
"Chen K.-C.; Li X.; Xu X.; Wang Y.-Y.; Liu C.-Y.","Chen, Kuan-Cheng (57219325980); Li, Xiaoren (58954980400); Xu, Xiaotian (57869681400); Wang, Yun-Yuan (58955164400); Liu, Chen-Yu (57851005300)","57219325980; 58954980400; 57869681400; 58955164400; 57851005300","Quantum-Classical-Quantum Workflow in Quantum-HPC Middleware with GPU Acceleration","2024","Proceedings - 2024 International Conference on Quantum Communications, Networking, and Computing, QCNC 2024","","","","304","311","19","10.1109/QCNC62729.2024.00017","https://www.scopus.com/pages/publications/85203675730?origin=resultslist","Conference paper","Final","","Scopus","2-s2.0-85203675730"
"Li Y.; Song N.; Zeng W.; Jiang L.","Li, Yichen (57682888800); Song, Nina (59584965100); Zeng, Wei (23007171400); Jiang, Lei (58684683600)","57682888800; 59584965100; 23007171400; 58684683600","Attention-embedded multi-scale quadratic convolutional neural network for early bearing fault diagnosis","2024","2024 6th International Conference on Intelligent Control, Measurement and Signal Processing, ICMSP 2024","","","","209","213","1","10.1109/ICMSP64464.2024.10866284","https://www.scopus.com/pages/publications/85218442769?origin=resultslist","Conference paper","Final","","Scopus","2-s2.0-85218442769"
"Xiao Z.; Tan X.; Bao D.; Huang R.","Xiao, Zhipeng (60021956800); Tan, Xiaoqing (26422528600); Bao, Daipengwei (57873530500); Huang, Rui (57203167267)","60021956800; 26422528600; 57873530500; 57203167267","Complex-encoded quantum convolutional neural networks","2025","Quantum Machine Intelligence","7","2","84","","","0","10.1007/s42484-025-00310-3","https://www.scopus.com/pages/publications/105012753046?origin=resultslist","Article","Final","","Scopus","2-s2.0-105012753046"
"Hussein A.A.; Montaser A.M.; Elsayed H.A.","Hussein, Ahmed A. (59224947700); Montaser, Ahmed M. (42161796800); Elsayed, Hend A. (24447655100)","59224947700; 42161796800; 24447655100","Skin cancer image classification using hybrid quantum deep learning model with BiLSTM and MobileNetV2","2025","Quantum Machine Intelligence","7","2","66","","","7","10.1007/s42484-025-00288-y","https://www.scopus.com/pages/publications/105007887002?origin=resultslist","Article","Final","All Open Access; Hybrid Gold Open Access","Scopus","2-s2.0-105007887002"
"Ali S.S.; Tarakeshwar K.; Ganesan A.","Ali, Syed Sufiyan (60113183800); Tarakeshwar, K. (60113512900); Ganesan, Adarsh (57190658437)","60113183800; 60113512900; 57190658437","Quantum Computing for Autonomous Driving Systems: A Qiskit-Based Framework and Perspective","2025","2025 3rd International Conference on Computational Intelligence and Network Systems, CINS 2025","","","","","","0","10.1109/CINS67018.2025.11412052","https://www.scopus.com/pages/publications/105035168449?origin=resultslist","Conference paper","Final","","Scopus","2-s2.0-105035168449"
"Angelino A.; D'Amato D.; Galante G.; Landolfi E.; Massa A.; Troiano A.","Angelino, Antimo (57940095800); D'Amato, Daniele (60519415900); Galante, Gennaro (60519506400); Landolfi, Enrico (57221326569); Massa, Alfredo (57845498000); Troiano, Alfredo (57337018400)","57940095800; 60519415900; 60519506400; 57221326569; 57845498000; 57337018400","A Comparative Study of Classical and Quantum Machine Learning Techniques for Industrial Defect Classification","2025","Proceedings - 2025 IEEE International Conference on Quantum Artificial Intelligence, QAI 2025","","","","439","444","0","10.1109/QAI63978.2025.00074","https://www.scopus.com/pages/publications/105033469369?origin=resultslist","Conference paper","Final","","Scopus","2-s2.0-105033469369"
"Ahmed H.K.; Tantawi B.; Magdy M.; Sayed G.I.","Ahmed, Hamza Kamel (58289973100); Tantawi, Baraa (58289973200); Magdy, Malak (58554258400); Sayed, Gehad Ismail (57023745800)","58289973100; 58289973200; 58554258400; 57023745800","Quantumedics: Brain Tumor Diagnosis and Analysis Based on Quantum Computing and Convolutional Neural Network","2023","Lecture Notes on Data Engineering and Communications Technologies","184","","","358","367","5","10.1007/978-3-031-43247-7_32","https://www.scopus.com/pages/publications/85172422357?origin=resultslist","Conference paper","Final","","Scopus","2-s2.0-85172422357"
"Hai V.T.; Bao P.T.","Hai, Vu Tuan (57226005510); Bao, Pham The (35145405200)","57226005510; 35145405200","Entangled topologies for quanvolutional neural networks in quantum image processing","2023","ACM International Conference Proceeding Series","","","","357","362","1","10.1145/3628797.3628946","https://www.scopus.com/pages/publications/85180546046?origin=resultslist","Conference paper","Final","","Scopus","2-s2.0-85180546046"
"Kumar K.P.; Mahawar A.; Singh K.; Silva T.R.D.; Batla T.; Natarajan B.","Kumar, Karvi Pranay (60609606000); Mahawar, Aryan (60609229300); Singh, Kunal (60608845700); Silva, Tarryn Reiner D (60609229400); Batla, Tapan (60609229500); Natarajan, B. (57288886700)","60609606000; 60609229300; 60608845700; 60609229400; 60609229500; 57288886700","Brain Tumor Detection Using Quantum Convolution Neural Networks","2026","2026 2nd International Conference on Intelligent Systems for Communication, IoT and Security, ICISCoIS 2026","","","","","","0","10.1109/ICISCoIS62701.2026.11447931","https://www.scopus.com/pages/publications/105037461161?origin=resultslist","Conference paper","Final","","Scopus","2-s2.0-105037461161"
"Khurelsukh B.","Khurelsukh, Bishrelt (57843775500)","57843775500","Hybrid Quantum Convolutional Neural Networks in TensorFlow Quantum","2022","2022 33rd Irish Signals and Systems Conference, ISSC 2022","","","","","","4","10.1109/ISSC55427.2022.9826145","https://www.scopus.com/pages/publications/85135931356?origin=resultslist","Conference paper","Final","","Scopus","2-s2.0-85135931356"
"Li C.; Liu Z.; Zhang S.","Li, Chuang (55448436100); Liu, Zhaolin (59010012700); Zhang, Shibin (55788282300)","55448436100; 59010012700; 55788282300","Multi-classification quantum neural network based on variational quantum circuits","2024","Proceedings of SPIE - The International Society for Optical Engineering","13286","","132860E","","","0","10.1117/12.3045429","https://www.scopus.com/pages/publications/85207080027?origin=resultslist","Conference paper","Final","","Scopus","2-s2.0-85207080027"
"Wu G.; Dong Y.","Wu, Gaojie (59717271300); Dong, Yumin (57217987414)","59717271300; 57217987414","An enhanced classification framework based on quantum resonance dimensionality reduction and hybrid quantum ensemble learning","2026","International Journal of Modern Physics C","","","2643008","","","0","10.1142/S0129183126430084","https://www.scopus.com/pages/publications/105041438758?origin=resultslist","Article","Article in press","","Scopus","2-s2.0-105041438758"
"Patil A.P.; Pandey S.; Das Kasat N.; Modi S.; Raj S.; Kulkarni R.","Patil, Annapurna P. (36617874400); Pandey, Sharmishtha (58362163700); Das Kasat, Nikunj (57894885600); Modi, Shreya (58363416200); Raj, Shristi (58712466100); Kulkarni, Raghunath (58360271800)","36617874400; 58362163700; 57894885600; 58363416200; 58712466100; 58360271800","Implementation of Handwritten Character Recognition using Quanvolutional Neural Network","2022","2022 IEEE North Karnataka Subsection Flagship International Conference, NKCon 2022","","","","","","4","10.1109/NKCon56289.2022.10126600","https://www.scopus.com/pages/publications/85163070515?origin=resultslist","Conference paper","Final","","Scopus","2-s2.0-85163070515"
"Santhoshkumar S.P.; Rajaambika S.; Prameen D.; Loganathan E.; Bargunan S.; Deepika K.","Santhoshkumar, S.P. (57224523941); Rajaambika, S. (60662462800); Prameen, D. (60402851700); Loganathan, E. (59940517400); Bargunan, S. (59983709300); Deepika, K. (57189236004)","57224523941; 60662462800; 60402851700; 59940517400; 59983709300; 57189236004","Toward Quantum-Enabled Medical Imaging: Optimized CNNs for Diagnosis","2026","2026 International Conference on Emerging Smart Computing and Informatics, ESCI 2026","","","","","","0","10.1109/ESCI68015.2026.11493187","https://www.scopus.com/pages/publications/105040833316?origin=resultslist","Conference paper","Final","","Scopus","2-s2.0-105040833316"
"Qi H.; Zhang J.; Lv X.; Gani A.","Qi, Han (55309093200); Zhang, Jiashuai (60150636000); Lv, Xinyue (59280886700); Gani, Abdullah (57218294440)","55309093200; 60150636000; 59280886700; 57218294440","Variational Quantum Convolutional Neural Network Based on Particle Swarm Optimization","2025","2025 7th International Conference on Next Generation Data-Driven Networks, NGDN 2025","","","","134","137","1","10.1109/NGDN66208.2025.11182265","https://www.scopus.com/pages/publications/105019300902?origin=resultslist","Conference paper","Final","","Scopus","2-s2.0-105019300902"
"You J.; Zhou Y.","You, Jinkun (57222407879); Zhou, Yicong (24175343600)","57222407879; 24175343600","Two-Stage Watermark Removal Framework for Spread Spectrum Watermarking","2024","IEEE Transactions on Multimedia","26","","","7687","7699","19","10.1109/TMM.2024.3370380","https://www.scopus.com/pages/publications/85187004931?origin=resultslist","Article","Final","","Scopus","2-s2.0-85187004931"
"Chandra S.; Saxena S.; Kumar S.; Chaube M.K.; Bodhey N.K.","Chandra, Sanskriti (58306669500); Saxena, Shivam (58478324200); Kumar, Santosh (59511763600); Chaube, Mithilesh Kumar (36243062700); Bodhey, Narendra Kuber (8537947500)","58306669500; 58478324200; 59511763600; 36243062700; 8537947500","A Novel Framework For Brain Disease Classification Using Quantum Convolutional Neural Network","2022","Proceedings of 2022 IEEE International Women in Engineering (WIE) Conference on Electrical and Computer Engineering, WIECON-ECE 2022","","","","346","351","8","10.1109/WIECON-ECE57977.2022.10150851","https://www.scopus.com/pages/publications/85164266313?origin=resultslist","Conference paper","Final","","Scopus","2-s2.0-85164266313"
"Choi M.-H.; Tong K.-C.; Jung Y.-G.; Kim J.-E.; Jeong H.-Y.; Song H.-K.","Choi, Min-Hyeok (60093651200); Tong, Ki-Chang (60092825200); Jung, Yeong-Gyun (60093412000); Kim, Ja-Eun (59708008000); Jeong, Hye-Yoon (59708007900); Song, Hyoung-Kyu (7404036823)","60093651200; 60092825200; 60093412000; 59708008000; 59708007900; 7404036823","Spectral Efficiency Enhancement in Active and Passive RIS-Assisted Systems Using Quantum Convolutional Neural Networks","2026","ICSIM 2026 - Proceedings of 2026 the 9th International Conference on Software Engineering and Information Management","","","","287","292","0","10.1145/3796315.3796354","https://www.scopus.com/pages/publications/105039432865?origin=resultslist","Conference paper","Final","All Open Access; Gold Open Access","Scopus","2-s2.0-105039432865"
"Kumar N.P.; Swetha G.; Lakshmanarao A.; Kulkarni G.L.; Gogula S.; Reddy K.M.","Kumar, Nallabariki Praveen (58919229300); Swetha, G. (57540130200); Lakshmanarao, A. (57210705281); Kulkarni, Gururaj L. (57220892067); Gogula, Sreenivasulu (58102918100); Reddy, Koti M. (57783293600)","58919229300; 57540130200; 57210705281; 57220892067; 58102918100; 57783293600","Hybrid Quantum Convolutional Neural Network for CNC Machine Bearing Fault Detection Using Vibration and Acoustic Signals","2025","Journal of Machine and Computing","5","2","","857","866","1","10.53759/7669/jmc202505067","https://www.scopus.com/pages/publications/105003039038?origin=resultslist","Article","Final","All Open Access; Hybrid Gold Open Access","Scopus","2-s2.0-105003039038"
"Arjaria S.K.; Gupta A.; Mishra P.; Singh H.; Gupta S.; Gupta N.","Arjaria, Siddhartha Kumar (57213586256); Gupta, Ashwani (59252349800); Mishra, Paritosh (59252836900); Singh, Harsh (59114763600); Gupta, Shivam (59252349900); Gupta, Nikita (59252032300)","57213586256; 59252349800; 59252836900; 59114763600; 59252349900; 59252032300","Brain Tumor Detection Using Quantum Neural Network","2024","Lecture Notes in Networks and Systems","954 LNNS","","","147","161","0","10.1007/978-981-97-1724-8_14","https://www.scopus.com/pages/publications/85200750332?origin=resultslist","Conference paper","Final","","Scopus","2-s2.0-85200750332"
"Cox D.","Cox, Dylan (57237713500)","57237713500","Experimental Design of a Quantum Convolutional Neural Network Solution for Traffic Sign Recognition","2023","Lecture Notes in Networks and Systems","542 LNNS","","","605","617","1","10.1007/978-3-031-16072-1_44","https://www.scopus.com/pages/publications/85138005678?origin=resultslist","Conference paper","Final","","Scopus","2-s2.0-85138005678"
"Wang M.; Lee K.C.M.; Chung B.M.F.; Bogaraju S.V.; Ng H.-C.; Wong J.S.J.; Shum H.C.; Tsia K.K.; So H.K.-H.","Wang, Maolin (57193084757); Lee, Kelvin C. M. (55947739600); Chung, Bob M. F. (56447923100); Bogaraju, Sharatchandra Varma (57205662700); Ng, Ho-Cheung (56039789400); Wong, Justin S. J. (56083214900); Shum, Ho Cheung (57016366300); Tsia, Kevin K. (6506659574); So, Hayden Kwok-Hay (10738896800)","57193084757; 55947739600; 56447923100; 57205662700; 56039789400; 56083214900; 57016366300; 6506659574; 10738896800","Low-Latency In Situ Image Analytics With FPGA-Based Quantized Convolutional Neural Network","2022","IEEE Transactions on Neural Networks and Learning Systems","33","7","","2853","2866","27","10.1109/TNNLS.2020.3046452","https://www.scopus.com/pages/publications/85099543895?origin=resultslist","Article","Final","All Open Access; Green Open Access; Hybrid Gold Open Access","Scopus","2-s2.0-85099543895"
"Pitchal P.; Ponnusamy S.; Soundararajan V.","Pitchal, Padmakumari (56006122400); Ponnusamy, Shanthi (36926228300); Soundararajan, Vidivelli (49362389100)","56006122400; 36926228300; 49362389100","Heart disease prediction: Improved quantum convolutional neural network and enhanced features","2024","Expert Systems with Applications","249","","123534","","","55","10.1016/j.eswa.2024.123534","https://www.scopus.com/pages/publications/85187202285?origin=resultslist","Article","Final","","Scopus","2-s2.0-85187202285"
"Ismail M.; Shaban M.; Chen S.Y.-C.","Ismail, Muhammad (55310847800); Shaban, Mohamed (57214888734); Chen, Samuel Yen-Chi (57218546572)","55310847800; 57214888734; 57218546572","Hands-On Introduction to Quantum Machine Learning","2024","Proceedings of the International Florida Artificial Intelligence Research Society Conference, FLAIRS","37","","","","","0","","https://www.scopus.com/pages/publications/85200519894?origin=resultslist","Conference paper","Final","","Scopus","2-s2.0-85200519894"
"Slabbert D.; Lourens M.; Petruccione F.","Slabbert, Donovan (58647263900); Lourens, Matt (57958764100); Petruccione, Francesco (7003376483)","58647263900; 57958764100; 7003376483","Pulsar classification: comparing quantum convolutional neural networks and quantum support vector machines","2024","Quantum Machine Intelligence","6","2","56","","","5","10.1007/s42484-024-00194-9","https://www.scopus.com/pages/publications/85203263921?origin=resultslist","Article","Final","All Open Access; Hybrid Gold Open Access","Scopus","2-s2.0-85203263921"
"Miwa T.; Oda Y.; Kayano S.; Yoshino K.","Miwa, Takuma (59941220800); Oda, Yusuke (59940669100); Kayano, Seiya (59940750200); Yoshino, Koichiro (57045301700)","59941220800; 59940669100; 59940750200; 57045301700","Efficient Channel Generation for QCNNs based on Multi-Pauli Matrices","2025","Proceedings - 2025 International Conference on Quantum Communications, Networking, and Computing, QCNC 2025","","","","549","553","0","10.1109/QCNC64685.2025.00092","https://www.scopus.com/pages/publications/105007898265?origin=resultslist","Conference paper","Final","","Scopus","2-s2.0-105007898265"
"Sooksatra K.; Rivas P.; Orduz J.","Sooksatra, Korn (57202692208); Rivas, Pablo (57207780751); Orduz, Javier (57406828700)","57202692208; 57207780751; 57406828700","Evaluating Accuracy and Adversarial Robustness of Quanvolutional Neural Networks","2021","Proceedings - 2021 International Conference on Computational Science and Computational Intelligence, CSCI 2021","","","","152","157","10","10.1109/CSCI54926.2021.00097","https://www.scopus.com/pages/publications/85133921458?origin=resultslist","Conference paper","Final","","Scopus","2-s2.0-85133921458"
"Bin Talib H.K.; Xu K.; Cao Y.; Zaman M.; Toqeer M.H.; Akhunzada A.","Bin Talib, Hafiz Khizer (59951698000); Xu, Kaiwei (59525401200); Cao, Yanlong (55656550700); Zaman, Muhammad (59335698000); Toqeer, Muhammad Hunzala (53265172400); Akhunzada, Adnan (56287591400)","59951698000; 59525401200; 55656550700; 59335698000; 53265172400; 56287591400","Error-Corrected Quantum CNN for Gender-Based Micro-Expression Analysis in Affective Computing","2025","ICHORA 2025 - 2025 7th International Congress on Human-Computer Interaction, Optimization and Robotic Applications, Proceedings","","","","","","1","10.1109/ICHORA65333.2025.11017004","https://www.scopus.com/pages/publications/105008419440?origin=resultslist","Conference paper","Final","","Scopus","2-s2.0-105008419440"
"Kolluru V.; Helen Parimala E.; Kokilavani T.; Sunil Raj Y.; Jesuraj B.; Aminuddin A.","Kolluru, Vinothkumar (59527193500); Helen Parimala, E. (57211801725); Kokilavani, T. (55315410000); Sunil Raj, Y. (57200138905); Jesuraj, Bastin (59940214900); Aminuddin, Afrig (57221994672)","59527193500; 57211801725; 55315410000; 57200138905; 59940214900; 57221994672","QiMINT: Quantum-Inspired Mobile Intelligence - Advancing Complex Signal Processing with Machine Learning","2025","Proceedings of 8th International Conference on Trends in Electronics and Informatics, ICOEI 2025","","","","1715","1724","7","10.1109/ICOEI65986.2025.11013711","https://www.scopus.com/pages/publications/105007660858?origin=resultslist","Conference paper","Final","","Scopus","2-s2.0-105007660858"
"Sivaranjani R.; Priya B.S.; Gurrapu O.; Kadiri P.; Chandana N.S.; Suman J.V.","Sivaranjani, R. (56905417400); Priya, Bandaru Shanmukha (60201330600); Gurrapu, Omprakash (59895179700); Kadiri, Padmaja (57194003253); Chandana, Niddana Siri (58564047600); Suman, Jami Venkata (56905350500)","56905417400; 60201330600; 59895179700; 57194003253; 58564047600; 56905350500","Image Classification using Quantum Convolutional Neural Network (QCNN)","2025","2025 International Conference on Metaverse and Current Trends in Computing, ICMCTC 2025","","","","","","1","10.1109/ICMCTC62214.2025.11196520","https://www.scopus.com/pages/publications/105022237422?origin=resultslist","Conference paper","Final","","Scopus","2-s2.0-105022237422"
"Singh A.; Singh K.K.","Singh, Akansha (54899131000); Singh, Krishna Kant (55265360800)","54899131000; 55265360800","Hybrid Quantum-Classical Machine Learning for Robust Satellite Image Classification on EuroSAT","2025","CEUR Workshop Proceedings","4164","","","77","84","0","","https://www.scopus.com/pages/publications/105037427296?origin=resultslist","Conference paper","Final","","Scopus","2-s2.0-105037427296"
"Matsumoto Y.; Natsuaki R.; Hirose A.","Matsumoto, Yuya (57608068300); Natsuaki, Ryo (35795724100); Hirose, Akira (35416951600)","57608068300; 35795724100; 35416951600","PROPOSAL OF POLSAR LAND CLASSIFICATION USING QUATERNION CONVOLUTIONAL NEURAL NETWORKS","2021","International Geoscience and Remote Sensing Symposium (IGARSS)","","","","403","406","1","10.1109/IGARSS47720.2021.9554545","https://www.scopus.com/pages/publications/85129860120?origin=resultslist","Conference paper","Final","","Scopus","2-s2.0-85129860120"
"Russo L.; Mauro F.; Memar B.; Sebastianelli A.; Ullo S.L.; Gamba P.","Russo, Luigi (57226396020); Mauro, Francesco (57221325220); Memar, Babak (58898278200); Sebastianelli, Alessandro (57202958220); Ullo, Silvia L. (6503914067); Gamba, Paolo (7007165803)","57226396020; 57221325220; 58898278200; 57202958220; 6503914067; 7007165803","A Quantum-assisted Attention U-Net for Building Segmentation over Tunis using Sentinel-1 Data","2025","2025 Joint Urban Remote Sensing Event, JURSE 2025","","","","","","0","10.1109/JURSE60372.2025.11076019","https://www.scopus.com/pages/publications/105012188934?origin=resultslist","Conference paper","Final","","Scopus","2-s2.0-105012188934"
"Sridevi S.; Kanimozhi T.; Issac K.; Sudha M.","Sridevi, S. (57212980397); Kanimozhi, T. (56433811400); Issac, K. (57606848700); Sudha, M. (59714913600)","57212980397; 56433811400; 57606848700; 59714913600","Quanvolution Neural Network to Recognize arrhythmia from 2D scaleogram features of ECG signals","2022","2022 International Conference on Innovative Trends in Information Technology, ICITIIT 2022","","","","","","19","10.1109/ICITIIT54346.2022.9744224","https://www.scopus.com/pages/publications/85128614898?origin=resultslist","Conference paper","Final","","Scopus","2-s2.0-85128614898"
"Suri C.; Kumari M.; Singh K.; Chopra G.","Suri, Charvi (59793183900); Kumari, Monika (46661846600); Singh, Kavita (47962500300); Chopra, Gaitry (60560210400)","59793183900; 46661846600; 47962500300; 60560210400","Quantum Computing for Mineral Exploration: A Comparative Study of CNN and QCNN","2025","16th International Conference on Advances in Computing, Control, and Telecommunication Technologies, ACT 2025","2","","","1967","1972","0","","https://www.scopus.com/pages/publications/105034838471?origin=resultslist","Conference paper","Final","","Scopus","2-s2.0-105034838471"
"Pai A.G.; Mediboyina R.K.Y.; Buddhiraju K.M.; Durbha S.S.","Pai, Archana G. (57985760400); Mediboyina, Rupesh Kumar Yadav (60571156200); Buddhiraju, Krishna M. (36815713200); Durbha, Surya S. (54999762600)","57985760400; 60571156200; 36815713200; 54999762600","Quantum convolutional neural network for slum classification using sentinel-2 imagery","2026","Quantum Information Processing","25","4","119","","","0","10.1007/s11128-026-05134-z","https://www.scopus.com/pages/publications/105035343332?origin=resultslist","Article","Final","","Scopus","2-s2.0-105035343332"
"Wang P.; Myers C.R.; Hollenberg L.C.L.; Parampalli U.","Wang, Peiyong (57814036800); Myers, Casey R. (7202314001); Hollenberg, Lloyd C. L. (6701356330); Parampalli, Udaya (24470604200)","57814036800; 7202314001; 6701356330; 24470604200","Quantum Hamiltonian embedding of images for data reuploading classifiers","2025","Quantum Machine Intelligence","7","1","35","","","6","10.1007/s42484-025-00247-7","https://www.scopus.com/pages/publications/86000100836?origin=resultslist","Article","Final","All Open Access; Green Open Access; Hybrid Gold Open Access","Scopus","2-s2.0-86000100836"
"Maouaki W.E.; Marchisio A.; Said T.; Bennai M.; Shafique M.","Maouaki, Walid El (58870049500); Marchisio, Alberto (57204639484); Said, Taoufik (57130400800); Bennai, Mohamed (55904222900); Shafique, Muhammad (17435669500)","58870049500; 57204639484; 57130400800; 55904222900; 17435669500","AdvQuNN: A Methodology for Analyzing the Adversarial Robustness of Quanvolutional Neural Networks","2024","Proceedings - 2024 IEEE International Conference on Quantum Software, QSW 2024","","","","175","181","10","10.1109/QSW62656.2024.00033","https://www.scopus.com/pages/publications/85203787102?origin=resultslist","Conference paper","Final","","Scopus","2-s2.0-85203787102"
"Sarwar M.S.; Rehman S.U.","Sarwar, Muhammad Saood (59909852000); Rehman, Shahzaib Ur (59909699700)","59909852000; 59909699700","Hybrid quantum-classical machine learning for enhanced PCOS classification","2025","Quantum Machine Intelligence","7","2","83","","","2","10.1007/s42484-025-00307-y","https://www.scopus.com/pages/publications/105012721529?origin=resultslist","Article","Final","","Scopus","2-s2.0-105012721529"
"Aher R.; Pande M.B.","Aher, Rani (58091160700); Pande, Mandaar B. (57211252996)","58091160700; 57211252996","Comprehensive Survey of Classical and Quantum Image Compression Approaches using Neural Networks","2025","International Journal of Applied Mathematics","38","2S","","1041","1065","0","10.12732/ijam.v38i2s.184","https://www.scopus.com/pages/publications/105017128813?origin=resultslist","Article","Final","All Open Access; Gold Open Access","Scopus","2-s2.0-105017128813"
"Shaik T.; Kshirsagar P.R.; Akula V.K.; Babu K.S.; Subbaiah C.V.","Shaik, Thaseentaj (60635516100); Kshirsagar, Pravin Ramdas (57192542222); Akula, Vijaya Krishna (57202607662); Babu, Kunda Suresh (59099035400); Subbaiah, C.Venkata (60635934300)","60635516100; 57192542222; 57202607662; 59099035400; 60635934300","M-HQNet: A Hybrid Quantum-classical Convolutional Neural Network with PSO-based Feature Selection for Multiclass Classification of South Indian Mango Leaf Diseases","2026","International Journal of Intelligent Engineering and Systems","19","6","","","","0","10.22266/ijies2026.0630.13","https://www.scopus.com/pages/publications/105039059577?origin=resultslist","Article","Final","","Scopus","2-s2.0-105039059577"
"Matsumoto N.; Tran Q.H.; Chinzei K.; Endo Y.; Oshima H.","Matsumoto, Nasa (60087180900); Tran, Quoc Hoan (57220502925); Chinzei, Koki (57205294448); Endo, Yasuhiro (59212584000); Oshima, Hirotaka (7202201795)","60087180900; 57220502925; 57205294448; 59212584000; 7202201795","Iterative Quantum Feature Maps","2026","Advanced Quantum Technologies","9","5","e00866","","","0","10.1002/qute.202500866","https://www.scopus.com/pages/publications/105039469607?origin=resultslist","Article","Final","All Open Access; Green Open Access; Hybrid Gold Open Access","Scopus","2-s2.0-105039469607"
"Tikariha D.; Moomin A.; Jeyamani D.; Rukmani P.","Tikariha, Devansh (59660274300); Moomin, Abdul (60056407200); Jeyamani, D. (56925536800); Rukmani, P. (57193773481)","59660274300; 60056407200; 56925536800; 57193773481","Osteoarthritis Classification Using Hybrid Quantum Convolutional Neural Network","2025","IEEE Access","13","","","145060","145070","0","10.1109/ACCESS.2025.3599679","https://www.scopus.com/pages/publications/105013753331?origin=resultslist","Article","Final","All Open Access; Gold Open Access; Green Open Access","Scopus","2-s2.0-105013753331"
"Pandian J.A.; Kanchanadevi K.; Mohan V.C.; Krishna P.H.; Govardhan E.","Pandian, J Arun (56398419000); Kanchanadevi, K. (57579207700); Mohan, Vadem Chandu (58252695600); Krishna, Pulibandla Hari (57202986269); Govardhan, Edagottu (57693952100)","56398419000; 57579207700; 58252695600; 57202986269; 57693952100","Quantum Generative Adversarial Network and Quantum Neural Network for Image Classification","2022","International Conference on Sustainable Computing and Data Communication Systems, ICSCDS 2022 - Proceedings","","","","473","478","11","10.1109/ICSCDS53736.2022.9760943","https://www.scopus.com/pages/publications/85130090825?origin=resultslist","Conference paper","Final","","Scopus","2-s2.0-85130090825"
"Shomir Dutta S.; Sandeep S.; Sridevi S.; Mistry R.; Ortega J.; Kar G.","Shomir Dutta, Shivanya (58990677000); Sandeep, Sahil (58768250600); Sridevi, S. (57212980397); Mistry, Rajiv (58243720600); Ortega, Jonathan (58243720700); Kar, Gorkem (56417439300)","58990677000; 58768250600; 57212980397; 58243720600; 58243720700; 56417439300","Novel Quanvolutional Neural Network-Based COVID-19 Diagnosis From Raman Spectroscopic Signals of Human Serum","2025","IEEE Access","13","","","104382","104405","3","10.1109/ACCESS.2025.3580316","https://www.scopus.com/pages/publications/105008648432?origin=resultslist","Article","Final","All Open Access; Gold Open Access; Green Open Access","Scopus","2-s2.0-105008648432"
"Roh E.J.; Kim J.; Jung S.; Park S.","Roh, Emily Jimin (59152226100); Kim, Joongheon (8866990900); Jung, Soyi (57195474107); Park, Soohyun (59925406700)","59152226100; 8866990900; 57195474107; 59925406700","Joint scalable quantum convolutional neural network and reverse fidelity training for high-accurate recognition in unmanned aerial vehicle surveillance","2025","Journal of Supercomputing","81","16","1495","","","0","10.1007/s11227-025-07948-7","https://www.scopus.com/pages/publications/105019687044?origin=resultslist","Article","Final","","Scopus","2-s2.0-105019687044"
"Sathya T.; Sudha S.","Sathya, T. (58090024200); Sudha, S. (57203138270)","58090024200; 57203138270","OQCNN: optimal quantum convolutional neural network for classification of facial expression","2023","Neural Computing and Applications","35","12","","9017","9033","7","10.1007/s00521-022-08161-w","https://www.scopus.com/pages/publications/85147375095?origin=resultslist","Article","Final","","Scopus","2-s2.0-85147375095"
"Jain L.; Venkanna U.; Vollala S.","Jain, Lilima (58369479400); Venkanna, U. (55233652300); Vollala, Satyanarayana (56125660100)","58369479400; 55233652300; 56125660100","Intelligent and Resource-Efficient Framework for AR-DDoS Attack Detection and Mitigation in Programmable Data Plane Using QCNN","2026","Journal of Network and Systems Management","34","3","91","","","0","10.1007/s10922-026-10082-1","https://www.scopus.com/pages/publications/105039203300?origin=resultslist","Article","Final","","Scopus","2-s2.0-105039203300"
"Lone A.H.; Ganguly A.; Li H.; El-Atab N.; Setti G.; Das G.; Fariborzi H.","Lone, Aijaz H. (57213519834); Ganguly, Arnab (54990960100); Li, Hanrui (58032598100); El-Atab, Nazek (55983578000); Setti, Gianluca (7005521622); Das, Gobind (7201815957); Fariborzi, Hossein (26535829000)","57213519834; 54990960100; 58032598100; 55983578000; 7005521622; 7201815957; 26535829000","Controlling the Skyrmion Density and Size for Quantized Convolutional Neural Network","2024","IEEE Access","12","","","149850","149860","4","10.1109/ACCESS.2024.3472114","https://www.scopus.com/pages/publications/85207722521?origin=resultslist","Article","Final","All Open Access; Gold Open Access; Green Open Access","Scopus","2-s2.0-85207722521"
"Tan A.; Zhao J.; Wang Y.; Wu X.; Li X.; Pei P.; Zuo Y.; Zhao Y.","Tan, Ailing (8979575900); Zhao, Jing (57191637460); Wang, Yunxin (57330189100); Wu, Xiangpeng (58095546500); Li, Xiaohang (57847786100); Pei, Pengfei (58095546600); Zuo, Yajie (58068950000); Zhao, Yong (55726071000)","8979575900; 57191637460; 57330189100; 58095546500; 57847786100; 58095546600; 58068950000; 55726071000","Quantitative analysis of starch species based on near-infrared spectroscopy and quaternion convolution neural network","2023","Proceedings of SPIE - The International Society for Optical Engineering","12558","","125580H","","","0","10.1117/12.2651759","https://www.scopus.com/pages/publications/85147701409?origin=resultslist","Conference paper","Final","","Scopus","2-s2.0-85147701409"
"G V.; Prathibha S.; P S.; R S.; V N.; Sethuraman R.","G, Vivekanandan (58617020000); Prathibha, Soma (56303230000); P, Suganthi (60196222800); R, Sankaranarayanan (60196222900); V, Nallarasan (57213158624); Sethuraman, Ravikumar (55835191300)","58617020000; 56303230000; 60196222800; 60196222900; 57213158624; 55835191300","Automatic classification of pancreatic cancer from urinary biomarkers using equivariant quantum convolutional neural networks with hybrid optimization algorithm","2025","Computer Methods in Biomechanics and Biomedical Engineering","","","","","","0","10.1080/10255842.2025.2575873","https://www.scopus.com/pages/publications/105021928116?origin=resultslist","Article","Article in press","All Open Access; Green Open Access","Scopus","2-s2.0-105021928116"
"Lee H.; Kim G.S.; Roh E.J.; Jung S.; Park S.; Duong T.Q.; Kim J.","Lee, Hyunsoo (57318287000); Kim, Gyu Seon (57997312100); Roh, Emily Jimin (59152226100); Jung, Soyi (57195474107); Park, Soohyun (59925406700); Duong, Trung Q. (14009246700); Kim, Joongheon (8866990900)","57318287000; 57997312100; 59152226100; 57195474107; 59925406700; 14009246700; 8866990900","Quantum Jump to Connected Worlds: Paradigm Shifts in Mobility and Network Applications via Quantum Neural Networks","2026","IEEE Network","","","","","","0","10.1109/MNET.2026.3671113","https://www.scopus.com/pages/publications/105033691689?origin=resultslist","Article","Article in press","","Scopus","2-s2.0-105033691689"
"Kashif M.; Al-Kuwari S.","Kashif, Muhammad (57197631441); Al-Kuwari, Saif (57225245700)","57197631441; 57225245700","Design space exploration of hybrid quantum–classical neural networks","2021","Electronics (Switzerland)","10","23","2980","","","24","10.3390/electronics10232980","https://www.scopus.com/pages/publications/85120041496?origin=resultslist","Article","Final","All Open Access; Gold Open Access; Green Open Access","Scopus","2-s2.0-85120041496"
"Kalyan Kumar G.; Sankar P.","Kalyan Kumar, G. (57219599571); Sankar, P. (23035950000)","57219599571; 23035950000","Optimized Resource Allocation and Caching for Integrated Satellite–Terrestrial Networks Using Multiagent Deep Learning","2026","International Journal of Communication Systems","39","4","e70366","","","0","10.1002/dac.70366","https://www.scopus.com/pages/publications/105027526496?origin=resultslist","Article","Final","All Open Access; Bronze Open Access","Scopus","2-s2.0-105027526496"
"Tang J.; Shao L.; Gao Q.; Wang X.","Tang, Jiacheng (59231627600); Shao, Lianhe (55630381400); Gao, Quanli (55743885700); Wang, Xihan (58483881500)","59231627600; 55630381400; 55743885700; 58483881500","A complex-valued embedding and quantum convolutional neural network-based fake news detection method","2025","Proceedings of SPIE - The International Society for Optical Engineering","13688","","136880I","","","0","10.1117/12.3075824","https://www.scopus.com/pages/publications/105013074296?origin=resultslist","Conference paper","Final","","Scopus","2-s2.0-105013074296"
"Balu S.; Raghabu S.M.A.; Mahalingam P.; Krishnasamy J.; Kadambarajan J.P.; Pattar D.S.","Balu, Sakthivel (58630442800); Raghabu, Sheik Mohammed Abdul (59674856700); Mahalingam, Ponnrajakumari (59564564600); Krishnasamy, Jayaram (57521925600); Kadambarajan, Jeya Prakash (57195717091); Pattar, Deivasigamani Subbramania (56584397000)","58630442800; 59674856700; 59564564600; 57521925600; 57195717091; 56584397000","Advanced Optimized Quantum Learning for Robust Water Quality Assessment with an IoT Sensor Data","2025","Ingenierie des Systemes d'Information","30","2","","359","366","1","10.18280/isi.300207","https://www.scopus.com/pages/publications/86000323671?origin=resultslist","Article","Final","All Open Access; Hybrid Gold Open Access","Scopus","2-s2.0-86000323671"
"Yan J.; Liao J.-B.; Gao J.-Y.; Zhang W.-W.; Huang C.-M.; Yu H.-L.","Yan, Jin (55467672800); Liao, Jian-Bin (55265924500); Gao, Jin-Yi (58410411600); Zhang, Wei-Wei (56227674900); Huang, Chao-Ming (57137027500); Yu, Hong-Liang (36538278200)","55467672800; 55265924500; 58410411600; 56227674900; 57137027500; 36538278200","Fusion of Audio and Vibration Signals for Bearing Fault Diagnosis Based on a Quadratic Convolution Neural Network","2023","Sensors","23","22","9155","","","13","10.3390/s23229155","https://www.scopus.com/pages/publications/85177771494?origin=resultslist","Article","Final","All Open Access; Gold Open Access; Green Open Access","Scopus","2-s2.0-85177771494"
"Srinivasulu M.; Prasad M.; Elangovan M.; Sai Geetha P.","Srinivasulu, M. (59251316900); Prasad, M. (60261286700); Elangovan, M. (58932079700); Sai Geetha, Pamidimukkala (60151139100)","59251316900; 60261286700; 58932079700; 60151139100","Mitigating ransomware threats through network traffic analysis using hybrid quantum-attention stereoscopic neural networks","2026","Neurocomputing","671","","132524","","","0","10.1016/j.neucom.2025.132524","https://www.scopus.com/pages/publications/105027312639?origin=resultslist","Article","Final","","Scopus","2-s2.0-105027312639"
"Nivethitha T.; Venkataramanan C.","Nivethitha, T. (57224309776); Venkataramanan, C. (55258529000)","57224309776; 55258529000","A Quantum-Enhanced Deep Learning Framework for Precise Leaf Disease Detection in Tomato and Cotton Crops","2026","Iranian Journal of Science and Technology - Transactions of Electrical Engineering","50","1","","323","354","1","10.1007/s40998-025-00912-4","https://www.scopus.com/pages/publications/105017914233?origin=resultslist","Article","Final","","Scopus","2-s2.0-105017914233"
"Nagajyothi D.; Chirra V.R.R.","Nagajyothi, Dhulipalla (59966733900); Chirra, Venkata Rami Reddy (59322404100)","59966733900; 59322404100","Optimized Quantum CNN With Improvised iHow Algorithm for MRI-Based Dementia Diagnosis","2025","IEEE Access","13","","","148128","148144","1","10.1109/ACCESS.2025.3598935","https://www.scopus.com/pages/publications/105013593908?origin=resultslist","Article","Final","All Open Access; Gold Open Access; Green Open Access","Scopus","2-s2.0-105013593908"
"Qi H.; Wang J.; Cui Y.","Qi, Han (55309093200); Wang, Jingtong (59383940000); Cui, Yufan (59383387100)","55309093200; 59383940000; 59383387100","VQCNN: variational quantum convolutional neural networks based on quantum filters and fully connected layers","2024","Computer Journal","67","10","","2970","2983","3","10.1093/comjnl/bxae062","https://www.scopus.com/pages/publications/85207345299?origin=resultslist","Article","Final","","Scopus","2-s2.0-85207345299"
"Yang C.-H.H.; Qi J.; Chen S.Y.-C.; Chen P.-Y.; Siniscalchi S.M.; Ma X.; Lee C.-H.","Yang, Chao-Han Huck (57212483912); Qi, Jun (57214261512); Chen, Samuel Yen-Chi (57218546572); Chen, Pin-Yu (36930105800); Siniscalchi, Sabato Marco (14007936900); Ma, Xiaoli (7404549306); Lee, Chin-Hui (56004336700)","57212483912; 57214261512; 57218546572; 36930105800; 14007936900; 7404549306; 56004336700","Decentralizing feature extraction with quantum convolutional neural network for automatic speech recognition","2021","ICASSP, IEEE International Conference on Acoustics, Speech and Signal Processing - Proceedings","2021-June","","","6523","6527","174","10.1109/ICASSP39728.2021.9413453","https://www.scopus.com/pages/publications/85114705452?origin=resultslist","Conference paper","Final","All Open Access; Green Open Access","Scopus","2-s2.0-85114705452"
"Kettani M.; Rguig A.; Abbou F.M.; Abdi F.; Bouanane L.; Bouhadda M.","Kettani, Mouna (60148558700); Rguig, Aya (59982653000); Abbou, Fouad Mohammed (6506612228); Abdi, Farid (7003405938); Bouanane, Lamiae (58532923600); Bouhadda, Mohamed (57191541909)","60148558700; 59982653000; 6506612228; 7003405938; 58532923600; 57191541909","Quantum Machine Learning for Anomaly Detection in Brain Imaging Related to Mental Health","2025","SITA 2025 - 15th International Conference on Intelligent Systems: Theories and Applications","","","","","","0","10.1109/SITA67914.2025.11273773","https://www.scopus.com/pages/publications/105030479153?origin=resultslist","Conference paper","Final","","Scopus","2-s2.0-105030479153"
"Vu T.H.; Le L.H.; Pham T.B.","Vu, Tuan Hai (57226005510); Le, Lawrence H. (7005711568); Pham, The Bao (35145405200)","57226005510; 7005711568; 35145405200","Exploring the features of quanvolutional neural networks for improved image classification","2024","Quantum Machine Intelligence","6","1","29","","","6","10.1007/s42484-024-00166-z","https://www.scopus.com/pages/publications/85192883198?origin=resultslist","Article","Final","","Scopus","2-s2.0-85192883198"
"Zhou H.; Zhang X.; Zhang C.; Ma Q.","Zhou, Heng (57216217214); Zhang, Xin (57196396566); Zhang, Chunlei (57223020406); Ma, Qiaoyu (57216152458)","57216217214; 57196396566; 57223020406; 57216152458","Quaternion convolutional neural networks for hyperspectral image classification","2023","Engineering Applications of Artificial Intelligence","123","","106234","","","49","10.1016/j.engappai.2023.106234","https://www.scopus.com/pages/publications/85151788364?origin=resultslist","Article","Final","","Scopus","2-s2.0-85151788364"
"Asadoorian N.; Yaraghi S.; Tahmasian A.","Asadoorian, Nazeh (59392174300); Yaraghi, Shokufeh (59003272600); Tahmasian, Araeek (59392340100)","59392174300; 59003272600; 59392340100","Pre-trained quantum convolutional neural network for COVID-19 disease classification using computed tomography images","2024","PeerJ Computer Science","10","","e2343","","","2","10.7717/peerj-cs.2343","https://www.scopus.com/pages/publications/85207913818?origin=resultslist","Article","Final","All Open Access; Gold Open Access; Green Open Access","Scopus","2-s2.0-85207913818"
"Bhatta S.; Dang J.","Bhatta, Sanjeev (57211338404); Dang, Ji (16311481800)","57211338404; 16311481800","Multiclass seismic damage detection of buildings using quantum convolutional neural network","2024","Computer-Aided Civil and Infrastructure Engineering","39","3","","406","423","36","10.1111/mice.13084","https://www.scopus.com/pages/publications/85167342171?origin=resultslist","Article","Final","All Open Access; Hybrid Gold Open Access","Scopus","2-s2.0-85167342171"
"Bada S.; Warrier S.R.; Dontabhaktuni J.","Bada, Sriya (58251153400); Warrier, Sreeraj Rajan (58251360600); Dontabhaktuni, Jayasri (54892103800)","58251153400; 58251360600; 54892103800","Detection of brain cancer using quantum-classical CNN based method","2023","Proceedings of SPIE - The International Society for Optical Engineering","12446","","1244616","","","5","10.1117/12.2650132","https://www.scopus.com/pages/publications/85159438526?origin=resultslist","Conference paper","Final","","Scopus","2-s2.0-85159438526"
"Ahmed H.K.; Tantawi B.; Sayed G.I.","Ahmed, Hamza Kamel (58289973100); Tantawi, Baraa (58289973200); Sayed, Gehad Ismail (57023745800)","58289973100; 58289973200; 57023745800","Multiclass Image Classification Based on Quantum‐Inspired Convolutional Neural Network","2023","CEUR Workshop Proceedings","3392","","","177","187","6","10.32782/cmis/3392-15","https://www.scopus.com/pages/publications/85160346798?origin=resultslist","Conference paper","Final","All Open Access; Gold Open Access","Scopus","2-s2.0-85160346798"
"Liang Y.; Peng W.; Zheng Z.-J.; Silvén O.; Zhao G.","Liang, Yanying (57196355046); Peng, Wei (57212636680); Zheng, Zhu-Jun (8441703500); Silvén, Olli (35612073800); Zhao, Guoying (47661917700)","57196355046; 57212636680; 8441703500; 35612073800; 47661917700","A hybrid quantum–classical neural network with deep residual learning","2021","Neural Networks","143","","","133","147","60","10.1016/j.neunet.2021.05.028","https://www.scopus.com/pages/publications/85107814470?origin=resultslist","Article","Final","All Open Access; Hybrid Gold Open Access","Scopus","2-s2.0-85107814470"
"Asaoka H.; Kudo K.","Asaoka, Hinako (57218920104); Kudo, Kazue (9841682600)","57218920104; 9841682600","Quantum autoencoders for image classification","2025","Quantum Machine Intelligence","7","2","71","","","2","10.1007/s42484-025-00297-x","https://www.scopus.com/pages/publications/105011145385?origin=resultslist","Article","Final","All Open Access; Green Open Access","Scopus","2-s2.0-105011145385"
"Dhillon D.; Sharma B.; Mudgal H.; Varshney A.; Madaan V.","Dhillon, Deepak (57207854994); Sharma, Bhupendra (60422843100); Mudgal, Himanshu (59715776700); Varshney, Aishwary (57191866624); Madaan, Vijay (59155855200)","57207854994; 60422843100; 59715776700; 57191866624; 59155855200","Hybrid Quantum and Classical CNN for Enhanced Data Classification","2025","2025 5th Asian Conference on Innovation in Technology, ASIANCON 2025","","","","","","0","10.1109/ASIANCON66527.2025.11281273","https://www.scopus.com/pages/publications/105031447741?origin=resultslist","Conference paper","Final","","Scopus","2-s2.0-105031447741"
"Matondo-Mvula N.; Elleithy K.","Matondo-Mvula, Nadine (58522310800); Elleithy, Khaled (35576221100)","58522310800; 35576221100","Breast Cancer Detection with Quanvolutional Neural Networks","2024","Entropy","26","8","630","","","22","10.3390/e26080630","https://www.scopus.com/pages/publications/85202457652?origin=resultslist","Article","Final","All Open Access; Gold Open Access; Green Open Access","Scopus","2-s2.0-85202457652"
"Aparna M.; Sibi A.L.; Kumari P.; Ram G.; Senthil Kumar T.; Somasundaram K.; Savithri V.","Aparna, M. (57939885100); Sibi, Anna Liza (59931785900); Kumari, Prachi (57832122200); Ram, Golla (59931483200); Senthil Kumar, T. (57208873305); Somasundaram, K. (8579592200); Savithri, Vindhya (55904370300)","57939885100; 59931785900; 57832122200; 59931483200; 57208873305; 8579592200; 55904370300","Interpretable Analysis of Oral Mucosal Lesions using U-Net and Quantum Approaches","2025","Proceedings of 8th International Conference on Inventive Computation Technologies, ICICT 2025","","","","1019","1024","1","10.1109/ICICT64420.2025.11004735","https://www.scopus.com/pages/publications/105007416039?origin=resultslist","Conference paper","Final","","Scopus","2-s2.0-105007416039"
"Zhang S.; Wang A.","Zhang, Shiyue (58185025700); Wang, Aijuan (56651407100)","58185025700; 56651407100","Quantum Transfer Learning Algorithm Based on Parameterized Quantum Circuit","2024","2024 5th International Seminar on Artificial Intelligence, Networking and Information Technology, AINIT 2024","","","","1883","1887","0","10.1109/AINIT61980.2024.10581781","https://www.scopus.com/pages/publications/85199152209?origin=resultslist","Conference paper","Final","","Scopus","2-s2.0-85199152209"
"Ovi T.B.; Bashree N.; Alam A.S.; Tanzim R.; Wahed M.A.; Nyeem H.","Ovi, Tareque Bashar (57456812100); Bashree, Nomaiya (58659734300); Alam, Ayat Subah (59208799300); Tanzim, Rawnak (59940374900); Wahed, Md Abdul (56485471300); Nyeem, Hussain (54987329600)","57456812100; 58659734300; 59208799300; 59940374900; 56485471300; 54987329600","Multiqubit Quantum Convolutional Neural Networks for Efficient AI-Driven Healthcare Analytics","2025","2025 IEEE International Conference on Quantum Photonics, Artificial Intelligence, and Networking, QPAIN 2025","","","","","","0","10.1109/QPAIN66474.2025.11172247","https://www.scopus.com/pages/publications/105019042446?origin=resultslist","Conference paper","Final","","Scopus","2-s2.0-105019042446"
"Xu Z.; Shen K.; Cai P.; Yang T.; Hu Y.; Chen S.; Zhu Y.; Wu Z.; Dai Y.; Wang J.; Yang F.","Xu, Zuyu (57203847116); Shen, Kang (58997965500); Cai, Pengnian (58739629400); Yang, Tao (57192102276); Hu, Yuanming (58740315900); Chen, Shixian (57214722800); Zhu, Yunlai (57204950670); Wu, Zuheng (57201421701); Dai, Yuehua (8202145300); Wang, Jun (56298648900); Yang, Fei (56770456200)","57203847116; 58997965500; 58739629400; 57192102276; 58740315900; 57214722800; 57204950670; 57201421701; 8202145300; 56298648900; 56770456200","Parallel proportional fusion of a spiking quantum neural network for optimizing image classification","2024","Applied Intelligence","54","22","","11876","11891","5","10.1007/s10489-024-05786-3","https://www.scopus.com/pages/publications/85203083930?origin=resultslist","Article","Final","","Scopus","2-s2.0-85203083930"
"Das S.; Martina S.; Caruso F.","Das, Sreetama (57213459682); Martina, Stefano (57219751118); Caruso, Filippo (56503159700)","57213459682; 57219751118; 56503159700","The role of data embedding in equivariant quantum convolutional neural networks","2024","Quantum Machine Intelligence","6","2","82","","","11","10.1007/s42484-024-00215-7","https://www.scopus.com/pages/publications/85209381121?origin=resultslist","Article","Final","All Open Access; Green Open Access; Hybrid Gold Open Access","Scopus","2-s2.0-85209381121"
"Sheethal M.S.; Amudha P.","Sheethal, M.S. (55340258000); Amudha, P. (36022190200)","55340258000; 36022190200","A HYBRID QUANTUM-INSPIRED CNN ARCHITECTURE FOR EFFICIENT AND ACCURATE BRAIN TUMOR CLASSIFICATION WITH EXPLAINABILITY ANALYSIS","2025","Journal of Theoretical and Applied Information Technology","103","1","","312","316","4","","https://www.scopus.com/pages/publications/85216276721?origin=resultslist","Article","Final","","Scopus","2-s2.0-85216276721"
"Ahmed T.; Marchisio A.; Kashif M.; Shafique M.","Ahmed, Tasnim (59027432900); Marchisio, Alberto (57204639484); Kashif, Muhammad (57197631441); Shafique, Muhammad (17435669500)","59027432900; 57204639484; 57197631441; 17435669500","Noisy HQNNs: A Comprehensive Analysis of Noise Robustness in Hybrid Quantum Neural Networks","2025","Proceedings of the International Joint Conference on Neural Networks","","","","","","4","10.1109/IJCNN64981.2025.11229153","https://www.scopus.com/pages/publications/105029258409?origin=resultslist","Conference paper","Final","","Scopus","2-s2.0-105029258409"
"Ouamane N.E.H.; Belhadef H.; Haddad M.","Ouamane, Nour El Houda (58243149600); Belhadef, Hacene (6504513820); Haddad, Mohammed (24832960300)","58243149600; 6504513820; 24832960300","Sentiment analysis of movie reviews based on quantum convolutional neural networks","2025","Journal of Supercomputing","81","16","1473","","","3","10.1007/s11227-025-07965-6","https://www.scopus.com/pages/publications/105019225350?origin=resultslist","Article","Final","","Scopus","2-s2.0-105019225350"
"Vancea V.","Vancea, Vasile (60341585600)","60341585600","Predicting DNA Toehold-Mediated Strand Displacement Rate Constants Using a Quantum Convolutional Neural Network","2025","Proceedings - 27th International Symposium on Symbolic and Numeric Algorithms for Scientific Computing, SYNASC 2025","","","","244","252","0","10.1109/SYNASC69064.2025.00040","https://www.scopus.com/pages/publications/105038343505?origin=resultslist","Conference paper","Final","","Scopus","2-s2.0-105038343505"
"Mauro F.; De Falco F.; Ceschini A.; Meoni G.; Sebastianelli A.; Panella M.; Gamba P.E.; Ullo S.L.","Mauro, Francesco (57221325220); De Falco, Francesca (58932050800); Ceschini, Andrea (57263921600); Meoni, Gabriele (57193139581); Sebastianelli, Alessandro (57202958220); Panella, Massimo (57193363407); Gamba, Paolo E. (7007165803); Ullo, Silvia L. (6503914067)","57221325220; 58932050800; 57263921600; 57193139581; 57202958220; 57193363407; 7007165803; 6503914067","ADVANCING EARTH OBSERVATION WITH TRAINABLE QUANVOLUTIONAL NEURAL NETWORKS FOR CLASSIFICATION TASKS","2025","International Geoscience and Remote Sensing Symposium (IGARSS)  ","","","","2630","2634","0","10.1109/IGARSS55030.2025.11243902","https://www.scopus.com/pages/publications/105033896008?origin=resultslist","Conference paper","Final","","Scopus","2-s2.0-105033896008"
"Prasad S.T.; Sarishma; Rekha G.S.; Vekariya D.; Patil H.; Maranan R.","Prasad, S. Tulasi (59511335000); Sarishma (57416390800); Rekha, G. Sunitha (59173802900); Vekariya, Daxa (57958615100); Patil, Harshal (57216820241); Maranan, Ramya (58541249600)","59511335000; 57416390800; 59173802900; 57958615100; 57216820241; 58541249600","An Optimized Equivariant Quantum Network for Ingenious Building Monitoring and Control using an Android Application","2024","4th International Conference on Sustainable Expert Systems, ICSES 2024 - Proceedings","","","","1027","1033","1","10.1109/ICSES63445.2024.10763033","https://www.scopus.com/pages/publications/85214789341?origin=resultslist","Conference paper","Final","","Scopus","2-s2.0-85214789341"
"Rai A.; Walavalkar R.; Arora S.","Rai, Aashita (60522705100); Walavalkar, Rujuta (60522508900); Arora, Sandhya (11339983500)","60522705100; 60522508900; 11339983500","A Hybrid Quantum-Classical Neural Network for EEG-based Classification of Harmful Brain Activity","2025","Proceedings of 10th International Conference on Communication and Electronics Systems, ICCES 2025","","","","583","588","0","10.1109/ICCES67310.2025.11336255","https://www.scopus.com/pages/publications/105033519651?origin=resultslist","Conference paper","Final","","Scopus","2-s2.0-105033519651"
"Chang S.Y.; Saux B.L.; Vallecorsa S.; Grossi M.","Chang, Su Yeon (57221138283); Saux, Bertrand Le (6506307016); Vallecorsa, Sofia (35228122400); Grossi, Michele (57203555059)","57221138283; 6506307016; 35228122400; 57203555059","Quantum Convolutional Circuits for Earth Observation Image Classification","2022","International Geoscience and Remote Sensing Symposium (IGARSS)","2022-July","","","4907","4910","12","10.1109/IGARSS46834.2022.9883992","https://www.scopus.com/pages/publications/85140409461?origin=resultslist","Conference paper","Final","All Open Access; Green Open Access","Scopus","2-s2.0-85140409461"
"Gordienko Y.; Trochun Y.; Stirenko S.","Gordienko, Yuri (6701855242); Trochun, Yevhenii (57282932100); Stirenko, Sergii (54421204800)","6701855242; 57282932100; 54421204800","Multimodal Quanvolutional and Convolutional Neural Networks for Multi-Class Image Classification","2024","Big Data and Cognitive Computing","8","7","75","","","4","10.3390/bdcc8070075","https://www.scopus.com/pages/publications/85199504801?origin=resultslist","Article","Final","All Open Access; Gold Open Access; Green Open Access","Scopus","2-s2.0-85199504801"
"Kalampokas T.; Vrochidou E.; Papakostas G.A.","Kalampokas, Theofanis (57200499871); Vrochidou, Eleni (53867522300); Papakostas, George A. (14060879200)","57200499871; 53867522300; 14060879200","Quantum-Assisted Visual Quality Assessment of Pomegranates Using Hybrid Transfer Learning","2026","Proceedings of SPIE - The International Society for Optical Engineering","14114","","1411416","","","0","10.1117/12.3096410","https://www.scopus.com/pages/publications/105032950775?origin=resultslist","Conference paper","Final","","Scopus","2-s2.0-105032950775"
"Pandey D.; Gode I.; Mantrala V.S.; Shah S.","Pandey, Devang (57560724700); Gode, Idhant (59704928600); Mantrala, Venkata Shaurya (59705107700); Shah, Swayam (59704390700)","57560724700; 59704928600; 59705107700; 59704390700","Deep Learning for Non-Invasive Intoxication Detection: Ocular Analysis of Drivers Using CNNs and Quanvolutional Models","2024","2024 4th International Conference on Artificial Intelligence, Robotics, and Communication, ICAIRC 2024","","","","58","61","0","10.1109/ICAIRC64177.2024.10900115","https://www.scopus.com/pages/publications/105000760996?origin=resultslist","Conference paper","Final","","Scopus","2-s2.0-105000760996"
"Zheng J.; Gao Q.; Lü J.; Ogorzałek M.; Pan Y.; Lü Y.","Zheng, Jin (57226338060); Gao, Qing (51060985100); Lü, Jinhu (7601562455); Ogorzałek, Maciej (7004920034); Pan, Yu (56021503100); Lü, Yanxuan (57226332827)","57226338060; 51060985100; 7601562455; 7004920034; 56021503100; 57226332827","Design of a quantum convolutional neural network on quantum circuits","2023","Journal of the Franklin Institute","360","17","","13761","13777","28","10.1016/j.jfranklin.2022.07.033","https://www.scopus.com/pages/publications/85136300932?origin=resultslist","Article","Final","All Open Access; Green Open Access","Scopus","2-s2.0-85136300932"
"Mazher M.; Qayyum A.; Ahamed Khan M.K.A.; Niederer S.; Mokayef M.; Hassan C.S.; Ridzuan Bin Abd Hamid A.","Mazher, Moona (57189096519); Qayyum, Abdul (57211138712); Ahamed Khan, M.K.A. (57188756986); Niederer, Steven (6507804465); Mokayef, Mastaneh (55383333900); Hassan, Cik Suhana (57190385024); Ridzuan Bin Abd Hamid, Amar (58983621000)","57189096519; 57211138712; 57188756986; 6507804465; 55383333900; 57190385024; 58983621000","Hybrid Classical and Quantum Deep Learning Models for Medical Image Classification","2024","Proceedings of International Conference on Artificial Life and Robotics","","","","222","226","6","","https://www.scopus.com/pages/publications/85190264096?origin=resultslist","Conference paper","Final","","Scopus","2-s2.0-85190264096"
"Sihare S.R.","Sihare, Shyam R. (57195062233)","57195062233","Decoherence and quantum threats in voice biometric authentication with post-quantum countermeasures","2025","Quantum Information Processing","24","11","370","","","2","10.1007/s11128-025-04980-7","https://www.scopus.com/pages/publications/105022020840?origin=resultslist","Article","Final","","Scopus","2-s2.0-105022020840"
"Jha A.K.; Bhandari R.; Chadha R.","Jha, Aditya Kumar (60413299900); Bhandari, Rahul (57201373110); Chadha, Raman (57780472600)","60413299900; 57201373110; 57780472600","A Comprehensive Review of Hybrid Quantum-Classical Approaches for Image Classification","2025","2025 IEEE 3rd Global Conference on Wireless Computing and Networking, GCWCN 2025","","","","","","0","10.1109/GCWCN66157.2025.11448343","https://www.scopus.com/pages/publications/105037319663?origin=resultslist","Conference paper","Final","","Scopus","2-s2.0-105037319663"
"Blekos K.; Kosmopoulos D.","Blekos, Kostas (36738709800); Kosmopoulos, Dimitrios (6602400685)","36738709800; 6602400685","A Quantum 3D Convolutional Neural Network with Application in Video Classification","2021","Lecture Notes in Computer Science (including subseries Lecture Notes in Artificial Intelligence and Lecture Notes in Bioinformatics)","13017 LNCS","","","601","612","3","10.1007/978-3-030-90439-5_47","https://www.scopus.com/pages/publications/85121908869?origin=resultslist","Conference paper","Final","","Scopus","2-s2.0-85121908869"
"Lozano-Cruz J.; Nieto-Morales A.; Balló-Gimbernat O.; Garriga A.; Rodríguez-Otero A.; Borrallo-Rentero A.","Lozano-Cruz, Jesús (60046426300); Nieto-Morales, Albert (60598203000); Balló-Gimbernat, Oriol (60046525300); Garriga, Adan (57953643300); Rodríguez-Otero, Antón (59127212400); Borrallo-Rentero, Alejandro (60046525400)","60046426300; 60598203000; 60046525300; 57953643300; 59127212400; 60046525400","Practical insights on the effect of different encodings, ansätze and measurements in quantum and hybrid convolutional neural networks","2026","Quantum Machine Intelligence","8","1","49","","","0","10.1007/s42484-026-00382-9","https://www.scopus.com/pages/publications/105037469893?origin=resultslist","Article","Final","All Open Access; Green Open Access; Hybrid Gold Open Access","Scopus","2-s2.0-105037469893"
"Sarda A.","Sarda, Aryaman (59720499900)","59720499900","Implementing Hybrid Quantum Neural Networks for Accurate Wildfire Detection","2025","International Conference on Communication Systems and Networks, COMSNETS","","2025","","1136","1141","1","10.1109/COMSNETS63942.2025.10885552","https://www.scopus.com/pages/publications/105001665815?origin=resultslist","Conference paper","Final","","Scopus","2-s2.0-105001665815"
"Zhang Y.; Huang Y.-B.; Chen D.-H.; Zhang Q.-Y.","Zhang, Yuan (57215431026); Huang, Yi-bo (36647411400); Chen, De-huai (57337010500); Zhang, Qiu-yu (55699322500)","57215431026; 36647411400; 57337010500; 55699322500","Verifiable speech retrieval algorithm based on diversity security template and biohashing","2023","Multimedia Tools and Applications","82","24","","36973","37002","2","10.1007/s11042-023-14873-5","https://www.scopus.com/pages/publications/85150044597?origin=resultslist","Article","Final","","Scopus","2-s2.0-85150044597"
"Hu R.; Zhou X.; Xu Z.; Liao Z.; Wu H.; Qu H.; Tang Z.-R.","Hu, Ruihan (57204601554); Zhou, Xuefeng (55743312800); Xu, Zhihao (57214001897); Liao, Zhaoyang (57202506594); Wu, Hongmin (56650300300); Qu, Hongyi (57210961315); Tang, Zhi-Ri (57205300113)","57204601554; 55743312800; 57214001897; 57202506594; 56650300300; 57210961315; 57205300113","Cross-subject federated transfer learning with quanvolutional layer for Motor Imagery classification","2021","Proceeding - 2021 China Automation Congress, CAC 2021","","","","5736","5741","6","10.1109/CAC53003.2021.9727351","https://www.scopus.com/pages/publications/85128078187?origin=resultslist","Conference paper","Final","","Scopus","2-s2.0-85128078187"
"Scott K.R.; Khatri S.P.","Scott, Kyler R. (57713725900); Khatri, Sunil P. (58680083700)","57713725900; 58680083700","A Flash-Based Reconfigurable QCNN Inference Accelerator for Edge Applications","2026","IEEE Transactions on Computers","75","4","","1533","1550","1","10.1109/TC.2026.3654441","https://www.scopus.com/pages/publications/105027993409?origin=resultslist","Article","Final","","Scopus","2-s2.0-105027993409"
"Hassan E.; Hossain M.S.; Saber A.; Elmougy S.; Ghoneim A.; Muhammad G.","Hassan, Esraa (57188579359); Hossain, M. Shamim (24066717900); Saber, Abeer (57200597971); Elmougy, Samir (6602260457); Ghoneim, Ahmed (59000120400); Muhammad, Ghulam (56605566900)","57188579359; 24066717900; 57200597971; 6602260457; 59000120400; 56605566900","A quantum convolutional network and ResNet (50)-based classification architecture for the MNIST medical dataset","2024","Biomedical Signal Processing and Control","87","","105560","","","80","10.1016/j.bspc.2023.105560","https://www.scopus.com/pages/publications/85173142396?origin=resultslist","Article","Final","","Scopus","2-s2.0-85173142396"
"Onuoha C.; Flaherty J.; Nguyen T.; Thang T.C.","Onuoha, Chibuike (58001991300); Flaherty, Jean (58001546500); Nguyen, Tuyen (57753495500); Thang, Truong Cong (6701426749)","58001991300; 58001546500; 57753495500; 6701426749","Data Scanning Methods for Quantum-Classical Interface in Quanvolutional Neural Networks","2022","2022 IEEE International Conference on Consumer Electronics-Asia, ICCE-Asia 2022","","","","","","6","10.1109/ICCE-Asia57006.2022.9954840","https://www.scopus.com/pages/publications/85143791000?origin=resultslist","Conference paper","Final","","Scopus","2-s2.0-85143791000"
"Mohana; Kejriwal R.; Ritika H.J.; Arora A.","Mohana (57113679700); Kejriwal, Rahul (57224210338); Ritika, H.J. (57614785200); Arora, Arpit (57610810400)","57113679700; 57224210338; 57614785200; 57610810400","Artificial Intelligence (AI) Enabled Vehicle Detection and counting Using Deep Learning","2022","2022 International Conference on Computer Communication and Informatics, ICCCI 2022","","","","","","8","10.1109/ICCCI54379.2022.9740929","https://www.scopus.com/pages/publications/85128704774?origin=resultslist","Conference paper","Final","","Scopus","2-s2.0-85128704774"
"Karthik S.; Snehanvitha K.; Kumar A.S.; Teella D.; Shreya R.N.; Ramanathan S.","Karthik, S. (59862589500); Snehanvitha, K. (60597656100); Kumar, Addanki Sai (60598461600); Teella, Dattatreya (60598461700); Shreya, R Naga (60597656200); Ramanathan, Shalini (60223738800)","59862589500; 60597656100; 60598461600; 60598461700; 60597656200; 60223738800","Brain Tumour Detection Using Quantum Convolutional Neural Networks (QCNN)","2025","OCIT 2025 - Proceedings 23rd OITS International Conference on Information Technology","","","","588","593","0","10.1109/OCIT66168.2025.11400476","https://www.scopus.com/pages/publications/105036723273?origin=resultslist","Conference paper","Final","","Scopus","2-s2.0-105036723273"
"Nithya R.; Gayathri J.; Jayalakshmi R.; Pravin P.; Shanker N.R.","Nithya, R. (60517374200); Gayathri, J. (59407217400); Jayalakshmi, R. (60517506800); Pravin, P. (59778862700); Shanker, N.R. (36521623700)","60517374200; 59407217400; 60517506800; 59778862700; 36521623700","Quantum Neural Network Architectures and Optimization Strategies for NISQ-Era Systems","2025","Proceedings - IEEE 10th International Conference on Smart Structures and Systems, ICSSS 2025","","","","","","0","10.1109/ICSSS66939.2025.11346163","https://www.scopus.com/pages/publications/105033144458?origin=resultslist","Conference paper","Final","","Scopus","2-s2.0-105033144458"
"Zheng F.; Liu Z.; Zhang S.","Zheng, FangCong (59010012500); Liu, ZhaoLin (59010012700); Zhang, ShiBin (55788282300)","59010012500; 59010012700; 55788282300","Quantum Convolutional Neural Network based on Variational Quantum Fuzzy Inference","2024","2024 5th International Conference on Information Science, Parallel and Distributed Systems, ISPDS 2024","","","","629","632","1","10.1109/ISPDS62779.2024.10667586","https://www.scopus.com/pages/publications/85205265125?origin=resultslist","Conference paper","Final","","Scopus","2-s2.0-85205265125"
"Shi S.; Wang Z.; Li J.; Li Y.; Shang R.; Zhong G.; Gu Y.","Shi, Shangshang (57221840655); Wang, Zhimin (57209050255); Li, Jiaxin (57222054751); Li, Yanan (57873038400); Shang, Ruimin (57221840181); Zhong, Guoqiang (56393836400); Gu, Yongjian (7403046230)","57221840655; 57209050255; 57222054751; 57873038400; 57221840181; 56393836400; 7403046230","Quantum convolutional neural networks for multiclass image classification","2024","Quantum Information Processing","23","5","189","","","16","10.1007/s11128-024-04360-7","https://www.scopus.com/pages/publications/85192868824?origin=resultslist","Article","Final","","Scopus","2-s2.0-85192868824"
"Rivera-Ruiz M.A.; Juárez-Osorio S.L.; Mendez-Vazquez A.; López-Romero J.M.; Rodriguez-Tello E.","Rivera-Ruiz, Mayra Alejandra (56986571500); Juárez-Osorio, Sandra Leticia (58701887100); Mendez-Vazquez, Andres (56013587600); López-Romero, José Mauricio (55989653900); Rodriguez-Tello, Eduardo (13609694400)","56986571500; 58701887100; 56013587600; 55989653900; 13609694400","1D Quantum Convolutional Neural Network for Time Series Forecasting and Classification","2024","Lecture Notes in Computer Science (including subseries Lecture Notes in Artificial Intelligence and Lecture Notes in Bioinformatics)","14391 LNAI","","","17","35","9","10.1007/978-3-031-47765-2_2","https://www.scopus.com/pages/publications/85177192506?origin=resultslist","Conference paper","Final","","Scopus","2-s2.0-85177192506"
"Tang Z.","Tang, Zhenzhen (59424547200)","59424547200","Research on the Design of Financial Data Analysis Platform with Joint PSO-HQCNN and RPA Robot Visualization Technology","2024","IEIE Transactions on Smart Processing and Computing","13","5","","472","479","0","10.5573/IEIESPC.2024.13.5.472","https://www.scopus.com/pages/publications/85210152899?origin=resultslist","Article","Final","","Scopus","2-s2.0-85210152899"
"Samarth P.; Shashidhar S.; Rajani S.; Masand S.; Ramasamy P.","Samarth, P. (60025198500); Shashidhar, Sadhana (60162914200); Rajani, Sakshi (60559815300); Masand, Sakshi (60162695100); Ramasamy, Prema (59794297100)","60025198500; 60162914200; 60559815300; 60162695100; 59794297100","Benchmarking the Quantum Frontier: Evaluating QML Models on Core Learning Tasks","2025","2025 5th International Conference on AI-ML-Systems, AIMLSystems 2025","","","","430","435","0","10.1109/AIMLSYSTEMS67835.2025.11330254","https://www.scopus.com/pages/publications/105034840153?origin=resultslist","Conference paper","Final","","Scopus","2-s2.0-105034840153"
"Sumithra M.; Kiruba G.S.P.; Srinivasan J.; Aishwarya M.; Sathya S.; Geetha K.","Sumithra, M. (57226735926); Kiruba, G. Sweety Prasanna (59718642900); Srinivasan, J. (59250717100); Aishwarya, M. (57218925640); Sathya, S. (57213611944); Geetha, K. (57197311163)","57226735926; 59718642900; 59250717100; 57218925640; 57213611944; 57197311163","Large Language Model AI Text Generation Detection based on Transformer Deep Fast Quantum Convolutional Neural Networks","2025","Proceedings of the 6th International Conference on Inventive Research in Computing Applications, ICIRCA 2025","","","","997","1003","2","10.1109/ICIRCA65293.2025.11089509","https://www.scopus.com/pages/publications/105013616979?origin=resultslist","Conference paper","Final","","Scopus","2-s2.0-105013616979"
"Arepalli P.G.; Chennamsetti S.; Poluri M.M.; Kumpati S.; Pulugujju R.K.; Karanki H.","Arepalli, Peda Gopi (58307749700); Chennamsetti, Sravya (60023374800); Poluri, Mary Midhila (60022806900); Kumpati, Sukanya (60023088500); Pulugujju, Rathna Kumari (60023234400); Karanki, Hemasri (60023374900)","58307749700; 60023374800; 60022806900; 60023088500; 60023234400; 60023374900","Corn Leaf Disease Detection using Quantum CNN","2025","Proceedings of the 7th International Conference on Intelligent Sustainable Systems, ICISS 2025","","","","1235","1239","1","10.1109/ICISS63372.2025.11076546","https://www.scopus.com/pages/publications/105012161663?origin=resultslist","Conference paper","Final","","Scopus","2-s2.0-105012161663"
"Seyfipoor M.; Zafarqandi M.J.S.; Mohammadi S.","Seyfipoor, Mahdi (55943344600); Zafarqandi, Mohammad Javad Samii (59552991000); Mohammadi, Siamak (13105474000)","55943344600; 59552991000; 13105474000","Quantum Algorithms and Hybrid Solutions for Real-Time Vision Applications: Evaluation and Comparison","2024","11th International Symposium on Telecommunication: Communication in the Age of Artificial Intelligence, IST 2024","","","","805","811","1","10.1109/IST64061.2024.10843426","https://www.scopus.com/pages/publications/85217617760?origin=resultslist","Conference paper","Final","","Scopus","2-s2.0-85217617760"
"Maheshwari D.; Pelzer J.; Schulte M.","Maheshwari, Danyal (57223239400); Pelzer, Julia (58975013300); Schulte, Miriam (57223744615)","57223239400; 58975013300; 57223744615","Predicting Heat Plume Temperature and Spatial Location Using Quantum Convolutional Neural Networks","2025","Proceedings - 2025 International Conference on Quantum Communications, Networking, and Computing, QCNC 2025","","","","623","627","0","10.1109/QCNC64685.2025.00103","https://www.scopus.com/pages/publications/105007942866?origin=resultslist","Conference paper","Final","","Scopus","2-s2.0-105007942866"
"Vallero M.; Dri E.; Giusto E.; Montrucchio B.; Rech P.","Vallero, Marzio (58849641900); Dri, Emanuele (57553082900); Giusto, Edoardo (57204802342); Montrucchio, Bartolomeo (6603463265); Rech, Paolo (19638969800)","58849641900; 57553082900; 57204802342; 6603463265; 19638969800","Understanding Logical-Shift Error Propagation in Quanvolutional Neural Networks","2024","IEEE Transactions on Quantum Engineering","5","","3100914","1","14","7","10.1109/TQE.2024.3372880","https://www.scopus.com/pages/publications/85187400335?origin=resultslist","Article","Final","All Open Access; Gold Open Access; Green Open Access","Scopus","2-s2.0-85187400335"
"Bahl N.; Singh P.; Singh K.","Bahl, Nitika (60607217600); Singh, Pranjal (60606903400); Singh, Kulvinder (59986923700)","60607217600; 60606903400; 59986923700","Quantum Machine Learning for Disease Prediction: A Comparative and Multimodal Study on Early-Stage and Chronic Conditions","2025","2025 IEEE International Conference on Emerging Trends in Computing and Communication, ETCOM 2025","","","","","","0","10.1109/ETCOM66606.2025.11436834","https://www.scopus.com/pages/publications/105037325074?origin=resultslist","Conference paper","Final","","Scopus","2-s2.0-105037325074"
"Manek A.S.; Ganesh K.S.; Abuzar M.; Chethan Kumar K.V.; Jeevitha H.; Christa S.","Manek, Asha S. (56030902900); Ganesh, K. Shakthi (60465591700); Abuzar, Mohammad (60465399500); Chethan Kumar, K.V. (60465399600); Jeevitha, H. (60466163200); Christa, Sharon (56996027900)","56030902900; 60465591700; 60465399500; 60465399600; 60466163200; 56996027900","Quantum Convolutional Neural Networks for Medical Image Diagnosis","2025","Proceedings of IEEE International Conference for Women in Innovation, Technology and Entrepreneurship, ICWITE 2025","","","","","","0","10.1109/ICWITE64848.2025.11306951","https://www.scopus.com/pages/publications/105032346709?origin=resultslist","Conference paper","Final","","Scopus","2-s2.0-105032346709"
"Baek H.; Yun W.J.; Kim J.","Baek, Hankyul (57374948000); Yun, Won Joon (57221148205); Kim, Joongheon (8866990900)","57374948000; 57221148205; 8866990900","FV-Train: Quantum Convolutional Neural Network Training with a Finite Number of Qubits by Extracting Diverse Features","2023","Proceedings of the 37th AAAI Conference on Artificial Intelligence, AAAI 2023","37","","","16156","16157","4","10.1609/aaai.v37i13.26938","https://www.scopus.com/pages/publications/85168238487?origin=resultslist","Conference paper","Final","All Open Access; Gold Open Access","Scopus","2-s2.0-85168238487"
"Chen A.C.H.","Chen, Abel C. H. (60331001200)","60331001200","HQSI: Hybrid Quantum Swarm Intelligence - A Case Study of Online Certificate Status Protocol Request Flow Prediction","2025","2025 2nd International Conference on Integration of Computational Intelligent System, ICICIS 2025","","","","","","1","10.1109/ICICIS65613.2025.11371297","https://www.scopus.com/pages/publications/105034712065?origin=resultslist","Conference paper","Final","All Open Access; Green Open Access","Scopus","2-s2.0-105034712065"
"Zeguendry A.; Jarir Z.; Quafafou M.","Zeguendry, Amine (57923417100); Jarir, Zahi (57222267957); Quafafou, Mohamed (6602560694)","57923417100; 57222267957; 6602560694","Quantum Machine Learning: Practical Cases","2022","16th International Conference on INnovations in Intelligent SysTems and Applications, INISTA 2022","","","","","","3","10.1109/INISTA55318.2022.9894249","https://www.scopus.com/pages/publications/85139592325?origin=resultslist","Conference paper","Final","","Scopus","2-s2.0-85139592325"
"Hidayatullah M.I.; Syafalni I.; Ahmadi N.; Sutisna N.; Mulyawan R.; Adiono T.","Hidayatullah, Muhammad Ildiyandi (60557575600); Syafalni, Infall (36083609700); Ahmadi, Nur (57204664529); Sutisna, Nana (56038758900); Mulyawan, Rahmat (36987136000); Adiono, Trio (6506068255)","60557575600; 36083609700; 57204664529; 56038758900; 36987136000; 6506068255","Multi-Class Line Position Detection Using Hybrid Quantum Convolutional Neural Network","2025","2025 International Symposium on Intelligent Signal Processing and Communication Systems, ISPACS 2025","","","","","","0","10.1109/ISPACS68724.2025.11382773","https://www.scopus.com/pages/publications/105034717635?origin=resultslist","Conference paper","Final","","Scopus","2-s2.0-105034717635"
"He X.; Xiao J.; Lyu X.","He, Xinglin (60534814200); Xiao, Jiaxun (57214068340); Lyu, Xuanli (60534831100)","60534814200; 57214068340; 60534831100","A Hybrid Quantum–Classical Neural Network Framework for the Detection of Quantum Hacking Attacks in CVQKD","2026","Applied Sciences (Switzerland)","16","6","2793","","","0","10.3390/app16062793","https://www.scopus.com/pages/publications/105033899762?origin=resultslist","Article","Final","All Open Access; Gold Open Access; Green Open Access","Scopus","2-s2.0-105033899762"
"Oh S.; Choi J.; Kim J.-K.; Kim J.","Oh, Seunghyeok (57215855922); Choi, Jaeho (57204194920); Kim, Jong-Kook (7601381739); Kim, Joongheon (8866990900)","57215855922; 57204194920; 7601381739; 8866990900","Quantum Convolutional Neural Network for Resource-Efficient Image Classification: A Quantum Random Access Memory (QRAM) Approach","2021","International Conference on Information Networking","2021-January","","9333906","50","52","32","10.1109/ICOIN50884.2021.9333906","https://www.scopus.com/pages/publications/85100798148?origin=resultslist","Conference paper","Final","","Scopus","2-s2.0-85100798148"
"Ping H.K.; Chye Cheah T.","Ping, Hoo Kai (60422787600); Chye Cheah, Tan (60422640000)","60422787600; 60422640000","Hybrid Quantum Convolutional Neural Networks with Structured Quantum Layers and Expressivity Analysis","2025","7th IEEE International Conference on Artificial Intelligence in Engineering and Technology, IICAIET 2025","","","","292","297","0","10.1109/IICAIET67254.2025.11265063","https://www.scopus.com/pages/publications/105031360082?origin=resultslist","Conference paper","Final","","Scopus","2-s2.0-105031360082"
"Jeong S.-G.; Do Q.-V.; Hwang H.-J.; Hasegawa M.; Sekiya H.; Hwang W.-J.","Jeong, Seon-Geun (58064627900); Do, Quang-Vinh (57200589488); Hwang, Hae-Ji (58663883500); Hasegawa, Mikio (7403099468); Sekiya, Hiroo (7006960259); Hwang, Won-Joo (55662845400)","58064627900; 57200589488; 58663883500; 7403099468; 7006960259; 55662845400","UWB NLOS/LOS Classification Using Hybrid Quantum Convolutional Neural Networks","2023","2023 IEEE International Conference on Consumer Electronics-Asia, ICCE-Asia 2023","","","","","","4","10.1109/ICCE-Asia59966.2023.10326359","https://www.scopus.com/pages/publications/85179886454?origin=resultslist","Conference paper","Final","","Scopus","2-s2.0-85179886454"
"Sharma A.; Prasad S.","Sharma, Ashmit (60371044900); Prasad, Shitala (36997272500)","60371044900; 36997272500","Impact of Image Resolution and Class Complexity on QCNN Performance","2026","Communications in Computer and Information Science","2717 CCIS","","","96","110","0","10.1007/978-3-032-10250-8_8","https://www.scopus.com/pages/publications/105029400006?origin=resultslist","Conference paper","Final","","Scopus","2-s2.0-105029400006"
"Aroop D.S.; Sujitha J.D.; Ebenezer S.","Aroop, D.S. (59353502300); Sujitha, Juliet D. (57189716828); Ebenezer, Shamila (53870141400)","59353502300; 57189716828; 53870141400","Optimizing Gastric Cancer Classification with QCNN and Fine-Tuning","2025","International Journal of Electrical and Computer Engineering Systems","16","5","","365","375","2","10.32985/ijeces.16.5.2","https://www.scopus.com/pages/publications/105007625380?origin=resultslist","Article","Final","All Open Access; Gold Open Access; Green Open Access","Scopus","2-s2.0-105007625380"
"Prabhu S.; Gupta S.; Prabhu G.M.; Dhanuka A.V.; Bhat K.V.","Prabhu, Sharanya (58759703400); Gupta, Shourya (58304321500); Prabhu, Gautham Manuru (23986334700); Dhanuka, Aarushi Vishal (57881116500); Bhat, K. Vivekananda (57298856200)","58759703400; 58304321500; 23986334700; 57881116500; 57298856200","QuCardio: Application of Quantum Machine Learning for Detection of Cardiovascular Diseases","2023","IEEE Access","11","","","136122","136135","40","10.1109/ACCESS.2023.3338145","https://www.scopus.com/pages/publications/85179585200?origin=resultslist","Article","Final","All Open Access; Gold Open Access; Green Open Access","Scopus","2-s2.0-85179585200"
"Chen J.; Wu Y.; Yang Z.; Xu S.; Ye X.; Li D.; Wang K.; Zhang C.; Jin F.; Zhu X.; Gao Y.; Tan Z.; Cui Z.; Zhang A.; Wang N.; Zou Y.; Li T.; Shen F.; Zhong J.; Bao Z.; Zhu Z.; Song Z.; Deng J.; Dong H.; Zhang P.; Zhang W.; Li H.; Guo Q.; Wang Z.; Li Y.; Wang X.; Song C.; Wang H.","Chen, Jiachen (57202692666); Wu, Yaozu (57609174100); Yang, Zhen (59612123600); Xu, Shibo (57221326873); Ye, Xuan (59469157700); Li, Daili (59469330000); Wang, Ke (57303289900); Zhang, Chuanyu (57610236800); Jin, Feitong (57271824700); Zhu, Xuhao (57271824800); Gao, Yu (57271131800); Tan, Ziqi (57218843652); Cui, Zhengyi (58820562800); Zhang, Aosai (57984116700); Wang, Ning (59600301200); Zou, Yiren (57983941800); Li, Tingting (57196459776); Shen, Fanhao (57983236500); Zhong, Jiarun (57984478400); Bao, Zehang (57983236400); Zhu, Zitian (57983705300); Song, Zixuan (57219088671); Deng, Jinfeng (57271968200); Dong, Hang (57215045440); Zhang, Pengfei (57755423900); Zhang, Wei (57208542310); Li, Hekang (56520810500); Guo, Qiujiang (57191333017); Wang, Zhen (55869485300); Li, Ying (56453047900); Wang, Xiaoting (57205085605); Song, Chao (57059690400); Wang, H. (59859305800)","57202692666; 57609174100; 59612123600; 57221326873; 59469157700; 59469330000; 57303289900; 57610236800; 57271824700; 57271824800; 57271131800; 57218843652; 58820562800; 57984116700; 59600301200; 57983941800; 57196459776; 57983236500; 57984478400; 57983236400; 57983705300; 57219088671; 57271968200; 57215045440; 57755423900; 57208542310; 56520810500; 57191333017; 55869485300; 56453047900; 57205085605; 57059690400; 59859305800","Quantum ensemble learning with a programmable superconducting processor","2025","npj Quantum Information","11","1","83","","","9","10.1038/s41534-025-01037-6","https://www.scopus.com/pages/publications/105005576280?origin=resultslist","Article","Final","All Open Access; Gold Open Access; Green Open Access","Scopus","2-s2.0-105005576280"
"Baek H.; Yun W.J.; Park S.; Kim J.","Baek, Hankyul (57374948000); Yun, Won Joon (57221148205); Park, Soohyun (57210251609); Kim, Joongheon (8866990900)","57374948000; 57221148205; 57210251609; 8866990900","Stereoscopic scalable quantum convolutional neural networks","2023","Neural Networks","165","","","860","867","40","10.1016/j.neunet.2023.06.027","https://www.scopus.com/pages/publications/85164294395?origin=resultslist","Article","Final","","Scopus","2-s2.0-85164294395"
"Md; Jose D.","Md, Manan Mujahid (60107201200); Jose, Deepa (55375594200)","60107201200; 55375594200","A new quantum AI -performance analysis of low-power VLSI circuits in IoT devices using quantum machine learning techniques","2026","Quantum Information Processing","25","4","126","","","0","10.1007/s11128-026-05149-6","https://www.scopus.com/pages/publications/105035359298?origin=resultslist","Article","Final","","Scopus","2-s2.0-105035359298"
"Wu J.; Li Q.","Wu, Jindi (57614113200); Li, Qun (55703383500)","57614113200; 55703383500","Poster: Scalable Quantum Convolutional Neural Networks for Edge Computing","2022","Proceedings - 2022 IEEE/ACM 7th Symposium on Edge Computing, SEC 2022","","","","307","309","7","10.1109/SEC54971.2022.00041","https://www.scopus.com/pages/publications/85146678916?origin=resultslist","Conference paper","Final","","Scopus","2-s2.0-85146678916"
"Nguyen D.H.; Nguyen X.T.; Jeong S.-G.; Chien T.V.; Hanzo L.; Hwang W.-J.","Nguyen, Doan Hieu (60011293700); Nguyen, Xuan Tung (57210842633); Jeong, Seon-Geun (58064627900); Chien, Trinh Van (57190579618); Hanzo, Lajos (36043733600); Hwang, Won-Joo (55662845400)","60011293700; 57210842633; 58064627900; 57190579618; 36043733600; 55662845400","Hybrid Quantum Convolutional Neural Network-Aided Pilot Assignment in Cell-Free Massive MIMO Systems","2025","IEEE Transactions on Vehicular Technology","74","12","","19876","19881","4","10.1109/TVT.2025.3588212","https://www.scopus.com/pages/publications/105011476747?origin=resultslist","Article","Final","All Open Access; Green Open Access","Scopus","2-s2.0-105011476747"
"Qayyum T.; Tariq A.; Haseeb M.W.; Alrabae S.; Trabelsi Z.; Sallabi F.; Serhani M.A.","Qayyum, Tariq (57204469795); Tariq, Asadullah (57215870294); Haseeb, Muhammad Waqas (59801444900); Alrabae, Saed (60216556800); Trabelsi, Zouheir (21835079800); Sallabi, Farag (55965233800); Serhani, Mohamed Adel (15925757100)","57204469795; 57215870294; 59801444900; 60216556800; 21835079800; 55965233800; 15925757100","Harnessing the Power of Quantum Computing for URL Classification: A Comprehensive Study","2026","Lecture Notes of the Institute for Computer Sciences, Social-Informatics and Telecommunications Engineering, LNICST","627 LNICST","","","357","375","0","10.1007/978-3-031-94445-1_19","https://www.scopus.com/pages/publications/105023329175?origin=resultslist","Conference paper","Final","","Scopus","2-s2.0-105023329175"
"Lin Y.; Yu G.; Zhu T.; Jiang X.","Lin, Yongzhe (59730680800); Yu, Guanting (59730826100); Zhu, Tianze (58972105400); Jiang, Xiaofeng (55585552000)","59730680800; 59730826100; 58972105400; 55585552000","Efficient Gate-Encoded Quantum Convolutional Neural Network with Channel Attention for Image Classification","2025","Proceedings - International Conference on Tools with Artificial Intelligence, ICTAI","","","","536","543","0","10.1109/ICTAI66417.2025.00079","https://www.scopus.com/pages/publications/105031879720?origin=resultslist","Conference paper","Final","","Scopus","2-s2.0-105031879720"
"Ghazali M.A.A.; Syafalni I.; Maulidevi N.U.; Mulyawan R.","Ghazali, Muhammad Abdul Aziz (60557369800); Syafalni, Infall (36083609700); Maulidevi, Nur Ulfa (24765228900); Mulyawan, Rahmat (36987136000)","60557369800; 36083609700; 24765228900; 36987136000","A Study and Exploration of Hyperparameters in Quantum Convolutional Neural Networks","2025","2025 International Symposium on Intelligent Signal Processing and Communication Systems, ISPACS 2025","","","","","","0","10.1109/ISPACS68724.2025.11383323","https://www.scopus.com/pages/publications/105034718831?origin=resultslist","Conference paper","Final","","Scopus","2-s2.0-105034718831"
"Seyfipoor M.; Zafarqandi M.J.S.; Mohammadi S.","Seyfipoor, Mahdi (55943344600); Zafarqandi, Mohammad Javad Samii (59552991000); Mohammadi, Siamak (13105474000)","55943344600; 59552991000; 13105474000","Real-Time Collaborative Route Planning in Autonomous Vehicles by Leveraging Optimized Quantum Neural Networks","2025","2025 29th International Computer Conference, Computer Society of Iran, CSICC 2025","","","","","","1","10.1109/CSICC65765.2025.10967421","https://www.scopus.com/pages/publications/105005147137?origin=resultslist","Conference paper","Final","","Scopus","2-s2.0-105005147137"
"Riaz F.; Abdulla S.; Suzuki H.; Ganguly S.; Deo R.C.; Hopkins S.","Riaz, Farina (57202830596); Abdulla, Shahab (37561138200); Suzuki, Hajime (7407718263); Ganguly, Srinjoy (57748297200); Deo, Ravinesh C. (8630380500); Hopkins, Susan (56402653700)","57202830596; 37561138200; 7407718263; 57748297200; 8630380500; 56402653700","Accurate Image Multi-Class Classification Neural Network Model with Quantum Entanglement Approach","2023","Sensors","23","5","2753","","","28","10.3390/s23052753","https://www.scopus.com/pages/publications/85150224642?origin=resultslist","Article","Final","All Open Access; Gold Open Access; Green Open Access","Scopus","2-s2.0-85150224642"
"Jiang J.-R.","Jiang, Jehn-Ruey (7404829899)","7404829899","A Quick Overview of Quantum Machine Learning","2023","2023 IEEE 5th Eurasia Conference on IOT, Communication and Engineering, ECICE 2023","","","","301","304","4","10.1109/ECICE59523.2023.10383149","https://www.scopus.com/pages/publications/85184102920?origin=resultslist","Conference paper","Final","","Scopus","2-s2.0-85184102920"
"Gong L.-H.; Chen Y.-Q.; Zhou S.; Zeng Q.-W.","Gong, Li-Hua (59965686100); Chen, Yu-Qi (59966226900); Zhou, Shun (58352589900); Zeng, Qing-Wei (16026129500)","59965686100; 59966226900; 58352589900; 16026129500","Dual Discriminators Quantum Generation Adversarial Network Based on Quantum Convolutional Neural Network","2025","Advanced Quantum Technologies","8","10","e2500224","","","25","10.1002/qute.202500224","https://www.scopus.com/pages/publications/105009265850?origin=resultslist","Article","Final","All Open Access; Bronze Open Access","Scopus","2-s2.0-105009265850"
"Farsian F.; Parmiggiani N.; Rizzo A.; Panebianco G.; Bulgarelli A.; Schilliro F.; Burigana C.; Cardone V.; Cappelli L.; Meneghetti M.; Murante G.; Sarracino G.; Scaramella R.; Testa V.; Trombetti T.","Farsian, Farida (57216546381); Parmiggiani, Nicolo (55993065300); Rizzo, Alessandro (59094418400); Panebianco, Gabriele (58415663100); Bulgarelli, Andrea (6603401902); Schilliro, Francesco (26644569400); Burigana, Carlo (6603819488); Cardone, Vincenzo (7004719199); Cappelli, Luca (58508267900); Meneghetti, Massimo (7005525798); Murante, Giuseppe (6701646522); Sarracino, Giuseppe (6505593793); Scaramella, Roberto (9533992100); Testa, Vincenzo (9533045900); Trombetti, Tiziana (55201919900)","57216546381; 55993065300; 59094418400; 58415663100; 6603401902; 26644569400; 6603819488; 7004719199; 58508267900; 7005525798; 6701646522; 6505593793; 9533992100; 9533045900; 55201919900","Benchmarking Quantum Convolutional Neural Networks for Signal Classification in Simulated Gamma-Ray Burst Detection","2025","Proceedings - 33rd Euromicro International Conference on Parallel, Distributed, and Network-Based Processing, PDP 2025","","","","372","380","3","10.1109/PDP66500.2025.00059","https://www.scopus.com/pages/publications/105005024972?origin=resultslist","Conference paper","Final","","Scopus","2-s2.0-105005024972"
"Sobrinho Y.R.; Soares E.G.B.; Manesco J.R.R.; Al-Tuweity J.; Pires R.G.; Papa J.P.","Sobrinho, Yasmin Rodrigues (59167252800); Soares, Enzo Gabriel Batista (59995374500); Manesco, João Renato Ribeiro (57219168713); Al-Tuweity, Jawaher (57221983615); Pires, Rafael Goncalves (36117814800); Papa, João Paulo (23397842300)","59167252800; 59995374500; 57219168713; 57221983615; 36117814800; 23397842300","A Hybrid Quantum-Classical Model for Breast Cancer Diagnosis with Quanvolutions","2025","Proceedings - IEEE Symposium on Computer-Based Medical Systems","","","","290","296","2","10.1109/CBMS65348.2025.00065","https://www.scopus.com/pages/publications/105010581744?origin=resultslist","Conference paper","Final","","Scopus","2-s2.0-105010581744"
"Fan T.; Wang H.; Hodel T.","Fan, Tao (57270870800); Wang, Hao (57211369297); Hodel, Tobias (57224296700)","57270870800; 57211369297; 57224296700","(Formula presented): Exploration of Quantum Deep Learning on Humanities Data from the Perspective of Digital Humanities","2026","Social Science Computer Review","","","","","","0","10.1177/08944393261416783","https://www.scopus.com/pages/publications/105029187109?origin=resultslist","Article","Article in press","","Scopus","2-s2.0-105029187109"
"Ramos-Villena S.; Atencio-Torres C.; Ochoa-Luna J.","Ramos-Villena, Sergio (59917444800); Atencio-Torres, Carlos (57223904947); Ochoa-Luna, José (57221409587)","59917444800; 57223904947; 57221409587","Hybrid Quantum Model for Brain Tumor Classification","2025","Communications in Computer and Information Science","2496 CCIS","","","374","387","0","10.1007/978-3-031-91428-7_26","https://www.scopus.com/pages/publications/105006833175?origin=resultslist","Conference paper","Final","","Scopus","2-s2.0-105006833175"
"Khawar M.; Khalid S.; Rehman M.U.; Usman A.; Malwi W.A.; Asiri F.","Khawar, Menahil (60140643300); Khalid, Sohail (53264151700); Rehman, Mujeeb Ur (59272855000); Usman, Aminu (57188638132); Malwi, Wajdan Al (59444854200); Asiri, Fatima (58117783400)","60140643300; 53264151700; 59272855000; 57188638132; 59444854200; 58117783400","Shaping the future of cybersecurity: The convergence of AI, quantum computing, and ethical frameworks for a secure digital era","2026","Computer Science Review","60","","100882","","","1","10.1016/j.cosrev.2025.100882","https://www.scopus.com/pages/publications/105025702176?origin=resultslist","Article","Final","All Open Access; Green Open Access; Hybrid Gold Open Access","Scopus","2-s2.0-105025702176"
"Mordacci M.; Ferrari D.; Amoretti M.","Mordacci, Marco (55204809300); Ferrari, Davide (57204772032); Amoretti, Michele (57204775793)","55204809300; 57204772032; 57204775793","Multi-Class Quantum Convolutional Neural Networks","2024","QUASAR 2024 - Proceedings of the ACM Workshop on QUAntum Search and Information Retrieval, Part of: HPDC 2024 - 33rd International Symposium on High-Performance Parallel and Distributed Computing","","","","9","16","5","10.1145/3660318.3660326","https://www.scopus.com/pages/publications/85204970818?origin=resultslist","Conference paper","Final","","Scopus","2-s2.0-85204970818"
"Muppidi A.; Radfar M.","Muppidi, Aneesh (57216523770); Radfar, Martin (8403329000)","57216523770; 8403329000","Speech emotion recognition using quaternion convolutional neural networks","2021","ICASSP, IEEE International Conference on Acoustics, Speech and Signal Processing - Proceedings","2021-June","","","6309","6313","65","10.1109/ICASSP39728.2021.9414248","https://www.scopus.com/pages/publications/85114965941?origin=resultslist","Conference paper","Final","","Scopus","2-s2.0-85114965941"
"Ali N.; Tiwari A.; Neiwal R.K.","Ali, Nasir (59518063600); Tiwari, Abhishek (57197552982); Neiwal, Rahul Kumar (59093178800)","59518063600; 57197552982; 59093178800","MNIST Fashion Classification Using Quantum Convolutional Neural Networks","2024","2024 IEEE International Conference on Computer Vision and Machine Intelligence, CVMI 2024","","","","","","2","10.1109/CVMI61877.2024.10782725","https://www.scopus.com/pages/publications/105003882333?origin=resultslist","Conference paper","Final","","Scopus","2-s2.0-105003882333"
"Sharma K.; Jain B.","Sharma, Kirti (60159677400); Jain, Bhawna (57209089445)","60159677400; 57209089445","Exploring Quantum Machine Learning for PCOS Diagnosis: A Comparative Analysis","2026","Lecture Notes in Networks and Systems","1643","","","252","262","0","10.1007/978-3-032-06250-5_21","https://www.scopus.com/pages/publications/105031585337?origin=resultslist","Conference paper","Final","","Scopus","2-s2.0-105031585337"
"Thayalan N.; Balalojanan V.; Vigneswaran V.; Sukirthan T.; Thiruthanigesan K.; Mahesan S.; Ragel R.G.","Thayalan, Niroji (60525580600); Balalojanan, Vinayagamoorthy (60526257800); Vigneswaran, Vithiyasahar (60525477500); Sukirthan, Theevika (60525937300); Thiruthanigesan, Kanagasabai (57216634044); Mahesan, Sinnathamby (53878038000); Ragel, Roshan G. (10045573200)","60525580600; 60526257800; 60525477500; 60525937300; 57216634044; 53878038000; 10045573200","Quantum Convolutional Neural Networks for Visual Pattern Recognition","2026","2026 6th International Conference on Advanced Research in Computing: Responsible AGI: Balancing Intelligence, Responsibility and Sustainability, ICARC 2026 - Conference Proceedings","","","","","","0","10.1109/ICARC68737.2026.11453832","https://www.scopus.com/pages/publications/105036865882?origin=resultslist","Conference paper","Final","","Scopus","2-s2.0-105036865882"
"Henderson M.; Gallina J.; Brett M.","Henderson, Max (57209306264); Gallina, Jarred (57214801905); Brett, Michael (57214791735)","57209306264; 57214801905; 57214791735","Methods for accelerating geospatial data processing using quantum computers","2021","Quantum Machine Intelligence","3","1","4","","","29","10.1007/s42484-020-00034-6","https://www.scopus.com/pages/publications/85114077520?origin=resultslist","Article","Final","All Open Access; Green Open Access","Scopus","2-s2.0-85114077520"
"Seker E.; Bayraktaroglu Y.K.; Cam D.E.; Soyak E.G.; Kalem S.","Seker, Erdem (60411411700); Bayraktaroglu, Yusuf Kagan (60411283200); Cam, Deniz Eren (60411283300); Soyak, Ece Gelal (60411348500); Kalem, Seref (6603950189)","60411411700; 60411283200; 60411283300; 60411348500; 6603950189","Design and Implementation of Quantum Kernel Convolution for Hybrid Neural Networks","2025","International Conference on Computer Science and Engineering, UBMK","","2025","","1344","1349","1","10.1109/UBMK67458.2025.11206946","https://www.scopus.com/pages/publications/105030865351?origin=resultslist","Conference paper","Final","","Scopus","2-s2.0-105030865351"
"Hu R.; Wang L.; Jiang G.; Hu X.; Zhou Z.","Hu, Renjie (59939266400); Wang, Leimin (55673706800); Jiang, Guanghui (59128456800); Hu, Xiaofang (57299696000); Zhou, Zheng (60021883300)","59939266400; 55673706800; 59128456800; 57299696000; 60021883300","Quaternion Convolutional Neural Networks for Image Classification","2025","2025 Joint International Conference on Automation-Intelligence-Safety, ICAIS 2025 and International Symposium on Autonomous Systems, ISAS 2025","","","","","","1","10.1109/ICAISISAS64483.2025.11051346","https://www.scopus.com/pages/publications/105012105985?origin=resultslist","Conference paper","Final","","Scopus","2-s2.0-105012105985"
"Krishnavardhan N.; Govindarajan M.; Achutha Rao S.V.","Krishnavardhan, N. (58278480500); Govindarajan, M. (56053947100); Achutha Rao, S.V. (58101617500)","58278480500; 56053947100; 58101617500","Flower pollination optimization algorithm with stacked temporal convolution network-based classification for financial anomaly fraud detection","2023","Soft Computing","","","","","","3","10.1007/s00500-023-08732-6","https://www.scopus.com/pages/publications/85164334694?origin=resultslist","Article","Article in press","","Scopus","2-s2.0-85164334694"
"Kodipalli A.; Guha S.; Dasar S.; Ismail T.","Kodipalli, Ashwini (57203964287); Guha, Srirupa (58020947300); Dasar, Santosh (54400837000); Ismail, Taha (57219174606)","57203964287; 58020947300; 54400837000; 57219174606","An inception-ResNet deep learning approach to classify tumours in the ovary as benign and malignant","2022","Expert Systems","","","","","","57","10.1111/exsy.13215","https://www.scopus.com/pages/publications/85144201780?origin=resultslist","Article","Article in press","","Scopus","2-s2.0-85144201780"
"Badereddine G.; Abdeljalil H.; Safia D.","Badereddine, Gherbi (60508609200); Abdeljalil, Hani (60508753600); Safia, Djemame (55469756700)","60508609200; 60508753600; 55469756700","Leveraging Quantum Convolutional Neural Networks for Advanced Cancer Detection","2025","ICNAS 2025 - 7th International Conference on Networking and Advanced Systems","","","","","","0","10.1109/ICNAS68168.2025.11298029","https://www.scopus.com/pages/publications/105032903671?origin=resultslist","Conference paper","Final","","Scopus","2-s2.0-105032903671"
"Kottapalle P.; Tak T.K.; Kshirsagar P.R.; Ginnela G.; Akula V.K.","Kottapalle, Prasanna (57074118700); Tak, Tan Kuan (57220104968); Kshirsagar, Pravin Ramdas (57192542222); Ginnela, Gopichand (57191291194); Akula, Vijaya Krishna (57202607662)","57074118700; 57220104968; 57192542222; 57191291194; 57202607662","QHF-CS: Quantum-Enhanced Heart Failure Prediction Using Quantum CNN with Optimized Feature Qubit Selection with Cuckoo Search in Skewed Clinical Data","2025","Computers, Materials and Continua","84","2","","3857","3892","5","10.32604/cmc.2025.065287","https://www.scopus.com/pages/publications/105011155095?origin=resultslist","Article","Final","All Open Access; Gold Open Access","Scopus","2-s2.0-105011155095"
"Thilagavathy R.; Aravindan M.S.","Thilagavathy, R. (57203312738); Aravindan, Madhu Shree (58852511700)","57203312738; 58852511700","Real-Time Situational Awareness at National Borders: A Comparative Analysis of Classical and Hybrid QCNN Approaches","2025","6th IEEE International Conference on Recent Advances in Information Technology, RAIT 2025","","","","","","0","10.1109/RAIT65068.2025.11088906","https://www.scopus.com/pages/publications/105013221611?origin=resultslist","Conference paper","Final","","Scopus","2-s2.0-105013221611"
"Rajendar G.; Kumar B.V.","Rajendar, G. (57113627400); Kumar, B. Vijay (60106490700)","57113627400; 60106490700","High-Gain Bidirectional Converter with Hybrid Greylag Goose Optimization and Quantum Convolutional Neural Network for Intelligent Energy Management in Electric Vehicle Charging Systems","2025","Iranian Journal of Science and Technology - Transactions of Electrical Engineering","","","","","","1","10.1007/s40998-025-00991-3","https://www.scopus.com/pages/publications/105026235155?origin=resultslist","Article","Article in press","","Scopus","2-s2.0-105026235155"
"Golchha R.; Verma G.K.","Golchha, Roopa (58306732700); Verma, Gyanendra K. (36700662900)","58306732700; 36700662900","A Deep Learning Model for Multiclass Image Classification Using Quantum CNN","2023","Proceedings - 2023 Asia Symposium on Image Processing, ASIP 2023","","","","102","107","6","10.1109/ASIP58895.2023.00024","https://www.scopus.com/pages/publications/85183324908?origin=resultslist","Conference paper","Final","","Scopus","2-s2.0-85183324908"
"Singhal P.; Joshi P.","Singhal, Priyansh (59214176400); Joshi, Piyush (15065230300)","59214176400; 15065230300","Advance Quanvolutional Layers in Quantum Classical Hybrid Neural Networks for Image Processing","2024","2024 10th International Conference on Control, Automation and Robotics, ICCAR 2024","","","","47","52","3","10.1109/ICCAR61844.2024.10569440","https://www.scopus.com/pages/publications/85198225767?origin=resultslist","Conference paper","Final","","Scopus","2-s2.0-85198225767"
"Jeong S.-G.; Do Q.-V.; Hwang H.-J.; Hasegawa M.; Sekiya H.; Hwang W.-J.","Jeong, Seon-Geun (58064627900); Do, Quang-Vinh (57200589488); Hwang, Hae-Ji (58663883500); Hasegawa, Mikio (7403099468); Sekiya, Hiroo (7006960259); Hwang, Won-Joo (55662845400)","58064627900; 57200589488; 58663883500; 7403099468; 7006960259; 55662845400","Hybrid Quantum Convolutional Neural Networks for UWB Signal Classification","2023","IEEE Access","11","","","113726","113739","28","10.1109/ACCESS.2023.3323019","https://www.scopus.com/pages/publications/85174815153?origin=resultslist","Article","Final","All Open Access; Gold Open Access; Green Open Access","Scopus","2-s2.0-85174815153"
"Adithya R.; Dsa J.G.; Adarsh Rag S.; Bhyratae S.A.","Adithya, R. (57191363496); Dsa, Joyline G (56019712200); Adarsh Rag, S. (57204581100); Bhyratae, Suhas A (55638758000)","57191363496; 56019712200; 57204581100; 55638758000","Hybrid Quantum-Classical Neural Networks and its Hyperparameter Optimization-A Study","2024","COSMIC 2024 - IEEE International Conference on Computing, Semiconductor, Mechatronics, Intelligent Systems and Communications, Proceedings","","","","88","96","1","10.1109/COSMIC63293.2024.10871871","https://www.scopus.com/pages/publications/85219116233?origin=resultslist","Conference paper","Final","","Scopus","2-s2.0-85219116233"
"Tasnim T.; Saha A.; Rahman M.; Wu F.","Tasnim, Taieba (59534139400); Saha, Aditi (59093732700); Rahman, Mohammad (58592840800); Wu, Fan (55700770500)","59534139400; 59093732700; 58592840800; 55700770500","Quantum vs Classical: Performance Benchmarking of CNN and QCNN in Binary Image Classification","2025","2025 IEEE 15th Annual Computing and Communication Workshop and Conference, CCWC 2025","","","","203","208","2","10.1109/CCWC62904.2025.10903816","https://www.scopus.com/pages/publications/105001130344?origin=resultslist","Conference paper","Final","","Scopus","2-s2.0-105001130344"
"Xu Z.; Hu Y.; Yang T.; Cai P.; Shen K.; Lv B.; Chen S.; Wang J.; Zhu Y.; Wu Z.; Dai Y.","Xu, Zuyu (57203847116); Hu, Yuanming (58740315900); Yang, Tao (57192102276); Cai, Pengnian (58739629400); Shen, Kang (58997965500); Lv, Bin (59136858800); Chen, Shixian (57214722800); Wang, Jun (56298648900); Zhu, Yunlai (57204950670); Wu, Zuheng (57201421701); Dai, Yuehua (8202145300)","57203847116; 58740315900; 57192102276; 58739629400; 58997965500; 59136858800; 57214722800; 56298648900; 57204950670; 57201421701; 8202145300","Parallel structure of hybrid quantum–classical neural networks for image classification","2025","Quantum Information Processing","24","7","191","","","4","10.1007/s11128-025-04813-7","https://www.scopus.com/pages/publications/105008814026?origin=resultslist","Article","Final","","Scopus","2-s2.0-105008814026"
"Tian Y.; Ouyang J.","Tian, Yuxuan (60079975300); Ouyang, Jie (60079836100)","60079975300; 60079836100","Quantum machine learning for sleep staging of EEG signals","2025","Proceedings of SPIE - The International Society for Optical Engineering","13708","","137080C","","","0","10.1117/12.3074685","https://www.scopus.com/pages/publications/105014730949?origin=resultslist","Conference paper","Final","","Scopus","2-s2.0-105014730949"
"Lourens M.; Sinayskiy I.; Park D.K.; Blank C.; Petruccione F.","Lourens, Matt (57958764100); Sinayskiy, Ilya (32267678000); Park, Daniel K. (55361200600); Blank, Carsten (23096867100); Petruccione, Francesco (7003376483)","57958764100; 32267678000; 55361200600; 23096867100; 7003376483","Hierarchical quantum circuit representations for neural architecture search","2023","npj Quantum Information","9","1","79","","","22","10.1038/s41534-023-00747-z","https://www.scopus.com/pages/publications/85167444479?origin=resultslist","Article","Final","All Open Access; Gold Open Access; Green Open Access","Scopus","2-s2.0-85167444479"
"Qu Z.; Meng Y.; Muhammad G.; Tiwari P.","Qu, Zhiguo (35327773200); Meng, Yunyi (58335886400); Muhammad, Ghulam (56605566900); Tiwari, Prayag (57193601962)","35327773200; 58335886400; 56605566900; 57193601962","QMFND: A quantum multimodal fusion-based fake news detection model for social media","2024","Information Fusion","104","","102172","","","135","10.1016/j.inffus.2023.102172","https://www.scopus.com/pages/publications/85180531000?origin=resultslist","Article","Final","","Scopus","2-s2.0-85180531000"
"Kalinin M.; Krundyshev V.","Kalinin, Maxim (13104535100); Krundyshev, Vasiliy (57200659233)","13104535100; 57200659233","Security intrusion detection using quantum machine learning techniques","2023","Journal of Computer Virology and Hacking Techniques","19","1","","125","136","106","10.1007/s11416-022-00435-0","https://www.scopus.com/pages/publications/85132831201?origin=resultslist","Article","Final","All Open Access; Green Open Access; Hybrid Gold Open Access","Scopus","2-s2.0-85132831201"
"Lao H.; Zhang X.; Tang Y.","Lao, Huan (57222640590); Zhang, Xuejun (37001218400); Tang, Yanyan (55619243700)","57222640590; 37001218400; 55619243700","Multi-tasks diagnosis of Alzheimer's Disease based on multi-modalities images brain networks and quaternion convolutional neural networks","2025","Expert Systems with Applications","281","","127607","","","5","10.1016/j.eswa.2025.127607","https://www.scopus.com/pages/publications/105002647181?origin=resultslist","Article","Final","","Scopus","2-s2.0-105002647181"
"Zhang J.; Tian Z.","Zhang, Jinghan (59473863900); Tian, Zhengan (59474376200)","59473863900; 59474376200","Crosswal k traffic light detection for the visually impaired based on hybrid classical–quantum neural networks","2025","Quantum Information Processing","24","6","187","","","0","10.1007/s11128-025-04812-8","https://www.scopus.com/pages/publications/105008706807?origin=resultslist","Article","Final","","Scopus","2-s2.0-105008706807"
"Venkat Raman B.; Hegde N.P.","Venkat Raman, B. (57209415105); Hegde, Nagaratna P. (54999362200)","57209415105; 54999362200","ENHANCED QUANTUM FEATURE MAP FOR COLOR IMAGE CLASSIFICATION FOR IMPROVED ACCURACY AND COMPUTATIONAL EFFICIENCY","2023","Journal of Theoretical and Applied Information Technology","101","20","","6593","6600","0","","https://www.scopus.com/pages/publications/85177491520?origin=resultslist","Article","Final","","Scopus","2-s2.0-85177491520"
"Bosco D.L.; Portelli B.; Serra G.","Bosco, Daniele Lizzio (60196606200); Portelli, Beatrice (57219796263); Serra, Giuseppe (10140344600)","60196606200; 57219796263; 10140344600","Integrated Encoding and Quantization to Enhance Quanvolutional Neural Networks","2026","IEEE Transactions on Quantum Engineering","7","","3100719","","","0","10.1109/TQE.2025.3646040","https://www.scopus.com/pages/publications/105025667082?origin=resultslist","Article","Final","All Open Access; Gold Open Access; Green Open Access","Scopus","2-s2.0-105025667082"
"Jain V.; Arora N.; Gupta A.","Jain, Vibha (57222042975); Arora, Nitin (57211622684); Gupta, Aditya (57214417432)","57222042975; 57211622684; 57214417432","Quantum-assisted cardiac diseases diagnosis and prediction using ECG images","2025","Journal of Supercomputing","81","15","1439","","","1","10.1007/s11227-025-07939-8","https://www.scopus.com/pages/publications/105018669935?origin=resultslist","Article","Final","","Scopus","2-s2.0-105018669935"
"A S.J.; N R.B.; P B.","A, Sam Joshua (59133666500); N, Ramesh Babu (57214907623); P, Balasubramaniam (7004335568)","59133666500; 57214907623; 7004335568","Crop leaf disease classification using fractional integral image enhancement and quantum convolutional neural networks approaches","2025","Quantum Machine Intelligence","7","1","23","","","2","10.1007/s42484-025-00249-5","https://www.scopus.com/pages/publications/85218422458?origin=resultslist","Article","Final","","Scopus","2-s2.0-85218422458"
"Vayadande K.; Bodhe Y.; Bhosle A.A.; Sultanpure K.; Yadav G.; Patil A.R.; Chavhan J.J.; Jadhav A.N.; Bailke P.","Vayadande, Kuldeep (57800182300); Bodhe, Yogesh (57193873966); Bhosle, Amol A. (58130530900); Sultanpure, Kavita (55221850300); Yadav, Geetanjali (59901713000); Patil, Ajit R. (59338900300); Chavhan, Jyoti Jayesh (59249176300); Jadhav, Amolkumar N. (57191868500); Bailke, Preeti (57193139726)","57800182300; 57193873966; 58130530900; 55221850300; 59901713000; 59338900300; 59249176300; 57191868500; 57193139726","Synergistic Integration of Quantum and Classical Machine Learning Models for High-Fidelity Asteroid Hazard Detection","2025","EAI Endorsed Transactions on Internet of Things","11","","","","","0","10.4108/eetiot.8170","https://www.scopus.com/pages/publications/105005426983?origin=resultslist","Article","Final","All Open Access; Gold Open Access","Scopus","2-s2.0-105005426983"
"Ovalle-Magallanes E.; Alvarado-Carrillo D.E.; Avina-Cervantes J.G.; Cruz-Aceves I.; Ruiz-Pinales J.","Ovalle-Magallanes, Emmanuel (57219164003); Alvarado-Carrillo, Dora E. (57223104175); Avina-Cervantes, Juan Gabriel (6507093766); Cruz-Aceves, Ivan (55757319900); Ruiz-Pinales, Jose (15837609100)","57219164003; 57223104175; 6507093766; 55757319900; 15837609100","Quantum angle encoding with learnable rotation applied to quantum–classical convolutional neural networks","2023","Applied Soft Computing","141","","110307","","","47","10.1016/j.asoc.2023.110307","https://www.scopus.com/pages/publications/85153088632?origin=resultslist","Article","Final","All Open Access; Hybrid Gold Open Access","Scopus","2-s2.0-85153088632"
"Nandhini R.S.; Lakshmanan R.","Nandhini, Ramesh Sneka (57223261094); Lakshmanan, Ramanathan (55808530000)","57223261094; 55808530000","QCNN_BaOpt: Multi-Dimensional Data-Based Traffic-Volume Prediction in Cyber–Physical Systems","2023","Sensors","23","3","1485","","","7","10.3390/s23031485","https://www.scopus.com/pages/publications/85147842991?origin=resultslist","Article","Final","All Open Access; Gold Open Access; Green Open Access","Scopus","2-s2.0-85147842991"
"Sabale D.B.; Narnaware B.M.","Sabale, Dhirajkumar B (60525426600); Narnaware, B. Manish (60525886600)","60525426600; 60525886600","Quantum Computing Meets Medical Imaging: Advances in QML for MRI Classification","2025","2025 International Conference on Future Technologies, ICFT 2025","","","","","","0","10.1109/ICFT66708.2025.11336739","https://www.scopus.com/pages/publications/105033715343?origin=resultslist","Conference paper","Final","","Scopus","2-s2.0-105033715343"
"Dastgir A.; Wang B.; Sheng J.; Saeed M.U.","Dastgir, Aqsa (58310021900); Wang, Bin (57189471931); Sheng, Jinfang (15319481700); Saeed, Muhammad Usman (57226713881)","58310021900; 57189471931; 15319481700; 57226713881","Spine Image Reconstruction and Lesion Classification Based on Transfer Learning and Quantum Convolutional Neural Network","2024","Proceedings - 2024 IEEE International Conference on High Performance Computing and Communications, HPCC 2024","","","","1","6","1","10.1109/HPCC64274.2024.00012","https://www.scopus.com/pages/publications/105013072714?origin=resultslist","Conference paper","Final","","Scopus","2-s2.0-105013072714"
"Dixit A.; Chawla I.","Dixit, Ankita (59453995300); Chawla, Indu (56189709800)","59453995300; 56189709800","Change map of flood detection using attention mechanism assisted quantum convolutional neural network utilising SAR and optical images","2026","International Journal of Image and Data Fusion","17","1","2613394","","","1","10.1080/19479832.2026.2613394","https://www.scopus.com/pages/publications/105027323001?origin=resultslist","Article","Final","","Scopus","2-s2.0-105027323001"
"G B.; S R.; G C J.; T R C.","G, Balachandran (56763998000); S, Ranjith (55642135800); G C, Jagan (56586240700); T R, Chenthil (59717307200)","56763998000; 55642135800; 56586240700; 59717307200","Advanced speech emotion recognition utilizing optimized equivariant quantum convolutional neural network for accurate emotional state classification","2025","Knowledge-Based Systems","316","","113414","","","11","10.1016/j.knosys.2025.113414","https://www.scopus.com/pages/publications/105001490701?origin=resultslist","Article","Final","","Scopus","2-s2.0-105001490701"
"Aishwarya C.; Venkatesan M.; Prabhavathy P.","Aishwarya, C. (57044832400); Venkatesan, M. (57197535035); Prabhavathy, P. (42962337600)","57044832400; 57197535035; 42962337600","A Scoping Survey of Quantum Machine Learning and Deep Learning for Real-World Applications","2025","Procedia Computer Science","258","","","633","646","9","10.1016/j.procs.2025.04.297","https://www.scopus.com/pages/publications/105007154091?origin=resultslist","Conference paper","Final","All Open Access; Gold Open Access","Scopus","2-s2.0-105007154091"
"Venkatappa V.M.; Venkateshappa","Venkatappa, Venkatachalapathy Madhavanna (60277397600); Venkateshappa (57201878348)","60277397600; 57201878348","A Novel Quantum Convolution Neural Network for Image Classification Applications","2025","Engineering, Technology and Applied Science Research","15","5","","27046","27051","0","10.48084/etasr.12416","https://www.scopus.com/pages/publications/105026575516?origin=resultslist","Article","Final","All Open Access; Gold Open Access","Scopus","2-s2.0-105026575516"
"Wang Z.; Fok K.W.; Thing V.L.L.","Wang, Zihao (57354050700); Fok, Kar Wai (57353885800); Thing, Vrizlynn L. L. (6507064666)","57354050700; 57353885800; 6507064666","Network attack traffic detection with hybrid quantum-enhanced convolution neural network","2025","Quantum Machine Intelligence","7","1","50","","","5","10.1007/s42484-025-00278-0","https://www.scopus.com/pages/publications/105002925683?origin=resultslist","Article","Final","","Scopus","2-s2.0-105002925683"
"Napoli F.; Castaldo M.; Marrone S.; Campanile L.","Napoli, Fabio (59309028400); Castaldo, Mariarosaria (60002461800); Marrone, Stefano (57203296376); Campanile, Lelio (57207770179)","59309028400; 60002461800; 57203296376; 57207770179","Comparing Emerging Technologies in Image Classification: From Quantum to Kolmogorov","2026","Lecture Notes in Computer Science","15886 LNCS","","","260","273","1","10.1007/978-3-031-97576-9_17","https://www.scopus.com/pages/publications/105010835616?origin=resultslist","Conference paper","Final","","Scopus","2-s2.0-105010835616"
"Singh S.; Tripathi B.K.","Singh, Sukhendra (57214306348); Tripathi, B.K. (24469034100)","57214306348; 24469034100","Pneumonia classification using quaternion deep learning","2022","Multimedia Tools and Applications","81","2","","1743","1764","71","10.1007/s11042-021-11409-7","https://www.scopus.com/pages/publications/85117021074?origin=resultslist","Article","Final","All Open Access; Bronze Open Access; Green Open Access","Scopus","2-s2.0-85117021074"
"Yu W.; Xiang G.; Zhang C.; Chen Y.; Liu A.X.","Yu, Wenbin (58377384700); Xiang, Gaofeng (7004442870); Zhang, Chengjun (57199502488); Chen, Yadang (55670059700); Liu, Alex X. (8339909200)","58377384700; 7004442870; 57199502488; 55670059700; 8339909200","Implementing Hybrid Quantum-Classical Single Shot Multibox Detector through Integration of Transfer Learning and Quantum Convolutional Neural Networks","2025","Human-centric Computing and Information Sciences","15","","31","","","2","10.22967/HCIS.2025.15.031","https://www.scopus.com/pages/publications/105003681412?origin=resultslist","Article","Final","","Scopus","2-s2.0-105003681412"
"Abdulazeez F.A.; Hasan M.K.; Huda Sheikh Abdullah S.N.","Abdulazeez, Falah Amer (58480419600); Hasan, Mohammad Kamrul (55057479600); Huda Sheikh Abdullah, Siti Norul (60536641800)","58480419600; 55057479600; 60536641800","Adversarial Interception of Deepfake Videos Using Quantum Neural Networks for Robust Social Media Content Monitoring","2025","Proceedings of the International Conference on Electrical Engineering and Informatics","","","","","","0","10.1109/ICEEI68459.2025.11330286","https://www.scopus.com/pages/publications/105033867887?origin=resultslist","Conference paper","Final","","Scopus","2-s2.0-105033867887"
"Napoli F.; Campanile L.; De Gregorio G.; Marrone S.","Napoli, Fabio (59757766200); Campanile, Lelio (57207770179); De Gregorio, Giovanni (56011428100); Marrone, Stefano (57203296376)","59757766200; 57207770179; 56011428100; 57203296376","Quantum Convolutional Neural Networks for Image Classification: Perspectives and Challenges","2025","International Conference on Internet of Things, Big Data and Security, IoTBDS - Proceedings","","","","509","516","2","10.5220/0013521500003944","https://www.scopus.com/pages/publications/105003709151?origin=resultslist","Conference paper","Final","All Open Access; Gold Open Access","Scopus","2-s2.0-105003709151"
"Amin J.; Anjum M.A.; Gul N.; Sharif M.","Amin, Javaria (57192939275); Anjum, Muhammad Almas (16021202900); Gul, Nadia (57211894777); Sharif, Muhammad (57549289700)","57192939275; 16021202900; 57211894777; 57549289700","Detection of brain space-occupying lesions using quantum machine learning","2023","Neural Computing and Applications","35","26","","19279","19295","16","10.1007/s00521-023-08717-4","https://www.scopus.com/pages/publications/85162849723?origin=resultslist","Article","Final","","Scopus","2-s2.0-85162849723"
"Yousif M.; Al-Khateeb B.; Garcia-Zapirain B.","Yousif, Mohammed (58257044400); Al-Khateeb, Belal (35203078100); Garcia-Zapirain, Begonya (35732954700)","58257044400; 35203078100; 35732954700","A New Quantum Circuits of Quantum Convolutional Neural Network for X-Ray Images Classification","2024","IEEE Access","12","","","65660","65671","30","10.1109/ACCESS.2024.3396411","https://www.scopus.com/pages/publications/85192199738?origin=resultslist","Article","Final","All Open Access; Gold Open Access; Green Open Access","Scopus","2-s2.0-85192199738"
"Heo J.; Park S.","Heo, Juhui (60112378200); Park, Soohyun (59925406700)","60112378200; 59925406700","Quantum CNN-GCN-Based Road Hazard Detection with Lyapunov Optimized Control","2025","International Conference on ICT Convergence","","","","1095","1099","0","10.1109/ICTC66702.2025.11388072","https://www.scopus.com/pages/publications/105035073452?origin=resultslist","Conference paper","Final","","Scopus","2-s2.0-105035073452"
"Altamirano-Escobedo G.; Bayro-Corrochano E.","Altamirano-Escobedo, Guillermo (57219333081); Bayro-Corrochano, Eduardo (7003485536)","57219333081; 7003485536","Geometric Algebra Quantum Convolutional Neural Network: A model using geometric (Clifford) algebras and quantum computing [Hypercomplex Signal and Image Processing]","2024","IEEE Signal Processing Magazine","41","2","","75","85","10","10.1109/MSP.2024.3369015","https://www.scopus.com/pages/publications/85196634186?origin=resultslist","Article","Final","","Scopus","2-s2.0-85196634186"
"Kumar J.; Saxena D.; Singh A.K.; Vasilakos A.V.","Kumar, Jatinder (7201862609); Saxena, Deepika (57189319379); Singh, Ashutosh Kumar (57212846086); Vasilakos, Athanasios V. (57200495061)","7201862609; 57189319379; 57212846086; 57200495061","A Quantum Controlled-NOT Neural Network-Based Load Forecast and Management Model for Smart Grid","2023","IEEE Systems Journal","17","4","","5714","5725","29","10.1109/JSYST.2023.3309324","https://www.scopus.com/pages/publications/85171559096?origin=resultslist","Article","Final","","Scopus","2-s2.0-85171559096"
"Amin J.; Anjum M.A.; Ibrar K.; Sharif M.; Kadry S.; Crespo R.G.","Amin, Javaria (57192939275); Anjum, Muhammad Almas (16021202900); Ibrar, Kainat (57217011199); Sharif, Muhammad (57549289700); Kadry, Seifedine (55906598300); Crespo, Ruben González (57221209077)","57192939275; 16021202900; 57217011199; 57549289700; 55906598300; 57221209077","Detection of anomaly in surveillance videos using quantum convolutional neural networks","2023","Image and Vision Computing","135","","104710","","","55","10.1016/j.imavis.2023.104710","https://www.scopus.com/pages/publications/85160313951?origin=resultslist","Article","Final","","Scopus","2-s2.0-85160313951"
"Roh E.J.; Im C.; Jeong W.; Park S.","Roh, Emily Jimin (59152226100); Im, Chaemoon (59553475700); Jeong, Wonjun (59942387800); Park, Soohyun (59925406700)","59152226100; 59553475700; 59942387800; 59925406700","Computation-efficient quantum convolutional neural networks for autonomous driving applications","2025","Journal of Supercomputing","81","8","1033","","","3","10.1007/s11227-025-07507-0","https://www.scopus.com/pages/publications/105007921099?origin=resultslist","Article","Final","All Open Access; Hybrid Gold Open Access","Scopus","2-s2.0-105007921099"
"Das S.; Pal D.; Bhuinya D.; Chakraborty G.; Das P.; Chatterjee A.","Das, Shiplu (57218904307); Pal, Debdutta (57169658300); Bhuinya, Debojyoti (59245992100); Chakraborty, Gargi (59337885900); Das, Panchami (59756138000); Chatterjee, Ayan (59755803700)","57218904307; 57169658300; 59245992100; 59337885900; 59756138000; 59755803700","Quantum Convolutional Neural Networks for Enhanced Crop Disease Detection and Management: A Step Towards Intelligent Farming Systems","2026","Lecture Notes in Networks and Systems","1369 LNNS","","","65","79","0","10.1007/978-981-96-5860-2_5","https://www.scopus.com/pages/publications/105023501694?origin=resultslist","Conference paper","Final","","Scopus","2-s2.0-105023501694"
"Chen L.; Li M.; Wu M.; Pedrycz W.; Hirota K.","Chen, Luefeng (55774663200); Li, Min (57204930290); Wu, Min (35231682600); Pedrycz, Witold (56854903200); Hirota, Kaoru (7402829702)","55774663200; 57204930290; 35231682600; 56854903200; 7402829702","Convolutional Features-Based Broad Learning With LSTM for Multidimensional Facial Emotion Recognition in Human-Robot Interaction","2024","IEEE Transactions on Systems, Man, and Cybernetics: Systems","54","1","","64","75","12","10.1109/TSMC.2023.3301001","https://www.scopus.com/pages/publications/85168681758?origin=resultslist","Article","Final","","Scopus","2-s2.0-85168681758"
"Lilhore U.K.; Sanaj M.S.; Priya K.V.; Rasmi A.; Sharma R.K.; Tekeste L.G.; Ghith E.S.; Hussien S.A.; Simaiya S.","Lilhore, Umesh Kumar (55445409800); Sanaj, M.S. (57212386467); Priya, K.V. (57795805300); Rasmi, A. (57205700696); Sharma, Rahul Kumar (58592014500); Tekeste, Lidia Gosy (60338747700); Ghith, Ehab Seif (57679313800); Hussien, Shimaa A. (57215489408); Simaiya, Sarita (57216622514)","55445409800; 57212386467; 57795805300; 57205700696; 58592014500; 60338747700; 57679313800; 57215489408; 57216622514","Hybrid Quantum-Inspired Transformer Network for Kidney Stone Prediction Using Urine Analysis and CT Scans","2026","International Journal of Computational Intelligence Systems","19","1","69","","","0","10.1007/s44196-025-01138-2","https://www.scopus.com/pages/publications/105030414003?origin=resultslist","Article","Final","All Open Access; Gold Open Access; Green Open Access","Scopus","2-s2.0-105030414003"
"Yang Q.; Zhang W.; Wei L.","Yang, Qingchuan (59655217200); Zhang, Wenjun (59387994300); Wei, Lianfu (7402951242)","59655217200; 59387994300; 7402951242","A quantum residual attention neural network for high-precision material property prediction","2025","Quantum Information Processing","24","2","53","","","1","10.1007/s11128-025-04670-4","https://www.scopus.com/pages/publications/105000249010?origin=resultslist","Article","Final","","Scopus","2-s2.0-105000249010"
"Vieira N.","Vieira, Nelson (55576073000)","55576073000","Quaternionic Convolutional Neural Networks with Trainable Bessel Activation Functions","2023","Complex Analysis and Operator Theory","17","6","82","","","7","10.1007/s11785-023-01387-z","https://www.scopus.com/pages/publications/85165399196?origin=resultslist","Article","Final","All Open Access; Green Open Access; Hybrid Gold Open Access","Scopus","2-s2.0-85165399196"
"Shreekumar T.; Rashmi K.M.; Ravinarayana; Pradeep B.S.","Shreekumar, T. (57209476910); Rashmi, K.M. (59445850100); Ravinarayana (60602591100); Pradeep, B.S. (57195945562)","57209476910; 59445850100; 60602591100; 57195945562","Quantum Computing for Machine Learning Applications","2026","Communications in Computer and Information Science","2873 CCIS","","","68","83","0","10.1007/978-3-032-22059-2_6","https://www.scopus.com/pages/publications/105036962716?origin=resultslist","Conference paper","Final","","Scopus","2-s2.0-105036962716"
"Roh E.J.; Baek H.; Kim D.; Kim J.","Roh, Emily Jimin (59152226100); Baek, Hankyul (57374948000); Kim, Donghyeon (59277853000); Kim, Joongheon (8866990900)","59152226100; 57374948000; 59277853000; 8866990900","Fast Quantum Convolutional Neural Networks for Low-Complexity Object Detection in Autonomous Driving Applications","2025","IEEE Transactions on Mobile Computing","24","2","","1031","1042","21","10.1109/TMC.2024.3470328","https://www.scopus.com/pages/publications/85205430041?origin=resultslist","Article","Final","","Scopus","2-s2.0-85205430041"
"Chinzei K.; Tran Q.H.; Endo Y.; Oshima H.","Chinzei, Koki (57205294448); Tran, Quoc Hoan (57220502925); Endo, Yasuhiro (59212584000); Oshima, Hirotaka (7202201795)","57205294448; 57220502925; 59212584000; 7202201795","Resource-efficient equivariant quantum convolutional neural networks","2026","Quantum Machine Intelligence","8","1","53","","","0","10.1007/s42484-026-00397-2","https://www.scopus.com/pages/publications/105037836223?origin=resultslist","Article","Final","All Open Access; Green Open Access; Hybrid Gold Open Access","Scopus","2-s2.0-105037836223"
"Xiong N.; Li S.; Chen L.; Chen Y.; Bancroft B.","Xiong, Neal (58482198500); Li, SiLong (58697695400); Chen, LinShu (56942763300); Chen, YuXiang (57189390118); Bancroft, Barbara (60625389700)","58482198500; 58697695400; 56942763300; 57189390118; 60625389700","Design and Analysis of an Effective, General Quantum Intelligent Communication Scheme for Complex Data in Smart Cities","2026","Human-centric Computing and Information Sciences","16","","45","","","0","10.22967/HCIS.2026.16.045","https://www.scopus.com/pages/publications/105038432537?origin=resultslist","Article","Final","","Scopus","2-s2.0-105038432537"
"Chen X.; Jiang B.; Wu Y.; Ye Y.","Chen, Xinmiao (57901328800); Jiang, Bo (57210374625); Wu, Yongzheng (57206752410); Ye, Yongjin (57900312400)","57901328800; 57210374625; 57206752410; 57900312400","A QCNN Algorithm Deployed on A Quantum Computer","2022","Proceedings - 2022 International Conference on Computing, Communication, Perception and Quantum Technology, CCPQT 2022","","","","390","395","5","10.1109/CCPQT56151.2022.00074","https://www.scopus.com/pages/publications/85143054220?origin=resultslist","Conference paper","Final","","Scopus","2-s2.0-85143054220"
"Tasnim T.; Rahman M.; Wu F.","Tasnim, Taieba (59534139400); Rahman, Mohammad (58592840800); Wu, Fan (55700770500)","59534139400; 58592840800; 55700770500","Comparison of CNN and QCNN Performance in Binary Classification of Breast Cancer Histopathological Images","2024","Proceedings - 2024 IEEE International Conference on Big Data, BigData 2024","","","","3780","3787","8","10.1109/BigData62323.2024.10825102","https://www.scopus.com/pages/publications/85218040075?origin=resultslist","Conference paper","Final","","Scopus","2-s2.0-85218040075"
"Tyagi J.; Benal G.D.; Devarapalli S.; Parikh S.M.; Maranan R.; Sivaramkrishnan M.","Tyagi, Jayant (59935010800); Benal, Ganga D. (58902963200); Devarapalli, Shivareddy (59974222300); Parikh, Swapnil M. (58136006800); Maranan, Ramya (58541249600); Sivaramkrishnan, M. (57216500812)","59935010800; 58902963200; 59974222300; 58136006800; 58541249600; 57216500812","Multi-Objective Task Mapping in Cloud Environments using Secretary Bird Optimized Quantum Convolutional Neural Network","2025","Proceedings of the 9th International Conference on Electronics, Communication and Aerospace Technology, ICECA 2025","","","","","","0","10.1109/ICECA66444.2025.11383469","https://www.scopus.com/pages/publications/105034882103?origin=resultslist","Conference paper","Final","","Scopus","2-s2.0-105034882103"
"Park S.; Baek H.; Yoon J.W.; Lee Y.K.; Kim J.","Park, Soohyun (57210251609); Baek, Hankyul (57374948000); Yoon, Jung Won (58513857900); Lee, Youn Kyu (56241842600); Kim, Joongheon (8866990900)","57210251609; 57374948000; 58513857900; 56241842600; 8866990900","AQUA: Analytics-driven quantum neural network (QNN) user assistance for software validation","2024","Future Generation Computer Systems","159","","","545","556","9","10.1016/j.future.2024.05.047","https://www.scopus.com/pages/publications/85194969031?origin=resultslist","Article","Final","","Scopus","2-s2.0-85194969031"
"Sihare S.R.","Sihare, Shyam R. (57195062233)","57195062233","Quantum convolution image processing by quantum wavelet transform for extraction of features","2025","Quantum Machine Intelligence","7","2","115","","","1","10.1007/s42484-025-00324-x","https://www.scopus.com/pages/publications/105024071773?origin=resultslist","Article","Final","","Scopus","2-s2.0-105024071773"
"Sheoran J.; Pushpa M.K.; Kishore H.N.; Upadhye V.J.; Maranan R.; Sriragavi S.","Sheoran, Jyoti (57211249485); Pushpa, M.K. (36467107500); Kishore, H.N. (59737980100); Upadhye, Vijay Jagdish (57542796000); Maranan, Ramya (58541249600); Sriragavi, S. (60479784200)","57211249485; 36467107500; 59737980100; 57542796000; 58541249600; 60479784200","An Intelligent Lung Cancer Diagnosistic System based Latent Equivariant Quantum Convolutional Neural Network with Improved Orca Predation Algorithm using Histopathological Imaging","2025","Proceedings of the 9th International Conference on Electronics, Communication and Aerospace Technology, ICECA 2025","","","","","","0","10.1109/ICECA66444.2025.11382974","https://www.scopus.com/pages/publications/105034858652?origin=resultslist","Conference paper","Final","","Scopus","2-s2.0-105034858652"
"Anand K.; Jain B.; Mittal H.; Yadav V.K.","Anand, Khushi (59363180900); Jain, Bhawna (57209089445); Mittal, Himanshu (56594684300); Yadav, Vijay Kumar (58832447700)","59363180900; 57209089445; 56594684300; 58832447700","QEFS: A novel plant disease prediction approach using quantum-inspired evolutionary feature selection","2025","Applied Intelligence","55","2","101","","","18","10.1007/s10489-024-05990-1","https://www.scopus.com/pages/publications/85211320243?origin=resultslist","Article","Final","","Scopus","2-s2.0-85211320243"
"Priyadharshni S.; Ravi V.","Priyadharshni, S. (56313755700); Ravi, V. (59668731000)","56313755700; 59668731000","Hybrid Quantum-Convolutional Neural Network With Spatial Attention for Accurate Classification of Maternal-Fetal Planes in Ultrasound Images","2025","IEEE Access","13","","","188306","188325","1","10.1109/ACCESS.2025.3625205","https://www.scopus.com/pages/publications/105020702112?origin=resultslist","Article","Final","All Open Access; Gold Open Access; Green Open Access","Scopus","2-s2.0-105020702112"
"Manvizhi N.; Balamanikandan P.; Kiruthiga E.; Gilmary R.; Kaviya Sri U.; Bharathi B.H.","Manvizhi, N. (59210748500); Balamanikandan, P. (57214640723); Kiruthiga, E. (59960722300); Gilmary, Rosario (57202318067); Kaviya Sri, U. (60503528300); Bharathi, B. Harini (58118052500)","59210748500; 57214640723; 59960722300; 57202318067; 60503528300; 58118052500","Hybrid Deep Learning Architecture (SeedNet-HDL) for Automated Seed Purity Analysis: Integrating Vision Transformers and Graph Neural Networks","2026","Proceedings of 4th International Conference on Electronics and Renewable Systems, ICEARS 2026","","","","1706","1711","0","10.1109/ICEARS67481.2026.11416735","https://www.scopus.com/pages/publications/105035723118?origin=resultslist","Conference paper","Final","","Scopus","2-s2.0-105035723118"
"Smaldone A.M.; Kyro G.W.; Batista V.S.","Smaldone, Anthony M. (58396003100); Kyro, Gregory W. (57610071300); Batista, Victor S. (7004655396)","58396003100; 57610071300; 7004655396","Quantum convolutional neural networks for multi-channel supervised learning","2023","Quantum Machine Intelligence","5","2","41","","","28","10.1007/s42484-023-00130-3","https://www.scopus.com/pages/publications/85173610807?origin=resultslist","Article","Final","","Scopus","2-s2.0-85173610807"
"Chen Y.","Chen, Yixiong (57221455797)","57221455797","Quantum Dilated Convolutional Neural Networks","2022","IEEE Access","10","","","20240","20246","36","10.1109/ACCESS.2022.3152213","https://www.scopus.com/pages/publications/85124828291?origin=resultslist","Article","Final","All Open Access; Gold Open Access; Green Open Access","Scopus","2-s2.0-85124828291"
"Ali A.-M.Z.A.A.; Ahmed A.-J.A.M.; Abdulaziz A.-Q.M.A.; Wang C.L.","Ali, Al-Moayed Zaid Abdulrazaq Ali (59258696100); Ahmed, Al-Jonaid Amjad Mohammed (58571091200); Abdulaziz, Al-Qubati Mohammed Ahmed (58571222500); Wang, Cheng Long (35300799600)","59258696100; 58571091200; 58571222500; 35300799600","Remaining Useful Life Estimation of Aircraft Engines Using Siamese Attention-Augmented Quantum Convolutional Neural Networks","2024","2024 5th International Conference on Computer Engineering and Application, ICCEA 2024","","","","1366","1371","2","10.1109/ICCEA62105.2024.10604236","https://www.scopus.com/pages/publications/85201160380?origin=resultslist","Conference paper","Final","","Scopus","2-s2.0-85201160380"
"Yen-Chi Chen S.","Yen-Chi Chen, Samuel (57218546572)","57218546572","Quantum Artificial Intelligence: From Quantum Neural Networks to Self-Programming Architectures [Feature]","2026","IEEE Circuits and Systems Magazine","26","1","","41","66","0","10.1109/MCAS.2026.3660997","https://www.scopus.com/pages/publications/105037814449?origin=resultslist","Article","Final","","Scopus","2-s2.0-105037814449"
"Rajamohana S.P.; Yelamali V.; Mahendran K.S.; Jain R.; Durai K.","Rajamohana, S.P. (56884786900); Yelamali, Vani (57221732920); Mahendran, K. Sakthi (60135982000); Jain, Ritik (60136216400); Durai, Karthiganesh (58868164000)","56884786900; 57221732920; 60135982000; 60136216400; 58868164000","An Evaluation of FRQI and NEQR Encoding Using QCNN for Forecasting Tropical Cyclone Intensity","2025","Computacion y Sistemas","29","3","","1671","1677","0","10.13053/cys-29-3-5448","https://www.scopus.com/pages/publications/105018511083?origin=resultslist","Article","Final","","Scopus","2-s2.0-105018511083"
"Roh E.J.; Shim J.Y.; Kim J.; Park S.","Roh, Emily Jimin (59152226100); Shim, Joo Yong (57221962428); Kim, Joongheon (8866990900); Park, Soohyun (57210251609)","59152226100; 57221962428; 8866990900; 57210251609","Hybrid quantum-classical 3D object detection using multi-channel quantum convolutional neural network","2025","Journal of Supercomputing","81","3","455","","","7","10.1007/s11227-025-06968-7","https://www.scopus.com/pages/publications/85217281585?origin=resultslist","Article","Final","","Scopus","2-s2.0-85217281585"
"El-Aziz R.M.A.; Rayan A.; Shahin O.R.; Elhadad A.; Abozeid A.; Taloba A.I.","El-Aziz, Rasha M. Abd (57370585100); Rayan, Alanazi (57205439416); Shahin, Osama R. (57208018343); Elhadad, Ahmed (56193901300); Abozeid, Amr (55255299000); Taloba, Ahmed I. (57202045568)","57370585100; 57205439416; 57208018343; 56193901300; 55255299000; 57202045568","Modified Deep Residual Quantum Computing Optimization Technique for IoT Platform","2021","International Journal of Advanced Computer Science and Applications","12","12","","333","341","2","10.14569/IJACSA.2021.0121244","https://www.scopus.com/pages/publications/85122558018?origin=resultslist","Article","Final","All Open Access; Gold Open Access","Scopus","2-s2.0-85122558018"
"Gao H.","Gao, Hui (60549524300)","60549524300","Research on Object Detection Model Based on Quantum Convolutional Neural Network","2025","2025 IEEE 7th International Conference on Power, Intelligent Computing and Systems, ICPICS 2025","","","","937","941","0","10.1109/ICPICS66386.2025.11347352","https://www.scopus.com/pages/publications/105034481239?origin=resultslist","Conference paper","Final","","Scopus","2-s2.0-105034481239"
"Genemo M.","Genemo, Musa (57464079800)","57464079800","Quantum Convolutional Neural Network for Agricultural Mechanization and Plant Disease Detection","2023","Lecture Notes in Networks and Systems","798 LNNS","","","225","237","12","10.1007/978-981-99-7093-3_15","https://www.scopus.com/pages/publications/85177833699?origin=resultslist","Conference paper","Final","","Scopus","2-s2.0-85177833699"
"Mo Y.; Lohani S.; Thornton M.","Mo, Yayu (60010882600); Lohani, Sanjaya (57190744825); Thornton, Mitchell (7101787087)","60010882600; 57190744825; 7101787087","Distorted Edge Feature Extraction Using Quantum Convolutional Structure","2025","Proceedings of the IEEE Dallas Circuits and Systems Conference, DCAS","","2025","","","","2","10.1109/DCAS65331.2025.11045502","https://www.scopus.com/pages/publications/105011416543?origin=resultslist","Conference paper","Final","","Scopus","2-s2.0-105011416543"
"Davuluri R.; Jayasree C.; Ahamad A.N.; Lakshmi C.M.; Sri A.K.","Davuluri, Ragavamsi (57218382355); Jayasree, Chitturi (60594469200); Ahamad, Abdul Naasir (60594585700); Lakshmi, Chillimuntha Maha (60594809100); Sri, Alapati Kavya (60595260200)","57218382355; 60594469200; 60594585700; 60594809100; 60595260200","MRI Brain Tumor Detection using Hybrid Quantum and Classical Neural Networks","2026","Proceedings of the 2026 6th International Conference on Image Processing and Capsule Networks, ICIPCN 2026","","","","78","83","0","10.1109/ICIPCN67432.2026.11438780","https://www.scopus.com/pages/publications/105036594502?origin=resultslist","Conference paper","Final","","Scopus","2-s2.0-105036594502"
"Poongothai S.; Kumar R.S.","Poongothai, S. (60535345600); Kumar, R. Senthil (57306862500)","60535345600; 57306862500","Quantum Machine Learning for Non-Communicable Disease Classification: A Comprehensive Review","2025","2025 IEEE 4th International Conference for Advancement in Technology, ICONAT 2025","","","","","","0","10.1109/ICONAT66879.2025.11362569","https://www.scopus.com/pages/publications/105033956771?origin=resultslist","Conference paper","Final","","Scopus","2-s2.0-105033956771"
"Patel H.; Kamthekar S.; Prajapati D.; Agarwal R.","Patel, Heet (59007911000); Kamthekar, Sneha (59007712100); Prajapati, Dinesh (59008316900); Agarwal, Richa (59007512600)","59007911000; 59007712100; 59008316900; 59007512600","Quantum Inspired Image Classification: A Hybrid SVM Framework","2024","2024 International Conference on Emerging Smart Computing and Informatics, ESCI 2024","","","","","","3","10.1109/ESCI59607.2024.10497230","https://www.scopus.com/pages/publications/85191698658?origin=resultslist","Conference paper","Final","","Scopus","2-s2.0-85191698658"
"Zulaiha Maryam M.; Kumaar S.J.","Zulaiha Maryam, M. (59672734200); Kumaar, Sindhu J. (25654039800)","59672734200; 25654039800","Stereoscopic scalable quantum convolutional neural network-based personalized ranking of sustainable suppliers' selection","2026","International Journal of Modeling, Simulation, and Scientific Computing","17","1","2550080","","","0","10.1142/S1793962325500801","https://www.scopus.com/pages/publications/105031805044?origin=resultslist","Article","Final","","Scopus","2-s2.0-105031805044"
"Qu Z.; Li Y.; Tiwari P.","Qu, Zhiguo (35327773200); Li, Yang (60330148000); Tiwari, Prayag (57193601962)","35327773200; 60330148000; 57193601962","QNMF: A quantum neural network based multimodal fusion system for intelligent diagnosis","2023","Information Fusion","100","","101913","","","80","10.1016/j.inffus.2023.101913","https://www.scopus.com/pages/publications/85165445106?origin=resultslist","Article","Final","","Scopus","2-s2.0-85165445106"
"Lopez D.A.; Montiel O.; Lopez-Montiel M.; Castillo O.","Lopez, Daniel Alejandro (58317985400); Montiel, Oscar (58289234600); Lopez-Montiel, Miguel (57212031562); Castillo, Oscar (7007101709)","58317985400; 58289234600; 57212031562; 7007101709","Weight adjustment of the quantum layer in a hybrid model for skin cancer image classification","2024","Proceedings of SPIE - The International Society for Optical Engineering","13136","","131360I","","","1","10.1117/12.3027860","https://www.scopus.com/pages/publications/85207635119?origin=resultslist","Conference paper","Final","","Scopus","2-s2.0-85207635119"
"Sannidhan M.S.; Martis J.E.; Nayak R.S.; Aithal S.K.; Sudeepa K.B.","Sannidhan, M.S. (57044837600); Martis, Jason Elroy (57190801382); Nayak, Ramesh Sunder (57188556681); Aithal, Sunil Kumar (57204021655); Sudeepa, K.B. (57191278895)","57044837600; 57190801382; 57188556681; 57204021655; 57191278895","Detection of Antibiotic Constituent in Aspergillus flavus Using Quantum Convolutional Neural Network","2023","International Journal of E-Health and Medical Communications","14","1","","1","26","40","10.4018/IJEHMC.321150","https://www.scopus.com/pages/publications/85177172616?origin=resultslist","Article","Final","All Open Access; Gold Open Access","Scopus","2-s2.0-85177172616"
"Ahmad N.; Jas S.","Ahmad, Naushad (59299909300); Jas, Shubham (59561122300)","59299909300; 59561122300","Quantum-inspired neural networks for time-series air pollution prediction and control of the most polluted region in the world","2025","Quantum Machine Intelligence","7","1","9","","","18","10.1007/s42484-024-00232-6","https://www.scopus.com/pages/publications/85218060730?origin=resultslist","Article","Final","","Scopus","2-s2.0-85218060730"
"Perarasi T.; Rani Sona D.; Leeban Moses M.; Ramkumar Raja M.","Perarasi, T. (56879105600); Rani Sona, Deepika (56644558700); Leeban Moses, M. (57212194649); Ramkumar Raja, M. (56006558500)","56879105600; 56644558700; 57212194649; 56006558500","Optimal Hybrid Quantum-Classical Convolutional Neural Network for Efficient 5G Network Slicing","2025","IETE Journal of Research","71","6","","1941","1950","2","10.1080/03772063.2025.2476746","https://www.scopus.com/pages/publications/105007009381?origin=resultslist","Article","Final","","Scopus","2-s2.0-105007009381"
"Dunn O.; Aslansefat K.; Papadopoulos Y.","Dunn, Oliver (60129000900); Aslansefat, Koorosh (56486111800); Papadopoulos, Yiannis (7004080291)","60129000900; 56486111800; 7004080291","Q-SafeML: Safety Assessment of Quantum Machine Learning via Quantum Distance Metrics","2026","Lecture Notes in Computer Science","15755 LNCS","","","348","364","0","10.1007/978-3-032-05073-1_23","https://www.scopus.com/pages/publications/105017958411?origin=resultslist","Conference paper","Final","","Scopus","2-s2.0-105017958411"
"Zhang R.; Wang Y.; He X.; Cai Z.; Di Y.; Bao J.; Fan J.; Qu Z.","Zhang, Rui (57116759100); Wang, Yueheng (60251408300); He, Xing (60250602600); Cai, Zinuo (57471088500); Di, Yicheng (58183580100); Bao, Jiayu (58659869900); Fan, Jiansong (58194945100); Qu, Zhongle (60251007000)","57116759100; 60251408300; 60250602600; 57471088500; 58183580100; 58659869900; 58194945100; 60251007000","QFI-Opt: Communication-Efficient Quantum Federated Learning via Quantum Fisher Information","2026","Software - Practice and Experience","56","3","","289","316","1","10.1002/spe.70048","https://www.scopus.com/pages/publications/105025530374?origin=resultslist","Article","Final","","Scopus","2-s2.0-105025530374"
"De Abreu D.M.; Abelém A.","De Abreu, Diego Medeiros (58205596200); Abelém, Antônio (6505971129)","58205596200; 6505971129","Towards Blind Quantum Machine Learning in Entanglement Networks","2025","QuNet 2025 - Proceedings of the 2nd Workshop on Quantum Networks and Distributed Quantum Computing, Part of SIGCOMM 2025","","","","8","13","0","10.1145/3749096.3750027","https://www.scopus.com/pages/publications/105018179053?origin=resultslist","Conference paper","Final","","Scopus","2-s2.0-105018179053"
"Nowmi S.R.; Lopez J.; Imon M.M.A.; Cadena V.; Pouryousef S.; Rahman M.S.","Nowmi, Saeefa Rubaiyet (59236962800); Lopez, Jesus (60034564100); Imon, Md Mahmudul Alam (60212955600); Cadena, Viviana (60034564200); Pouryousef, Shahrooz (57204024060); Rahman, Mohammad Saidur (57212104002)","59236962800; 60034564100; 60212955600; 60034564200; 57204024060; 57212104002","Towards Robust Quantum Machine Learning","2025","Proceedings - IEEE Quantum Week 2025, QCE 2025","2","","","632","633","1","10.1109/QCE65121.2025.10481","https://www.scopus.com/pages/publications/105030110734?origin=resultslist","Conference paper","Final","","Scopus","2-s2.0-105030110734"
"Bermejo P.; Braccia P.; Rudolph, M.S.; Holmes, Z.; Cincio, L.; Cerezo, M.","Bermejo, Pablo (57778113400); Braccia, Paolo  (57214807132); Rudolph,, Manuel S. (59569057600); Holmes,, Zoë (57216930647); Cincio,, Lukasz (16686295200); Cerezo,, M. (57008876100)","57778113400; 57214807132; 59569057600; 57216930647; 16686295200; 57008876100","Quantum Convolutional Neural Networks are Effectively Classically Simulable","2026","PRX Quantum","7","2","","","","4","10.1103/8QT9-72TS","https://www.scopus.com/pages/publications/105038258357?origin=resultslist","Article","Final","All Open Access; Gold Open Access; Green Open Access","Scopus","2-s2.0-105038258357"
"Hung L.-C.; Hsu K.-C.; Yu-Ming C.","Hung, Long-Chen (57485229500); Hsu, Kuan-Chen (60585434600); Yu-Ming, Chang (60584855300)","57485229500; 60585434600; 60584855300","Quantum-Enhanced YOLOv8 for Intelligent Safety Helmet Detection on Construction Sites","2025","2025 13th International Conference on Orange Technology, ICOT 2025","","","","","","0","10.1109/ICOT68409.2025.11425369","https://www.scopus.com/pages/publications/105035835167?origin=resultslist","Conference paper","Final","","Scopus","2-s2.0-105035835167"
"Roh E.J.; Lee K.; Kim J.","Roh, Emily Jimin (59152226100); Lee, Kihun (59553877800); Kim, Joongheon (8866990900)","59152226100; 59553877800; 8866990900","Introduction to Heterogeneous Knowledge Transfer for Quantum Convolutional Neural Networks","2024","International Conference on ICT Convergence","","","","1154","1156","0","10.1109/ICTC62082.2024.10827785","https://www.scopus.com/pages/publications/85217683846?origin=resultslist","Conference paper","Final","","Scopus","2-s2.0-85217683846"
"Tan A.; Wang B.; Zhao Y.; Wang Y.; Zhao J.; Wang A.X.","Tan, Ailing (8979575900); Wang, Bolin (57672658300); Zhao, Yong (55726071000); Wang, Yunxin (57330189100); Zhao, Jing (57191637460); Wang, Alan X. (35099830400)","8979575900; 57672658300; 55726071000; 57330189100; 57191637460; 35099830400","Near-infrared spectroscopy analysis of compound fertilizer based on GAF and quaternion convolution neural network","2023","Chemometrics and Intelligent Laboratory Systems","240","","104900","","","14","10.1016/j.chemolab.2023.104900","https://www.scopus.com/pages/publications/85163193054?origin=resultslist","Article","Final","All Open Access; Hybrid Gold Open Access","Scopus","2-s2.0-85163193054"
"Reka S.S.; Karthikeyan H.L.; Shakil A.J.; Venugopal P.; Muniraj M.","Reka, S. Sofana (56964480300); Karthikeyan, H. Leela (58966382000); Shakil, A. Jack (59256997700); Venugopal, Prakash (58889447400); Muniraj, Manigandan (57200989154)","56964480300; 58966382000; 59256997700; 58889447400; 57200989154","Exploring Quantum Machine Learning for Enhanced Skin Lesion Classification: A Comparative Study of Implementation Methods","2024","IEEE Access","12","","","104568","104584","33","10.1109/ACCESS.2024.3434681","https://www.scopus.com/pages/publications/85200256056?origin=resultslist","Article","Final","All Open Access; Gold Open Access; Green Open Access","Scopus","2-s2.0-85200256056"
"Pawana I.W.A.J.; Kwon H.; Linawati; You I.","Pawana, I Wayan Adi Juliawan (58812960900); Kwon, Hoseok (58455109100); Linawati (52763653600); You, Ilsun (14038401900)","58812960900; 58455109100; 52763653600; 14038401900","Quantum-Enhanced Detection of False Base Stations in beyond 5G Networks Using Quanvolutional Neural Network","2025","Proceedings - International Conference on Smart-Green Technology in Electrical and Information Systems, ICSGTEIS","","","","207","212","0","10.1109/ICSGTEIS68532.2025.11284521","https://www.scopus.com/pages/publications/105031684878?origin=resultslist","Conference paper","Final","","Scopus","2-s2.0-105031684878"
"Ibrahim A.M.; Mohammed M.A.; Al-Boridi O.","Ibrahim, Aiesha Mahmoud (60007605500); Mohammed, Mazin Abed (57192089894); Al-Boridi, Omar (57890242000)","60007605500; 57192089894; 57890242000","A Quantum Convolutional Neural Network Approach for Early and Accurate Diagnosis of Parkinson’s Disease","2025","Iraqi Journal for Computer Science and Mathematics","6","3","","185","210","1","10.52866/2788-7421.1288","https://www.scopus.com/pages/publications/105011346993?origin=resultslist","Article","Final","All Open Access; Gold Open Access","Scopus","2-s2.0-105011346993"
"Reddy M.R.V.S.R.S.; Bhowmik B.","Reddy, Manideep Raya V.S.R.S. (59720423300); Bhowmik, Biswajit (56825426700)","59720423300; 56825426700","Improving CNN-Based Breast Cancer Detection Integrating Quantum Layers","2025","6th International Conference on Control Communication and Computing, ICCC 2025","","","","","","2","10.1109/ICCC64910.2025.11077196","https://www.scopus.com/pages/publications/105012738347?origin=resultslist","Conference paper","Final","","Scopus","2-s2.0-105012738347"
"Firdaus; Syafalni I.; Ahmadi N.; Sutisna N.; Mulyawan R.; Adiono T.","Firdaus (60517617200); Syafalni, Infall (36083609700); Ahmadi, Nur (57204664529); Sutisna, Nana (56038758900); Mulyawan, Rahmat (36987136000); Adiono, Trio (6506068255)","60517617200; 36083609700; 57204664529; 56038758900; 36987136000; 6506068255","Hybrid Quantum-Classical NN for Chest X-Ray Classification Using 2-Qubit Quantum Circuits","2025","2025 International Symposium on Intelligent Signal Processing and Communication Systems, ISPACS 2025","","","","","","0","10.1109/ISPACS68724.2025.11383433","https://www.scopus.com/pages/publications/105034711929?origin=resultslist","Conference paper","Final","","Scopus","2-s2.0-105034711929"
"Song S.; Chen K.","Song, Shichen (60171640500); Chen, Kehan (57196058068)","60171640500; 57196058068","Architectural Design of Quantum Convolutional Neural Network for Multi-Class Image Classification","2025","2025 5th International Conference on Artificial Intelligence, Big Data and Algorithms, CAIBDA 2025","","","","1272","1277","0","10.1109/CAIBDA65784.2025.11183394","https://www.scopus.com/pages/publications/105020812610?origin=resultslist","Conference paper","Final","","Scopus","2-s2.0-105020812610"
"El Maouaki W.; Marchisio A.; Said T.; Shafique M.; Bennai M.","El Maouaki, Walid (58870049500); Marchisio, Alberto (57204639484); Said, Taoufik (57130400800); Shafique, Muhammad (17435669500); Bennai, Mohamed (55904222900)","58870049500; 57204639484; 57130400800; 17435669500; 55904222900","RobQuNNs: A Methodology for Robust Quanvolutional Neural Networks against Adversarial Attacks","2024","2024 IEEE International Conference on Image Processing Challenges and Workshops, ICIPCW 2024 - Proceedings","","","","4090","4095","8","10.1109/ICIPCW64161.2024.10769105","https://www.scopus.com/pages/publications/85214701457?origin=resultslist","Conference paper","Final","","Scopus","2-s2.0-85214701457"
"Kulkarni S.; Shashidhar V.; Shenoy P.D.; Venugopal K.R.","Kulkarni, Savitri (58395234900); Shashidhar, V. (59319327500); Shenoy, P. Deepa (59905225400); Venugopal, K.R. (7005430241)","58395234900; 59319327500; 59905225400; 7005430241","Quantum Convolutional Neural Network for Coffee Plant Disease Diagnosis","2025","Proceedings of IEEE International Conference for Women in Innovation, Technology and Entrepreneurship, ICWITE 2025","","","","","","1","10.1109/ICWITE64848.2025.11307161","https://www.scopus.com/pages/publications/105032353391?origin=resultslist","Conference paper","Final","","Scopus","2-s2.0-105032353391"
"Putri M.D.A.; Maulidevi N.U.; Syafalni I.; Mulyawan R.","Putri, Made Debby Almaeda (60557752300); Maulidevi, Nur Ulfa (24765228900); Syafalni, Infall (36083609700); Mulyawan, Rahmat (36987136000)","60557752300; 24765228900; 36083609700; 36987136000","Design and Implementation of Quantum Convolutional Neural Networks for Handwritten Character Classification","2025","2025 International Symposium on Intelligent Signal Processing and Communication Systems, ISPACS 2025","","","","","","0","10.1109/ISPACS68724.2025.11383252","https://www.scopus.com/pages/publications/105034715168?origin=resultslist","Conference paper","Final","","Scopus","2-s2.0-105034715168"
"Murmu A.; Mitra P.; Chakrabarti A.","Murmu, Arpan (58074264700); Mitra, Pritam (60686867700); Chakrabarti, Amlan (24342850300)","58074264700; 60686867700; 24342850300","Quantum-Enhanced Convolutional Neural Network for Multiclass Potato Leaf Disease Classification","2026","Proceedings of International Conference on Next-Gen Quantum and Advanced Computing: Algorithms, Security, and Beyond, NQComp 2026","","","","533","538","0","10.1109/NQComp68334.2026.11497723","https://www.scopus.com/pages/publications/105041505280?origin=resultslist","Conference paper","Final","","Scopus","2-s2.0-105041505280"
"Helmy S.M.A.; El-Regaily S.A.; Mahmoud A.M.; El-Horbaty E.-S.M.","Helmy, Salma Mostafa A. (57549523400); El-Regaily, Salsabil A. (55263567000); Mahmoud, Abeer M. (57218923881); El-Horbaty, El-Sayed M. (60431780100)","57549523400; 55263567000; 57218923881; 60431780100","Study of Brain Image Segmentation Techniques: Bridging Classical Methods and Quantum Innovations","2025","Proceedings - 2025 IEEE 12th International Conference on Intelligent Computing and Information Systems, ICICIS 2025","","","","485","492","1","10.1109/ICICIS66182.2025.11313113","https://www.scopus.com/pages/publications/105031776881?origin=resultslist","Conference paper","Final","","Scopus","2-s2.0-105031776881"
"Akash A.R.; Ahn B.; Jenkins A.; Khot A.; Silva L.; Tavares-Vengas H.; Kim T.","Akash, Alve Rahman (58572434600); Ahn, BoHyun (57222615791); Jenkins, Alycia (58836079400); Khot, Ameya (58835242500); Silva, Lauren (58897024200); Tavares-Vengas, Hugo (58896976100); Kim, Taesic (23021764300)","58572434600; 57222615791; 58836079400; 58835242500; 58897024200; 58896976100; 23021764300","Quantum Convolutional Neural Network-based Online Malware File Detection for Smart Grid Devices","2023","2023 IEEE Design Methodologies Conference, DMC 2023","","","","","","4","10.1109/DMC58182.2023.10412597","https://www.scopus.com/pages/publications/85185551810?origin=resultslist","Conference paper","Final","","Scopus","2-s2.0-85185551810"
"Alam M.; Kundu S.; Topaloglu R.O.; Ghosh S.","Alam, Mahabubul (57209456503); Kundu, Satwik (57271190500); Topaloglu, Rasit Onur (7005610219); Ghosh, Swaroop (55267696500)","57209456503; 57271190500; 7005610219; 55267696500","Quantum-Classical Hybrid Machine Learning for Image Classification (ICCAD Special Session Paper)","2021","IEEE/ACM International Conference on Computer-Aided Design, Digest of Technical Papers, ICCAD","2021-November","","","","","48","10.1109/ICCAD51958.2021.9643516","https://www.scopus.com/pages/publications/85124145389?origin=resultslist","Conference paper","Final","","Scopus","2-s2.0-85124145389"
"Jagdale B.; Sugave S.R.; Kulkarni Y.R.; Gutte V.","Jagdale, Balaso (48662453500); Sugave, Shounak Rushikesh (57195600106); Kulkarni, Yogesh R. (57192315058); Gutte, Vitthal (57191042006)","48662453500; 57195600106; 57192315058; 57191042006","Privacy-aware quantum convolutional neural network for blockchain-based IoT health care data","2024","Intelligent Decision Technologies","18","2","","1337","1354","1","10.3233/IDT-230386","https://www.scopus.com/pages/publications/85205530604?origin=resultslist","Article","Final","","Scopus","2-s2.0-85205530604"
"Miao J.; Kou K.I.; Yang Y.; Yang L.; Han J.","Miao, Jifei (57201452670); Kou, Kit Ian (7003837546); Yang, Ying (59630677200); Yang, Liqiao (57222070456); Han, Juan (57392528300)","57201452670; 7003837546; 59630677200; 57222070456; 57392528300","Quaternion matrix completion using untrained quaternion convolutional neural network for color image inpainting","2024","Signal Processing","221","","109504","","","29","10.1016/j.sigpro.2024.109504","https://www.scopus.com/pages/publications/85190469135?origin=resultslist","Article","Final","","Scopus","2-s2.0-85190469135"
"Jiang D.; Liu L.; Zhu L.; Wang X.; Chen Y.; Rong X.","Jiang, Donghua (57213685978); Liu, Lidong (55715347800); Zhu, Liya (57207766320); Wang, Xingyuan (9735589400); Chen, Yingpin (55558023400); Rong, Xianwei (12807716100)","57213685978; 55715347800; 57207766320; 9735589400; 55558023400; 12807716100","An efficient meaningful double-image encryption algorithm based on parallel compressive sensing and FRFT embedding","2023","Multimedia Tools and Applications","82","18","","27337","27363","11","10.1007/s11042-023-14601-z","https://www.scopus.com/pages/publications/85147772503?origin=resultslist","Article","Final","","Scopus","2-s2.0-85147772503"
"Xia B.; Zhan B.; Shen M.; Yang H.","Xia, Bicheng (59309793200); Zhan, Bangcheng (57216615206); Shen, Mingkui (57190139206); Yang, Hejun (59309960500)","59309793200; 57216615206; 57190139206; 59309960500","Revisiting representation learning of color information: Color medical image segmentation incorporating quaternion","2024","Knowledge-Based Systems","306","","112707","","","6","10.1016/j.knosys.2024.112707","https://www.scopus.com/pages/publications/85208581916?origin=resultslist","Article","Final","","Scopus","2-s2.0-85208581916"
"Neyigapula B.S.","Neyigapula, Bheema Shanker (58494247000)","58494247000","Quantum Neural Networks: Paving the Way for Next-Generation Machine Learning","2024","International Journal of Artificial Intelligence and Machine Learning","4","2","","92","105","1","10.51483/IJAIML.4.2.2024.92-105","https://www.scopus.com/pages/publications/105020272899?origin=resultslist","Article","Final","All Open Access; Bronze Open Access","Scopus","2-s2.0-105020272899"
"Ortega-Flores G.; Altamirano-Escobedo G.; Mercado-Ravell D.; Bayro-Corrochano E.","Ortega-Flores, Gerardo (60189494500); Altamirano-Escobedo, Guillermo (57219333081); Mercado-Ravell, Diego (56655005800); Bayro-Corrochano, Eduardo (7003485536)","60189494500; 57219333081; 56655005800; 7003485536","Quaternion CNN in Deep Learning Processing for EEG with Applications to Brain Disease Detection","2025","Applied Sciences (Switzerland)","15","21","11526","","","0","10.3390/app152111526","https://www.scopus.com/pages/publications/105021457335?origin=resultslist","Article","Final","All Open Access; Gold Open Access; Green Open Access","Scopus","2-s2.0-105021457335"
"Agarwal N.B.; Makam K.K.; Yadav D.K.","Agarwal, Nisha Bhadauriya (59660729200); Makam, Kiran Kumar (59307986900); Yadav, Deepak Kumar (59762108200)","59660729200; 59307986900; 59762108200","Hybrid Quantum Convolutional Neural Network for Myopathy Detection from EMG Signals","2025","Proceedings - 2025 IEEE 1st International Conference on Smart Innovations in Systems, Infrastructure, Mechanical, Power, AI and Computing Technologies, SISIMPACT 2025","","","","1060","1065","0","10.1109/SISIMPACT67725.2025.11439624","https://www.scopus.com/pages/publications/105037461614?origin=resultslist","Conference paper","Final","","Scopus","2-s2.0-105037461614"
"Akter M.S.; Shahriar H.; Bhuiya Z.A.","Akter, Mst Shapna (57904953300); Shahriar, Hossain (23096391900); Bhuiya, Zakirul Alam (58150793800)","57904953300; 23096391900; 58150793800","Automated Vulnerability Detection in Source Code Using Quantum Natural Language Processing","2023","Communications in Computer and Information Science","1768 CCIS","","","83","102","12","10.1007/978-981-99-0272-9_6","https://www.scopus.com/pages/publications/85151056999?origin=resultslist","Conference paper","Final","","Scopus","2-s2.0-85151056999"
"Zhao X.","Zhao, Xueyang (59896781600)","59896781600","Application of image recognition algorithm based on quantum convolutional neural network","2025","2025 IEEE 5th International Conference on Electronic Technology, Communication and Information, ICETCI 2025","","","","653","657","0","10.1109/ICETCI64844.2025.11084236","https://www.scopus.com/pages/publications/105013071844?origin=resultslist","Conference paper","Final","","Scopus","2-s2.0-105013071844"
"Ticku A.; Sangwan V.; Balani S.; Jha S.; Rawat S.; Rathee A.; Yadav D.","Ticku, Amrita (58189295300); Sangwan, Vaibhav (59143887000); Balani, Sanket (59143887100); Jha, Sriti (59143886900); Rawat, Sahil (59547128500); Rathee, Anu (57211917150); Yadav, Deepika (57197598422)","58189295300; 59143887000; 59143887100; 59143886900; 59547128500; 57211917150; 57197598422","Advancing neuroimaging with quantum convolutional neural networks for brain tumor detection","2025","International Journal of Information Technology (Singapore)","17","9","","5759","5766","15","10.1007/s41870-025-02401-7","https://www.scopus.com/pages/publications/85217242496?origin=resultslist","Article","Final","","Scopus","2-s2.0-85217242496"
"Duzel B.; Chiatti O.; Riha C.; Buchholz S.S.; Reuter D.; Wieck A.D.; Fischer S.F.","Duzel, Birkan (57217825077); Chiatti, Olivio (24079728900); Riha, Christian (56527059700); Buchholz, Sven S. (54415433500); Reuter, Dirk (7005508322); Wieck, Andreas D. (7007079915); Fischer, Saskia F. (35500570100)","57217825077; 24079728900; 56527059700; 54415433500; 7005508322; 7007079915; 35500570100","Phase-coherent transport probed by noise measurements in quantum rings","2023","2023 International Conference on Noise and Fluctuations, ICNF 2023","","","","","","0","10.1109/ICNF57520.2023.10472756","https://www.scopus.com/pages/publications/85190286106?origin=resultslist","Conference paper","Final","","Scopus","2-s2.0-85190286106"
"Li D.; Yang X.; Wang X.; Zhang W.","Li, Daili (59469330000); Yang, Xin–Xin (58546753700); Wang, Xiaoting (57205085605); Zhang, Wei (56469204800)","59469330000; 58546753700; 57205085605; 56469204800","Identifying Dynamical Quantum Phase Transitions With a Migratable Quantum-Classical Hybrid Neural Network","2026","Advanced Intelligent Systems","","","","","","0","10.1002/aisy.202600009","https://www.scopus.com/pages/publications/105040335449?origin=resultslist","Article","Article in press","All Open Access; Gold Open Access","Scopus","2-s2.0-105040335449"
"Li G.; Luo J.; Wang Q.; Liu L.; Wei C.; Wang H.; Zhang Z.","Li, Guodong (56222452600); Luo, Junjie (58753407200); Wang, Qingle (56183586000); Liu, Lin (59560590000); Wei, Chunyan (55346672600); Wang, Huawei (57210161237); Zhang, Zhichao (55839675600)","56222452600; 58753407200; 56183586000; 59560590000; 55346672600; 57210161237; 55839675600","QFTD: An efficient quantum federated learning for transformer fault diagnosis with minimal gated unit in smart grid","2026","Engineering Applications of Artificial Intelligence","163","","112974","","","0","10.1016/j.engappai.2025.112974","https://www.scopus.com/pages/publications/105020901586?origin=resultslist","Article","Final","","Scopus","2-s2.0-105020901586"
"Li Y.; Qi Z.; Li Y.; Yang H.; Shang R.; Jiao L.","Li, Yangyang (35388751400); Qi, Zhengya (59530870600); Li, Yuelin (58863867800); Yang, Haorui (60119360700); Shang, Ronghua (15030217300); Jiao, Licheng (7102491544)","35388751400; 59530870600; 58863867800; 60119360700; 15030217300; 7102491544","Quantum splitting convolutional neural network-based distributed quantum disease detection model","2025","Neurocomputing","655","","131410","","","3","10.1016/j.neucom.2025.131410","https://www.scopus.com/pages/publications/105015468711?origin=resultslist","Article","Final","","Scopus","2-s2.0-105015468711"
"Hossain J.; Alam M.N.; Akib M.Y.N.; Kogoya K.","Hossain, Javed (59663097400); Alam, Md. Nur (59673583000); Akib, Mohammad Yasin Nur (59673126200); Kogoya, Krisdahim (59673738200)","59663097400; 59673583000; 59673126200; 59673738200","Leveraging Deep Quantum Convolutional Neural Networks for Student Facial Expression Identifcation and Mode Assessments","2024","Proceedings of the 4th International Conference on Ubiquitous Computing and Intelligent Information Systems, ICUIS 2024","","","","68","74","4","10.1109/ICUIS64676.2024.10866158","https://www.scopus.com/pages/publications/86000193098?origin=resultslist","Conference paper","Final","","Scopus","2-s2.0-86000193098"
"El Maouaki W.; Marchisio A.; Said T.; Shafique M.; Bennai M.","El Maouaki, Walid (58870049500); Marchisio, Alberto (57204639484); Said, Taoufik (57130400800); Shafique, Muhammad (17435669500); Bennai, Mohamed (55904222900)","58870049500; 57204639484; 57130400800; 17435669500; 55904222900","Designing Robust Quantum Neural Networks via Optimized Circuit Metrics","2025","Advanced Quantum Technologies","8","6","2400601","","","6","10.1002/qute.202400601","https://www.scopus.com/pages/publications/105000377752?origin=resultslist","Article","Final","All Open Access; Bronze Open Access","Scopus","2-s2.0-105000377752"
"Verma M.; Arora K.; Kumar P.; Trivedi K.; Yadav J.; Pandey S.K.","Verma, Meghanshu (59793144200); Arora, Krishna (60320611100); Kumar, Piyush (60320611200); Trivedi, Krishiv (60320472600); Yadav, Jyoti (60320472700); Pandey, Sumit Kumar (39861806200)","59793144200; 60320611100; 60320611200; 60320472600; 60320472700; 39861806200","Quantum Convolutional Neural Networks with Residual Learning: Advancing Quantum Model Architectures","2026","Communications in Computer and Information Science","2685 CCIS","","","450","464","0","10.1007/978-3-032-08511-5_33","https://www.scopus.com/pages/publications/105027154710?origin=resultslist","Conference paper","Final","","Scopus","2-s2.0-105027154710"
"Kashtan V.; Hnatushenko V.; Babets D.; Cyran K.; Wereszczyński K.","Kashtan, Vita (57201902879); Hnatushenko, Volodymyr (6505609275); Babets, Dmytro (56437756800); Cyran, Krzysztof (35612399300); Wereszczyński, Kamil (56158842400)","57201902879; 6505609275; 56437756800; 35612399300; 56158842400","Hybrid quantum CNN-based information technology for building semanticsegmentation in aerial imagery","2025","CEUR Workshop Proceedings","4015","","","150","162","2","10.31110/colins/2025-3/011","https://www.scopus.com/pages/publications/105015299326?origin=resultslist","Conference paper","Final","All Open Access; Gold Open Access","Scopus","2-s2.0-105015299326"
"Suzuki Y.; Saito H.; Semba S.; Tomioka Y.; Hanyu T.","Suzuki, Yasuyuki (58876410700); Saito, Hiroshi (57203439879); Semba, Shogo (57209195824); Tomioka, Yoichi (40462533000); Hanyu, Takahiro (7004531778)","58876410700; 57203439879; 57209195824; 40462533000; 7004531778","Random Forest-Based Approximation for Quantized CNNs on Edge FPGAs","2025","Proceedings - 2025 IEEE 18th International Symposium on Embedded Multicore/Many-core Systems-on-Chip, MCSoC 2025","","","","653","660","0","10.1109/MCSoC67473.2025.00107","https://www.scopus.com/pages/publications/105032428897?origin=resultslist","Conference paper","Final","","Scopus","2-s2.0-105032428897"
"Rashmi B.N.; Guru R.; Anusuya M.A.","Rashmi, B.N. (58034824500); Guru, R. (58647711900); Anusuya, M.A. (26640959500)","58034824500; 58647711900; 26640959500","QCNN for Object Detection and Classification","2025","16th International Conference on Advances in Computing, Control, and Telecommunication Technologies, ACT 2025","2","","","15628","15637","0","","https://www.scopus.com/pages/publications/105034890226?origin=resultslist","Conference paper","Final","","Scopus","2-s2.0-105034890226"
"Daniel R.; Prasad B.; Pasam P.K.; Sudarsa D.; Sudhakar A.; Rajanna B.V.","Daniel, Ravuri (57022176300); Prasad, Bode (57210457839); Pasam, Prudhvi Kiran (58727097100); Sudarsa, Dorababu (57206696563); Sudhakar, Ambarapu (57203029186); Rajanna, Bodapati Venkata (57204342199)","57022176300; 57210457839; 58727097100; 57206696563; 57203029186; 57204342199","Handwritten digit recognition using quantum convolution neural network","2024","IAES International Journal of Artificial Intelligence","13","1","","533","541","4","10.11591/ijai.v13.i1.pp533-541","https://www.scopus.com/pages/publications/85178168111?origin=resultslist","Article","Final","All Open Access; Gold Open Access","Scopus","2-s2.0-85178168111"
"Dastagir M.B.A.; Han D.","Dastagir, Muhammad Bilal Akram (57973681000); Han, Dongsoo (55627531000)","57973681000; 55627531000","Towards Hybrid Quantum-Classical Deep Learning Architecture for Indoor-Outdoor Detection Using QCNN-LSTM and Cluster State Signal Processing","2024","IEEE Signal Processing Letters","31","","","2945","2949","7","10.1109/LSP.2024.3480043","https://www.scopus.com/pages/publications/85207273819?origin=resultslist","Article","Final","","Scopus","2-s2.0-85207273819"
"Qu Z.; Xia Y.; Sun L.; Liu W.; Muhammad G.","Qu, Zhiguo (35327773200); Xia, Yichen (59709787200); Sun, Le (57210276417); Liu, Wenjie (55723562200); Muhammad, Ghulam (56605566900)","35327773200; 59709787200; 57210276417; 55723562200; 56605566900","QCACNN: A Quantum Convolutional Neural Network Algorithm for Traffic Sign Recognition in Carbon-Intelligent Electric Vehicles","2025","IEEE Internet of Things Journal","12","17","","34708","34719","7","10.1109/JIOT.2025.3553897","https://www.scopus.com/pages/publications/105001108391?origin=resultslist","Article","Final","","Scopus","2-s2.0-105001108391"
"Patil M.K.; Kothari P.P.; Sakamudi S.R.; Kalaivanan K.","Patil, Mahadev Kalyanrao (58123487700); Kothari, Pritam Pravin (59308069600); Sakamudi, Srilakshmi ramya (60141139200); Kalaivanan, K. (58203902800)","58123487700; 59308069600; 60141139200; 58203902800","Enhanced ammonia contamination prediction in aquaculture ponds using stereoscopic scalable quantum convolutional networks with simplicial attention network","2025","Iran Journal of Computer Science","8","4","","2709","2731","0","10.1007/s42044-025-00341-w","https://www.scopus.com/pages/publications/105018756994?origin=resultslist","Article","Final","","Scopus","2-s2.0-105018756994"
"Chang S.Y.; Grossi M.; Le Saux B.; Vallecorsa S.","Chang, Su Yeon (57221138283); Grossi, Michele (57203555059); Le Saux, Bertrand (6506307016); Vallecorsa, Sofia (35228122400)","57221138283; 57203555059; 6506307016; 35228122400","Approximately Equivariant Quantum Neural Network for p4m Group Symmetries in Images","2023","Proceedings - 2023 IEEE International Conference on Quantum Computing and Engineering, QCE 2023","1","","","229","235","17","10.1109/QCE57702.2023.00033","https://www.scopus.com/pages/publications/85177869203?origin=resultslist","Conference paper","Final","All Open Access; Gold Open Access; Green Open Access","Scopus","2-s2.0-85177869203"
"Mallikarjun A.; Patro P.","Mallikarjun, Ananthala (60333917000); Patro, Pramoda (57201434515)","60333917000; 57201434515","Explainable Quantum CNN Models for Detecting and Mitigating Cyber Threats in Distributed Systems","2026","Lecture Notes in Networks and Systems","1855 LNNS","","","46","61","0","10.1007/978-3-032-18910-3_5","https://www.scopus.com/pages/publications/105040574136?origin=resultslist","Conference paper","Final","","Scopus","2-s2.0-105040574136"
"Dahan N.A.; Jaha E.S.","Dahan, Neama Abdulaziz (57200185241); Jaha, Emad Sami (56440153900)","57200185241; 56440153900","IRIS-QResNet: A Quantum-Inspired Deep Model for Efficient Iris Biometric Identification and Authentication","2026","Sensors","26","1","121","","","1","10.3390/s26010121","https://www.scopus.com/pages/publications/105027218208?origin=resultslist","Article","Final","All Open Access; Gold Open Access; Green Open Access","Scopus","2-s2.0-105027218208"
"Wang J.; Zhang M.; Lai J.-S.; Li F.","Wang, Jing (57952710800); Zhang, Meng (57222037963); Lai, Jun-Sen (49961773600); Li, Fang (58201996600)","57952710800; 57222037963; 49961773600; 58201996600","Analysis of Influencing Factors in Digital Image Recognition Based on Quantum Convolutional Neural Networks","2025","2025 23rd International Conference on Optical Communications and Networks, ICOCN 2025","","","","","","1","10.1109/ICOCN67308.2025.11145523","https://www.scopus.com/pages/publications/105017005646?origin=resultslist","Conference paper","Final","","Scopus","2-s2.0-105017005646"
"Ahad M.T.; Song B.; Li Y.","Ahad, Md Taimur (56580036100); Song, Bo (57145896300); Li, Yan (60233663500)","56580036100; 57145896300; 60233663500","A novel qVGG-4 model for optimizing a parameterized quantum circuit in a quantum-IoT-based brain tumor detection and monitoring system","2026","Computer Methods and Programs in Biomedicine","282","","109362","","","0","10.1016/j.cmpb.2026.109362","https://www.scopus.com/pages/publications/105039206263?origin=resultslist","Article","Final","All Open Access; Hybrid Gold Open Access","Scopus","2-s2.0-105039206263"
"Matsumoto Y.; Natsuaki R.; Hirose A.","Matsumoto, Yuya (57608068300); Natsuaki, Ryo (35795724100); Hirose, Akira (35416951600)","57608068300; 35795724100; 35416951600","Proposal of PolSAR Land Classification Using Full-Learning Quaternion Convolutional Neural Networks","2022","International Geoscience and Remote Sensing Symposium (IGARSS)","2022-July","","","235","238","1","10.1109/IGARSS46834.2022.9883874","https://www.scopus.com/pages/publications/85140359401?origin=resultslist","Conference paper","Final","","Scopus","2-s2.0-85140359401"
"Rana A.; Bhaglani D.K.; Vaidya P.; Hu Y.-C.","Rana, Anurag (57973470300); Bhaglani, Dimple Kumar (57197826563); Vaidya, Pankaj (57210970221); Hu, Yu-Chen (24449408900)","57973470300; 57197826563; 57210970221; 24449408900","Meta-analysis of quantum convolutional neural networks for automated tuberculosis screening on chest x-rays","2025","Multimedia Tools and Applications","84","33","","40781","40807","1","10.1007/s11042-025-20614-7","https://www.scopus.com/pages/publications/105001472210?origin=resultslist","Article","Final","","Scopus","2-s2.0-105001472210"
"Faier R.; Lorenz J.M.; Ehm H.","Faier, Robin (60607180500); Lorenz, Jeanette Miriam (9744008200); Ehm, Hans (24334403600)","60607180500; 9744008200; 24334403600","The Effects of Conditional Pooling Techniques in Quanvolutional Circuits of Quantum-Classical Hybrid Neural Networks","2025","CEUR Workshop Proceedings","4153","","","85","105","0","","https://www.scopus.com/pages/publications/105037385293?origin=resultslist","Conference paper","Final","","Scopus","2-s2.0-105037385293"
"Park J.J.; Tseng H.-H.; Yoo S.; Chen S.Y.-C.; Cha J.","Park, Junghoon Justin (59925983200); Tseng, Huan-Hsin (57194869441); Yoo, Shinjae (24475682400); Chen, Samuel Yen-Chi (57218546572); Cha, Jiook (54879714300)","59925983200; 57194869441; 24475682400; 57218546572; 54879714300","It's-A-Me, Quantum Mario: Scalable Quantum Reinforcement Learning with Multi-Chip Ensembles","2025","Proceedings - 2025 IEEE International Conference on Quantum Artificial Intelligence, QAI 2025","","","","366","372","0","10.1109/QAI63978.2025.00063","https://www.scopus.com/pages/publications/105033453853?origin=resultslist","Conference paper","Final","","Scopus","2-s2.0-105033453853"
"Singh I.; Baidya A.; Farooq U.; Singh P.","Singh, Ipsit (58984118800); Baidya, Ashis (60038402600); Farooq, Umar (58255143600); Singh, Parvinder (7403970854)","58984118800; 60038402600; 58255143600; 7403970854","Quantum-Circuit Inspired Hybrid QCNN for UAV Based Crop Classification","2026","Communications in Computer and Information Science","2475 CCIS","","","453","467","0","10.1007/978-3-031-93694-4_32","https://www.scopus.com/pages/publications/105013025552?origin=resultslist","Conference paper","Final","","Scopus","2-s2.0-105013025552"
"Ahmad I.; Narmeen R.; Mughal U.A.; Yang L.; Almadhor A.; Dhahbi S.; Wen M.; Ho P.-H.","Ahmad, Ishtiaq (57672561800); Narmeen, Ramsha (57204468980); Mughal, Umair Ahmad (58828947200); Yang, Liang (35328835800); Almadhor, Ahmad (57202875014); Dhahbi, Sami (22034298700); Wen, Miaowen (57191194745); Ho, Pin-Han (7402211578)","57672561800; 57204468980; 58828947200; 35328835800; 57202875014; 22034298700; 57191194745; 7402211578","Quantum CNN for Detection and Identification of UAV-Enabled Non-Terrestrial Networks","2025","IEEE Wireless Communications","32","3","","28","36","12","10.1109/MWC.001.2400419","https://www.scopus.com/pages/publications/105006877848?origin=resultslist","Article","Final","","Scopus","2-s2.0-105006877848"
"Gode I.; Wang H.; Liang D.","Gode, Idhant (59704928600); Wang, Haiyan (56033659400); Liang, David (59788388200)","59704928600; 56033659400; 59788388200","Utilizing Quantum Variational Circuits to Perform Quantum Convolutions in Hybrid ""Quanvolutional"" Neural Networks for Skin Cancer Detection","2024","2024 International Conference on Image Processing, Computer Vision and Machine Learning, ICICML 2024","","","","2034","2037","1","10.1109/ICICML63543.2024.10957945","https://www.scopus.com/pages/publications/105004573793?origin=resultslist","Conference paper","Final","","Scopus","2-s2.0-105004573793"
"Khatoniar R.; Vyas V.; Acharya V.; Saxena A.; Saxena A.; Neiwal R.; Korgaonkar K.","Khatoniar, Ria (59336437600); Vyas, Vishu (59336268800); Acharya, Videet (59336437700); Saxena, Anshul (57218831471); Saxena, Amit (59335889400); Neiwal, Rahul (59093178800); Korgaonkar, Kunal (48861414800)","59336437600; 59336268800; 59336437700; 57218831471; 59335889400; 59093178800; 48861414800","Quantum Convolutional Neural Network for Medical Image Classification: A Hybrid Model","2024","TQCEBT 2024 - 2nd IEEE International Conference on Trends in Quantum Computing and Emerging Business Technologies 2024","","","","","","5","10.1109/TQCEBT59414.2024.10545121","https://www.scopus.com/pages/publications/85204471580?origin=resultslist","Conference paper","Final","","Scopus","2-s2.0-85204471580"
"Nikhade J.; Sonekar S.V.","Nikhade, Jolly (59229613500); Sonekar, Shrikant V. (57008159100)","59229613500; 57008159100","ImHQCN: Improved Harris Hawk Optimized Modified Elliptic Curve Digital Signature Encryption-based Malware Prediction and Secure Data Sharing Framework","2025","Proceedings of 6th International Conference on Intelligent Communication Technologies and Virtual Mobile Networks, ICICV 2025","","","","1700","1707","0","10.1109/ICICV64824.2025.11085646","https://www.scopus.com/pages/publications/105013072225?origin=resultslist","Conference paper","Final","","Scopus","2-s2.0-105013072225"
"Qu Z.; Shi W.; Liu B.; Gupta D.; Tiwari P.","Qu, Zhiguo (35327773200); Shi, Wenke (58480786500); Liu, Bo (57845747600); Gupta, Deepak (56985108600); Tiwari, Prayag (57193601962)","35327773200; 58480786500; 57845747600; 56985108600; 57193601962","IoMT-Based Smart Healthcare Detection System Driven by Quantum Blockchain and Quantum Neural Network","2024","IEEE Journal of Biomedical and Health Informatics","28","6","","3317","3328","43","10.1109/JBHI.2023.3288199","https://www.scopus.com/pages/publications/85164412984?origin=resultslist","Article","Final","","Scopus","2-s2.0-85164412984"
"Jing B.; Prabhu V.; Gu A.; Whaley J.","Jing, Bowen (57219502211); Prabhu, Vinay (24479917000); Gu, Angela (59595933800); Whaley, John (56212539300)","57219502211; 24479917000; 59595933800; 56212539300","Rotation-Invariant Gait Identification with Quaternion Convolutional Neural Networks (Student Abstract)","2021","35th AAAI Conference on Artificial Intelligence, AAAI 2021","18","","","15805","15806","2","10.1609/aaai.v35i18.17899","https://www.scopus.com/pages/publications/85116792861?origin=resultslist","Conference paper","Final","All Open Access; Gold Open Access","Scopus","2-s2.0-85116792861"
"Rawat K.S.; Patel P.; Sharma T.","Rawat, Keshav Singh (57207992215); Patel, Punam (60174884500); Sharma, Tarun (59343575400)","57207992215; 60174884500; 59343575400","Heart diseases prediction system using quantum technology","2025","Network Modeling Analysis in Health Informatics and Bioinformatics","14","1","123","","","7","10.1007/s13721-025-00623-0","https://www.scopus.com/pages/publications/105020860258?origin=resultslist","Article","Final","","Scopus","2-s2.0-105020860258"
"Tong K.; Kim J.; Jung Y.; Jeong H.; Choi M.; Song H.","Tong, KiChang (60092825200); Kim, JaEun (59708008000); Jung, YeongGyun (60093412000); Jeong, HyeYoon (59708007900); Choi, MinHyeok (60093651200); Song, HyoungKyu (7404036823)","60092825200; 59708008000; 60093412000; 59708007900; 60093651200; 7404036823","Quantum Convolutional Neural Networks (QCNN) for 6G Multi-User Interference Mitigation","2026","ICSIM 2026 - Proceedings of 2026 the 9th International Conference on Software Engineering and Information Management","","","","299","303","0","10.1145/3796315.3796356","https://www.scopus.com/pages/publications/105039483246?origin=resultslist","Conference paper","Final","All Open Access; Gold Open Access","Scopus","2-s2.0-105039483246"
"Gohel P.; Joshi M.","Gohel, Prashant (57226178965); Joshi, Manjunath (7202602032)","57226178965; 7202602032","Hierarchical Quantum Classification","2025","Lecture Notes in Networks and Systems","1073","","","275","286","0","10.1007/978-981-97-5703-9_24","https://www.scopus.com/pages/publications/105000452974?origin=resultslist","Conference paper","Final","","Scopus","2-s2.0-105000452974"
"Barrué G.; Quertier T.; Zang O.","Barrué, Grégoire (58315009700); Quertier, Tony (57190937193); Zang, Orlane (59700434600)","58315009700; 57190937193; 59700434600","Layered uploading for quantum convolutional neural networks","2025","Quantum Machine Intelligence","7","1","60","","","0","10.1007/s42484-025-00283-3","https://www.scopus.com/pages/publications/105005028974?origin=resultslist","Article","Final","","Scopus","2-s2.0-105005028974"
"Chen G.; Chen Q.; Long S.; Zhu W.; Yuan Z.; Wu Y.","Chen, Guoming (55733472700); Chen, Qiang (59048960400); Long, Shun (7402507047); Zhu, Weiheng (35933097600); Yuan, Zeduo (57214801308); Wu, Yilin (24578019900)","55733472700; 59048960400; 7402507047; 35933097600; 57214801308; 24578019900","Quantum convolutional neural network for image classification","2023","Pattern Analysis and Applications","26","2","","655","667","120","10.1007/s10044-022-01113-z","https://www.scopus.com/pages/publications/85138693981?origin=resultslist","Article","Final","","Scopus","2-s2.0-85138693981"
"Wadhwa E.; Khandelwal S.; Shreejith S.","Wadhwa, Eashan (57949134200); Khandelwal, Shashwat (57219801121); Shreejith, Shanker (55614942600)","57949134200; 57219801121; 55614942600","IMEC: A Memory-Efficient Convolution Algorithm For Quantised Neural Network Accelerators","2022","Proceedings of the International Conference on Application-Specific Systems, Architectures and Processors","2022-July","","","115","121","0","10.1109/ASAP54787.2022.00027","https://www.scopus.com/pages/publications/85140997990?origin=resultslist","Conference paper","Final","","Scopus","2-s2.0-85140997990"
"Jha A.K.; Bhandari R.; Chadha R.","Jha, Aditya Kumar (60413299900); Bhandari, Rahul (57201373110); Chadha, Raman (57780472600)","60413299900; 57201373110; 57780472600","Hybrid Quantum-Classical Neural Networks: Bridging Deep Learning and Quantum Computing for Image Classification","2026","ICECI 2026 - 2nd International Conference on Emerging Computational Intelligence: Bridging Research, Industry and Innovation in Computational Intelligence","","","","","","0","10.1109/ICECI69159.2026.11519457","https://www.scopus.com/pages/publications/105041500690?origin=resultslist","Conference paper","Final","","Scopus","2-s2.0-105041500690"
"Rajamani R.P.N.; Vetrithangam D.; Bhor H.N.; Verma R.","Rajamani, Rejin Paul Nallathambi (57502766700); Vetrithangam, D. (60136941300); Bhor, Harsh Namdev (57202990478); Verma, R. (60057992800)","57502766700; 60136941300; 57202990478; 60057992800","Secure IoT-Integrated Cloud-Based Medical Image Processing Using Optimized Stereoscopic Scalable Quantum CNN for Efficient Diagnosis","2025","International Journal of Image and Graphics","","","2750066","","","0","10.1142/S0219467827500665","https://www.scopus.com/pages/publications/105013848279?origin=resultslist","Article","Article in press","","Scopus","2-s2.0-105013848279"
"Nikhade J.; Sonekar S.V.","Nikhade, Jolly (59229613500); Sonekar, Shrikant V. (57008159100)","59229613500; 57008159100","MDH-QCNN: Secure Data Sharing Using a Multi-objective Optimized Blockchain-Based Framework","2025","Proceedings of the 2025 3rd International Conference on Inventive Computing and Informatics, ICICI 2025","","","","329","336","0","10.1109/ICICI65870.2025.11069501","https://www.scopus.com/pages/publications/105012176643?origin=resultslist","Conference paper","Final","","Scopus","2-s2.0-105012176643"
"Cui H.; Huang X.","Cui, Huining (59938499200); Huang, Xinlei (60585744600)","59938499200; 60585744600","Brain Tumor Detection: Strong Entanglement Improves Quantum Neural Network’s Classification Ability","2026","Communications in Computer and Information Science","2283 CCIS","","","150","163","0","10.1007/978-981-96-6951-6_11","https://www.scopus.com/pages/publications/105010821975?origin=resultslist","Conference paper","Final","","Scopus","2-s2.0-105010821975"
"Park J.J.; Pak M.; Lee S.; Chen S.Y.-C.; Yoo S.; Tseng H.-H.; Cha J.","Park, Junghoon Justin (59925983200); Pak, Maria (60152463000); Lee, Sebin (60068260700); Chen, Samuel Yen-Chi (57218546572); Yoo, Shinjae (24475682400); Tseng, Huan-Hsin (57194869441); Cha, Jiook (54879714300)","59925983200; 60152463000; 60068260700; 57218546572; 24475682400; 57194869441; 54879714300","Hybrid Quantum Temporal Convolutional Networks","2026","Proceedings - 2026 International Conference on Quantum Communications, Networking, and Computing, QCNC 2026","","","","906","911","0","10.1109/QCNC69040.2026.00149","https://www.scopus.com/pages/publications/105040814104?origin=resultslist","Conference paper","Final","","Scopus","2-s2.0-105040814104"
"Qayyum T.; Tariq A.; Haseeb M.W.; Lakas A.; Serhani M.A.; Trabelsi Z.","Qayyum, Tariq (57204469795); Tariq, Asadullah (57215870294); Haseeb, Muhammad Waqad (59801444900); Lakas, Abderrehmane (35618323100); Serhani, Mohamed Adel (15925757100); Trabelsi, Zouheir (21835079800)","57204469795; 57215870294; 59801444900; 35618323100; 15925757100; 21835079800","Quantum-Enhanced Convolutional Neural Networks for Image Classification","2023","Proceedings - 2023 IEEE Future Networks World Forum: Future Networks: Imagining the Network of the Future, FNWF 2023","","","","","","6","10.1109/FNWF58287.2023.10520509","https://www.scopus.com/pages/publications/85194171832?origin=resultslist","Conference paper","Final","","Scopus","2-s2.0-85194171832"
"Ling Y.-Q.; Zhang J.-H.; Zhang L.-H.; Ding C.-Y.; Huang H.-L.","Ling, Ya-Qi (58157377500); Zhang, Jun-Hu (59124399300); Zhang, Li-Hua (8113362100); Ding, Cheng-Yun (57222189744); Huang, Hui-Lei (59124540700)","58157377500; 59124399300; 8113362100; 57222189744; 59124540700","Image classification with hybrid quantum-classical neural networks under qubit flip noise","2025","Quantum Information Processing","24","7","197","","","1","10.1007/s11128-025-04821-7","https://www.scopus.com/pages/publications/105009352606?origin=resultslist","Article","Final","","Scopus","2-s2.0-105009352606"
"Nadeem L.; Mustafa Khokhar A.; Fatima Shaikh M.; Hasan Syed F.; Zahid S.","Nadeem, Laiba (60212182300); Mustafa Khokhar, Ahmed (60557369400); Fatima Shaikh, Maha (60557272900); Hasan Syed, Farrukh (59741618600); Zahid, Sumaiyah (57365740800)","60212182300; 60557369400; 60557272900; 59741618600; 57365740800","Quantum machine learning: A comprehensive survey of models, challenges, and future directions","2026","Theoretical Computer Science","1074","","115923","","","0","10.1016/j.tcs.2026.115923","https://www.scopus.com/pages/publications/105034745941?origin=resultslist","Article","Final","","Scopus","2-s2.0-105034745941"
"Senokosov A.; Sedykh A.; Sagingalieva A.; Kyriacou B.; Melnikov A.","Senokosov, Arsenii (58251067100); Sedykh, Alexandr (58251067200); Sagingalieva, Asel (57224480694); Kyriacou, Basil (58311995300); Melnikov, Alexey (57002647200)","58251067100; 58251067200; 57224480694; 58311995300; 57002647200","Quantum machine learning for image classification","2024","Machine Learning: Science and Technology","5","1","015040","","","152","10.1088/2632-2153/ad2aef","https://www.scopus.com/pages/publications/85187207121?origin=resultslist","Article","Final","All Open Access; Gold Open Access; Green Open Access","Scopus","2-s2.0-85187207121"
"Zhang Z.; Mi X.; Yang J.; Wei X.; Liu Y.; Yan J.; Liu P.; Gu X.; Yu T.","Zhang, Zhouwei (55790863500); Mi, Xiaofei (35194195100); Yang, Jian (57965879400); Wei, Xiangqin (56071499400); Liu, Yan (57214915306); Yan, Jian (58031877600); Liu, Peizhuo (57457082600); Gu, Xingfa (7403203783); Yu, Tao (56412340900)","55790863500; 35194195100; 57965879400; 56071499400; 57214915306; 58031877600; 57457082600; 7403203783; 56412340900","Remote Sensing Image Scene Classification in Hybrid Classical–Quantum Transferring CNN with Small Samples","2023","Sensors","23","18","8010","","","25","10.3390/s23188010","https://www.scopus.com/pages/publications/85172735578?origin=resultslist","Article","Final","All Open Access; Gold Open Access; Green Open Access","Scopus","2-s2.0-85172735578"
"Lu Y.; Gao Q.; Lu J.; Ogorzalek M.; Zheng J.","Lu, Yanxuan (57226332827); Gao, Qing (51060985100); Lu, Jinhu (7601562455); Ogorzalek, MacIej (7004920034); Zheng, Jin (57226338060)","57226332827; 51060985100; 7601562455; 7004920034; 57226338060","A Quantum Convolutional Neural Network for Image Classification","2021","Chinese Control Conference, CCC","2021-July","","","6329","6334","27","10.23919/CCC52363.2021.9550027","https://www.scopus.com/pages/publications/85117288244?origin=resultslist","Conference paper","Final","All Open Access; Green Open Access","Scopus","2-s2.0-85117288244"
"Hou L.; Huang Z.; Lv C.","Hou, Lu (59301718200); Huang, Zhenyu (55494569900); Lv, Chang (56506473300)","59301718200; 55494569900; 56506473300","Quantum Algorithms for the Multiplication of Circulant Matrices and Vectors","2024","Information (Switzerland)","15","8","453","","","1","10.3390/info15080453","https://www.scopus.com/pages/publications/85202345886?origin=resultslist","Article","Final","All Open Access; Gold Open Access; Green Open Access","Scopus","2-s2.0-85202345886"
"Li Y.; Wang J.; Zhu D.; Li J.; Du A.; Wang X.; Zhang Y.; Zhao W.","Li, Yueting (57223939220); Wang, Jinkai (57206681385); Zhu, Daoqian (57198653900); Li, Jinhao (58292527500); Du, Ao (57221774569); Wang, Xueyan (57188659916); Zhang, Yue (54785738800); Zhao, Weisheng (57198598095)","57223939220; 57206681385; 57198653900; 58292527500; 57221774569; 57188659916; 54785738800; 57198598095","APIM: An Antiferromagnetic MRAM-Based Processing-In-Memory System for Efficient Bit-Level Operations of Quantized Convolutional Neural Networks","2024","IEEE Transactions on Computer-Aided Design of Integrated Circuits and Systems","43","8","","2405","2410","3","10.1109/TCAD.2024.3372453","https://www.scopus.com/pages/publications/85186977989?origin=resultslist","Article","Final","","Scopus","2-s2.0-85186977989"
"Mashtura R.; Mahmud J.; Fattah S.A.; Saquib M.","Mashtura, Raisa (58510506700); Mahmud, Jishnu (58511387800); Fattah, Shaikh Anowarul (36550158900); Saquib, Mohammad (7003868048)","58510506700; 58511387800; 36550158900; 7003868048","A Parallel Quantum Feature Encoding Scheme for Effective Classical Data Classification in Quantum Convolutional Neural Networks","2023","IEEE Region 10 Annual International Conference, Proceedings/TENCON","","","","691","695","2","10.1109/TENCON58879.2023.10322543","https://www.scopus.com/pages/publications/85179509235?origin=resultslist","Conference paper","Final","","Scopus","2-s2.0-85179509235"
"Tanbhir G.; Shahriyar M.F.; Chy A.M.R.","Tanbhir, Gazi (59300498800); Shahriyar, Md Farhan (59300054400); Chy, Abdullah Md Raihan (59707901900)","59300498800; 59300054400; 59707901900","Quanvolutional Neural Networks for Pneumonia Detection: An Efficient Quantum-Assisted Feature Extraction Paradigm","2025","2025 2nd International Conference on Next-Generation Computing, IoT and Machine Learning, NCIM 2025","","","","","","2","10.1109/NCIM65934.2025.11160275","https://www.scopus.com/pages/publications/105017954207?origin=resultslist","Conference paper","Final","All Open Access; Green Open Access","Scopus","2-s2.0-105017954207"
"Shak M.S.; Rahman N.; Mahmud F.; Das A.C.; Eva A.A.; Sayeema A.","Shak, Md Shujan (60117316300); Rahman, Nabila (59984262800); Mahmud, Fuad (58685127200); Das, Ashim Chandra (59984709000); Eva, Arifa Akter (59301910900); Sayeema, Anika (59987270700)","60117316300; 59984262800; 58685127200; 59984709000; 59301910900; 59987270700","Hybrid Quantum-Classical Neural Network (HQCNN) for Crypto Price Forecasting","2025","2025 3rd International Conference on Artificial Intelligence, Blockchain, and Internet of Things, AIBThings 2025","","","","","","0","10.1109/AIBThings66987.2025.11296267","https://www.scopus.com/pages/publications/105031687630?origin=resultslist","Conference paper","Final","","Scopus","2-s2.0-105031687630"
"Mishra S.; Tsai C.-Y.","Mishra, Shraddha (57678094800); Tsai, Chi-Yi (57208588219)","57678094800; 57208588219","Design of Superior Parameterized Quantum Circuits for Quantum Image Classification","2022","2022 14th International Conference on Computer and Automation Engineering, ICCAE 2022","","","","70","73","8","10.1109/ICCAE55086.2022.9762420","https://www.scopus.com/pages/publications/85129801597?origin=resultslist","Conference paper","Final","","Scopus","2-s2.0-85129801597"
"Tripathi S.; Misra R.; Singh T.N.","Tripathi, Shivani (57222713888); Misra, Rajiv (7203051070); Singh, T.N. (35462660300)","57222713888; 7203051070; 35462660300","Anomaly-aware quantum convolutional neural network for carbon-efficient job arrival rate prediction in cloud computing","2026","Future Generation Computer Systems","175","","108096","","","1","10.1016/j.future.2025.108096","https://www.scopus.com/pages/publications/105014542942?origin=resultslist","Article","Final","","Scopus","2-s2.0-105014542942"
"Nguyen Q.T.; Schatzki L.; Braccia P.; Ragone M.; Coles P.J.; Sauvage F.; Larocca M.; Cerezo M.","Nguyen, Quynh T. (59877317700); Schatzki, Louis (57271683800); Braccia, Paolo (57214807132); Ragone, Michael (57938946000); Coles, Patrick J. (9734725300); Sauvage, Frédéric (57219143306); Larocca, Martín (57203845876); Cerezo, M. (57008876100)","59877317700; 57271683800; 57214807132; 57938946000; 9734725300; 57219143306; 57203845876; 57008876100","Theory for Equivariant Quantum Neural Networks","2024","PRX Quantum","5","2","020328","","","78","10.1103/PRXQuantum.5.020328","https://www.scopus.com/pages/publications/85192298789?origin=resultslist","Article","Final","All Open Access; Gold Open Access; Green Open Access","Scopus","2-s2.0-85192298789"
"Tashrif M.T.A.; Mahir S.H.; Kundu D.; Rahman A.; Farid F.A.; Mansor S.; Miah A.S.M.","Tashrif, Md Tanjum An (59489836600); Mahir, Shahariar Hossain (59157534800); Kundu, Dipanjali (57219256611); Rahman, Anichur (57212819402); Farid, Fahmid Al (57288993100); Mansor, Sarina (50761174000); Miah, Abu Saleh Musa (57203037361)","59489836600; 59157534800; 57219256611; 57212819402; 57288993100; 50761174000; 57203037361","Predicting preterm birth with privacy-preserving AI models: Federated learning and explainable AI","2026","Egyptian Informatics Journal","33","","100901","","","1","10.1016/j.eij.2026.100901","https://www.scopus.com/pages/publications/105029442855?origin=resultslist","Article","Final","All Open Access; Gold Open Access","Scopus","2-s2.0-105029442855"
"Shawn Jaison S.; Narmadha D.; Sundar N.","Shawn Jaison, S. (60560064600); Narmadha, D. (57200267737); Sundar, Naveen (60559995800)","60560064600; 57200267737; 60559995800","Quantum Machine Learning for Bitter Gourd Disease and Nutrient Deficiency Detection","2025","4th International Conference on Applied Artificial Intelligence and Computing, ICAAIC 2025","","","","179","186","0","10.1109/ICAAIC64647.2025.11330296","https://www.scopus.com/pages/publications/105034833073?origin=resultslist","Conference paper","Final","","Scopus","2-s2.0-105034833073"
"Nandy Pal M.; De D.","Nandy Pal, Mahua (59310368800); De, Debashis (16177578800)","59310368800; 16177578800","FedQCNN: A Privacy-Preserving Federated Quantum Convolutional Neural Network for Retinal Image Classification","2025","IET Quantum Communication","6","1","e70010","","","2","10.1049/qtc2.70010","https://www.scopus.com/pages/publications/105015151589?origin=resultslist","Article","Final","All Open Access; Gold Open Access; Green Open Access","Scopus","2-s2.0-105015151589"
"Zhang J.; Zheng G.; Koike-Akino T.; Wong K.-K.; Burton F.A.","Zhang, Juping (57204333309); Zheng, Gan (16176882900); Koike-Akino, Toshiaki (26658334600); Wong, Kai-Kit (7404759940); Burton, Fraser A. (58825195500)","57204333309; 16176882900; 26658334600; 7404759940; 58825195500","Hybrid Quantum-Classical Neural Networks for Downlink Beamforming Optimization","2024","IEEE Transactions on Wireless Communications","23","11","","16498","16512","31","10.1109/TWC.2024.3442091","https://www.scopus.com/pages/publications/85201753638?origin=resultslist","Article","Final","All Open Access; Green Open Access","Scopus","2-s2.0-85201753638"
"Ergu Y.A.; Nguyen V.-L.; Lin P.-C.; Hwang R.-H.","Ergu, Yared Abera (59309629600); Nguyen, Van-Linh (57194062575); Lin, Po-Ching (7403225614); Hwang, Ren-Hung (7103381899)","59309629600; 57194062575; 7403225614; 7103381899","Q-Poison: Quantum Adversarial Attacks against QML-driven Interference Classification in O-RAN","2025","2025 IEEE International Conference on Machine Learning for Communication and Networking, ICMLCN 2025","","","","","","1","10.1109/ICMLCN64995.2025.11140504","https://www.scopus.com/pages/publications/105016781686?origin=resultslist","Conference paper","Final","","Scopus","2-s2.0-105016781686"
"Dalvi A.; Bhoir S.; Siddavatam I.; Bhirud S.G.","Dalvi, Ashwini (37050624200); Bhoir, Soham (58123978600); Siddavatam, Irfan (37007762300); Bhirud, S.G. (24830112400)","37050624200; 58123978600; 37007762300; 24830112400","Dark Web Image Classification Using Quantum Convolutional Neural Network","2022","2022 International Conference on Trends in Quantum Computing and Emerging Business Technologies, TQCEBT 2022","","","","","","2","10.1109/TQCEBT54229.2022.10041625","https://www.scopus.com/pages/publications/85149185049?origin=resultslist","Conference paper","Final","","Scopus","2-s2.0-85149185049"
"Prajapat S.; Tomar M.; Kumar P.; Kumar R.; Vasilakos A.V.","Prajapat, Sunil (58178776800); Tomar, Manish (59712967100); Kumar, Pankaj (57207718111); Kumar, Rajesh (57189503861); Vasilakos, Athanasios V. (57200495061)","58178776800; 59712967100; 57207718111; 57189503861; 57200495061","Quantum Computing Meets Deep Learning: A QCNN Model for Accurate and Efficient Image Classification","2025","Mathematics","13","19","3148","","","5","10.3390/math13193148","https://www.scopus.com/pages/publications/105018946752?origin=resultslist","Article","Final","All Open Access; Gold Open Access; Green Open Access","Scopus","2-s2.0-105018946752"
"Indhumathi C.; Devi S.R.; Asma M.D.; Kalpana C.; Sandhiya R.; Denis R.","Indhumathi, C. (58192959400); Devi, S. Rukmani (58489473100); Asma, M.D. (59517202800); Kalpana, C. (59682872700); Sandhiya, R. (57438585900); Denis, R. (57221476515)","58192959400; 58489473100; 59517202800; 59682872700; 57438585900; 57221476515","Breast Cancer Severity Classification; Mesh Denoising Graph Triple Attention with Stereoscopic Scalable Quantum Convolutional Neural Networks","2025","2025 6th International Conference on Data Intelligence and Cognitive Informatics, ICDICI 2025","","","","1117","1123","0","10.1109/ICDICI66477.2025.11135114","https://www.scopus.com/pages/publications/105016611976?origin=resultslist","Conference paper","Final","","Scopus","2-s2.0-105016611976"
"Huang C.; Zhang S.","Huang, Chenyi (57823074300); Zhang, Shibin (55788282300)","57823074300; 55788282300","Adversarial examples detection based on quantum fuzzy convolution neural network","2024","Quantum Information Processing","23","4","143","","","1","10.1007/s11128-024-04310-3","https://www.scopus.com/pages/publications/85191758814?origin=resultslist","Article","Final","","Scopus","2-s2.0-85191758814"
"Gong C.; Guan W.; Zhu H.; Gani A.; Qi H.","Gong, Changqing (13614393000); Guan, Weiqi (57678053600); Zhu, Hongsheng (57908780700); Gani, Abdullah (57218294440); Qi, Han (55309093200)","13614393000; 57678053600; 57908780700; 57218294440; 55309093200","Network intrusion detection based on variational quantum convolution neural network","2024","Journal of Supercomputing","80","9","","12743","12770","22","10.1007/s11227-024-05919-y","https://www.scopus.com/pages/publications/85185441315?origin=resultslist","Article","Final","","Scopus","2-s2.0-85185441315"
"Gordienko Y.; Trochun Y.; Taran V.; Khmelnytskyi A.; Stirenko S.","Gordienko, Yuri (6701855242); Trochun, Yevhenii (57282932100); Taran, Vladyslav (57205697128); Khmelnytskyi, Arsenii (59654904900); Stirenko, Sergii (54421204800)","6701855242; 57282932100; 57205697128; 59654904900; 54421204800","HNN-QCn: Hybrid Neural Network with Multiple Backbones and Quantum Transformation as Data Augmentation Technique","2025","AI (Switzerland)","6","2","36","","","2","10.3390/ai6020036","https://www.scopus.com/pages/publications/85218861243?origin=resultslist","Article","Final","All Open Access; Gold Open Access","Scopus","2-s2.0-85218861243"
"Li Q.; Yang H.; Huang Z.; Song M.","Li, Qiting (57144992700); Yang, Hang (56864645800); Huang, Zhaolong (58131849700); Song, Meimei (35209056600)","57144992700; 56864645800; 58131849700; 35209056600","A Review of Quantum Machine Learning for Image Classification","2023","Proceedings - 2023 International Conference on Intelligent Management and Software Engineering, IMSE 2023","","","","70","74","4","10.1109/lMSE61332.2023.00021","https://www.scopus.com/pages/publications/85191027086?origin=resultslist","Conference paper","Final","","Scopus","2-s2.0-85191027086"
"Naik P.M.; Rudra B.","Naik, Praveen M. (57208822865); Rudra, Bhawana (54918823200)","57208822865; 54918823200","Quantum-inspired Arecanut X-ray image classification using transfer learning","2024","IET Quantum Communication","5","4","","303","309","5","10.1049/qtc2.12099","https://www.scopus.com/pages/publications/85195465929?origin=resultslist","Article","Final","All Open Access; Gold Open Access","Scopus","2-s2.0-85195465929"
"Yousif M.; Al-Khateeb B.","Yousif, Mohammed (58257044400); Al-Khateeb, Belal (35203078100)","58257044400; 35203078100","Quantum Convolutional Neural Network for Image Classification","2024","Fusion: Practice and Applications","15","2","","61","72","12","10.54216/FPA.150205","https://www.scopus.com/pages/publications/85194159987?origin=resultslist","Article","Final","","Scopus","2-s2.0-85194159987"
"Tantawi B.; Ahmed H.K.; Magdy M.; Adel M.; Sayed G.I.","Tantawi, Baraa (58289973200); Ahmed, Hamza Kamel (58289973100); Magdy, Malak (58554258400); Adel, Mohamed (56257233700); Sayed, Gehad Ismail (57023745800)","58289973200; 58289973100; 58554258400; 56257233700; 57023745800","Exploring the Power of Quantum Convolutional Neural Networks for Brain MRI Image Classification","2023","1st International Conference of Intelligent Methods, Systems and Applications, IMSA 2023","","","","579","584","6","10.1109/IMSA58542.2023.10217624","https://www.scopus.com/pages/publications/85171793420?origin=resultslist","Conference paper","Final","","Scopus","2-s2.0-85171793420"
"Bhatia A.S.; Kais S.; Alam M.A.","Bhatia, Amandeep Singh (57201349854); Kais, Sabre (7003797867); Alam, Muhammad Ashraful (58631630100)","57201349854; 7003797867; 58631630100","Quantum Federated Learning in Healthcare: The Shift from Development to Deployment and from Models to Data","2025","IEEE Journal of Biomedical and Health Informatics","","","","","","3","10.1109/JBHI.2025.3596156","https://www.scopus.com/pages/publications/105013107697?origin=resultslist","Article","Article in press","","Scopus","2-s2.0-105013107697"
"Syafalni I.; Putri M.D.A.; Widyatmaja M.D.S.; Ditya E.A.; Mulyawan R.; Ruskanda F.Z.; Maulidevi N.U.","Syafalni, Infall (36083609700); Putri, Made Debby Almaeda (60557752300); Widyatmaja, Muchammad Dimas Sakti (58778198700); Ditya, Enrique Alifio (60557356700); Mulyawan, Rahmat (36987136000); Ruskanda, Fariska Z. (57207730493); Maulidevi, Nur Ulfa (24765228900)","36083609700; 60557752300; 58778198700; 60557356700; 36987136000; 57207730493; 24765228900","Multi-Class Quantum Convolutional Neural Networks Using Strongly Entangling Circuits","2025","2025 International Symposium on Intelligent Signal Processing and Communication Systems, ISPACS 2025","","","","","","0","10.1109/ISPACS68724.2025.11382899","https://www.scopus.com/pages/publications/105034719495?origin=resultslist","Conference paper","Final","","Scopus","2-s2.0-105034719495"
"Ciaramella G.; Iadarola G.; Mercaldo F.; Storto M.; Santone A.; Martinelli F.","Ciaramella, Giovanni (57226878189); Iadarola, Giacomo (57213687432); Mercaldo, Francesco (55842609700); Storto, Marco (57867100000); Santone, Antonella (6603700255); Martinelli, Fabio (7006394072)","57226878189; 57213687432; 55842609700; 57867100000; 6603700255; 7006394072","Introducing Quantum Computing in Mobile Malware Detection","2022","ACM International Conference Proceeding Series","","","88","","","15","10.1145/3538969.3543816","https://www.scopus.com/pages/publications/85136951577?origin=resultslist","Conference paper","Final","","Scopus","2-s2.0-85136951577"
"Savla A.; Kanadia A.A.; Mehta D.; Srivastava K.","Savla, Aansh (57843203800); Kanadia, Ali Abbas (57842318700); Mehta, Deep (57841434600); Srivastava, Kriti (55763790564)","57843203800; 57842318700; 57841434600; 55763790564","GQNN: Greedy Quanvolutional Neural Network Model","2022","Lecture Notes in Networks and Systems","514 LNNS","","","397","410","1","10.1007/978-3-031-12413-6_31","https://www.scopus.com/pages/publications/85135785009?origin=resultslist","Conference paper","Final","","Scopus","2-s2.0-85135785009"
"Chao S.; Yang G.; Nie M.; Liu Y.; Zhang M.","Chao, Suya (58144871400); Yang, Guang (56982094500); Nie, Min (36928511700); Liu, Yuanhua (7410232480); Zhang, Meiling (55704440300)","58144871400; 56982094500; 36928511700; 7410232480; 55704440300","Full-Rotation Quantum Convolutional Neural Network for Abnormal Intrusion Detection System","2022","ACM International Conference Proceeding Series","","","","852","859","3","10.1145/3573942.3574105","https://www.scopus.com/pages/publications/85160027581?origin=resultslist","Conference paper","Final","","Scopus","2-s2.0-85160027581"
"Aravinda C.V.; Joseph E.R.; Alasmari S.","Aravinda, C.V. (36599892200); Joseph, Emerson Raja (55349903800); Alasmari, Sultan (57193878788)","36599892200; 55349903800; 57193878788","A Hybrid Quantum-Classical Approach for Multi-Class Skin Disease Classification Using a 4-Qubit Model","2025","IEEE Access","13","","","114460","114470","8","10.1109/ACCESS.2025.3581030","https://www.scopus.com/pages/publications/105008677411?origin=resultslist","Article","Final","All Open Access; Gold Open Access; Green Open Access","Scopus","2-s2.0-105008677411"
"Wang W.; Liu F.; Wang W.; Han C.; Qin Z.; Zhou B.; Huang Y.; Hou Y.; Ding X.; Xu J.; Shan Z.","Wang, Wenxia (59372908500); Liu, Fudong (55750256400); Wang, Weilong (56115477500); Han, Chuanbing (57851194000); Qin, Zhili (57202650986); Zhou, Bei (56697750800); Huang, Yizhen (59373357600); Hou, Yifan (55995305400); Ding, Xiaodong (57797258900); Xu, Jinchen (55267583500); Shan, Zheng (24588253800)","59372908500; 55750256400; 56115477500; 57851194000; 57202650986; 56697750800; 59373357600; 55995305400; 57797258900; 55267583500; 24588253800","MQNN: Multi-Block Quantum Neural Networks for Radar Echo Signal Recognition of Unmanned Aerial Vehicles","2026","Advanced Quantum Technologies","9","3","e00982","","","0","10.1002/qute.202500982","https://www.scopus.com/pages/publications/105034473119?origin=resultslist","Article","Final","","Scopus","2-s2.0-105034473119"
"Hur T.; Kim L.; Park D.K.","Hur, Tak (57226888332); Kim, Leeseok (57226892388); Park, Daniel K. (55361200600)","57226888332; 57226892388; 55361200600","Quantum convolutional neural network for classical data classification","2022","Quantum Machine Intelligence","4","1","3","","","343","10.1007/s42484-021-00061-x","https://www.scopus.com/pages/publications/85124792611?origin=resultslist","Article","Final","All Open Access; Green Open Access","Scopus","2-s2.0-85124792611"
"Noh D.-I.; Jeong S.-G.; Hwang W.-J.","Noh, Dae-Il (58064860900); Jeong, Seon-Geun (58064627900); Hwang, Won-Joo (55662845400)","58064860900; 58064627900; 55662845400","Hybrid Quantum ResNet for Time Series Classification","2025","IEEE Transactions on Emerging Topics in Computing","13","3","","1083","1098","2","10.1109/TETC.2025.3563944","https://www.scopus.com/pages/publications/105004046195?origin=resultslist","Article","Final","","Scopus","2-s2.0-105004046195"
"Thejha B.; Yogeswari S.; Vishalli A.; Jeyalakshmi J.","Thejha, B. (58369443100); Yogeswari, S. (58368749200); Vishalli, A. (58368075800); Jeyalakshmi, J. (55616031400)","58369443100; 58368749200; 58368075800; 55616031400","Speech Recognition Using Quantum Convolutional Neural Network","2023","Proceedings of 8th IEEE International Conference on Science, Technology, Engineering and Mathematics, ICONSTEM 2023","","","","","","9","10.1109/ICONSTEM56934.2023.10142793","https://www.scopus.com/pages/publications/85163200139?origin=resultslist","Conference paper","Final","","Scopus","2-s2.0-85163200139"
"Yu L.; Yu W.; Chen Y.; Zhang C.","Yu, Louyang (59760123000); Yu, Wenbin (58377384700); Chen, Yadang (55670059700); Zhang, Chengjun (57199502488)","59760123000; 58377384700; 55670059700; 57199502488","QCNN-Inspired Variational Circuits for Enhanced Noise Robustness in Quantum Deep Q-Learning","2026","Information (Switzerland)","17","3","250","","","0","10.3390/info17030250","https://www.scopus.com/pages/publications/105033863932?origin=resultslist","Article","Final","All Open Access; Gold Open Access; Green Open Access","Scopus","2-s2.0-105033863932"
"Shah S.A.A.; Algeelani N.; Al-Sammarraie N.","Shah, Syed Atif Ali (57215499766); Algeelani, Nasir (57226685740); Al-Sammarraie, Najeeb (57193862579)","57215499766; 57226685740; 57193862579","Quantum-AI Empowered Intelligent Surveillance: Advancing Public Safety Through Innovative Contraband Detection; [Vigilância inteligente alimentada por IA quântica: desenvolvimento da segurança pública por meio da detecção inovadora de contrabando]; [Vigilancia inteligente potenciada por IA cuántica: desarrollando la seguridad pública mediante la detección de contrabando innovadora]","2025","Uniciencia","39","1","","","","0","10.15359/ru.39-1.14","https://www.scopus.com/pages/publications/105024477401?origin=resultslist","Article","Final","All Open Access; Gold Open Access","Scopus","2-s2.0-105024477401"
"Nagy A.; Wu Y.; Szilvia A.; Fregan B.; Rajnai Z.","Nagy, Attila (59301720900); Wu, Yue (57778226900); Szilvia, Acs (59301851800); Fregan, Beatrix (57961619400); Rajnai, Zoltan (57189037662)","59301720900; 57778226900; 59301851800; 57961619400; 57189037662","Quantum Machine Learning-Based Intrusion Detection: A Comparative Study on Real Quantum Hardware","2025","SISY 2025 - IEEE 23rd International Symposium on Intelligent Systems and Informatics, Proceedings","","","","83","88","1","10.1109/SISY67000.2025.11205415","https://www.scopus.com/pages/publications/105022078146?origin=resultslist","Conference paper","Final","","Scopus","2-s2.0-105022078146"
"Naz I.; Shah J.H.; Rehman M.H.U.; Rafiq M.; Choi G.S.","Naz, Isra (57210977694); Shah, Jamal Hussain (55337133500); Rehman, Muhammad Habib Ur (58198468600); Rafiq, Muhammad (57215865216); Choi, Gyu Sang (9734383700)","57210977694; 55337133500; 58198468600; 57215865216; 9734383700","Quantum Mechanism-Based Convolution Model for the Classification of Pathogenic Bacteria","2023","IEEE Access","11","","","137747","137757","8","10.1109/ACCESS.2023.3339127","https://www.scopus.com/pages/publications/85180267657?origin=resultslist","Article","Final","All Open Access; Gold Open Access; Green Open Access","Scopus","2-s2.0-85180267657"
"Kim J.; Huh J.; Park D.K.","Kim, Juhyeon (57219198765); Huh, Joonsuk (55858358200); Park, Daniel K. (55361200600)","57219198765; 55858358200; 55361200600","Classical-to-quantum convolutional neural network transfer learning","2023","Neurocomputing","555","","126643","","","58","10.1016/j.neucom.2023.126643","https://www.scopus.com/pages/publications/85167430387?origin=resultslist","Article","Final","","Scopus","2-s2.0-85167430387"
"Di S.; Xu J.; Shu G.; Feng C.; Ding X.; Shan Z.","Di, Shiqin (58030033300); Xu, Jinchen (55267583500); Shu, Guoqiang (57339675800); Feng, Congcong (58029519500); Ding, Xiaodong (57797258900); Shan, Zheng (24588253800)","58030033300; 55267583500; 57339675800; 58029519500; 57797258900; 24588253800","Amplitude transformed quantum convolutional neural network","2023","Applied Intelligence","53","18","","20863","20873","18","10.1007/s10489-023-04581-w","https://www.scopus.com/pages/publications/85153388772?origin=resultslist","Article","Final","","Scopus","2-s2.0-85153388772"
"Mewada H.; Pires I.M.; Rahevar M.; Khatri N.","Mewada, Hiren (35766889700); Pires, Ivan Miguel (56715367700); Rahevar, Mrugendrasinh (56525325100); Khatri, Narendra (56046733100)","35766889700; 56715367700; 56525325100; 56046733100","Quantum Convolutional Neural Network for Bone Fracture Classification from X-Ray Images","2025","Procedia Computer Science","256","","","1143","1150","9","10.1016/j.procs.2025.02.222","https://www.scopus.com/pages/publications/105001924152?origin=resultslist","Conference paper","Final","All Open Access; Gold Open Access","Scopus","2-s2.0-105001924152"
"Liu H.; Gao Y.; Shi L.; Wei L.; Shan Z.; Zhao B.","Liu, Haowen (58061718000); Gao, Yufei (57194080412); Shi, Lei (57193762604); Wei, Lin (47562085200); Shan, Zheng (24588253800); Zhao, Bo (57222572619)","58061718000; 57194080412; 57193762604; 47562085200; 24588253800; 57222572619","HM-QCNN: Hybrid Multi-branches Quantum-Classical Neural Network for Image Classification","2023","Lecture Notes in Computer Science (including subseries Lecture Notes in Artificial Intelligence and Lecture Notes in Bioinformatics)","14177 LNAI","","","139","151","8","10.1007/978-3-031-46664-9_10","https://www.scopus.com/pages/publications/85177567481?origin=resultslist","Conference paper","Final","","Scopus","2-s2.0-85177567481"
"Frants V.; Agaian S.; Panetta K.","Frants, Vladimir (57204647424); Agaian, Sos (35321805400); Panetta, Karen (6507727793)","57204647424; 35321805400; 6507727793","QCNN-H: Single-Image Dehazing Using Quaternion Neural Networks","2023","IEEE Transactions on Cybernetics","53","9","","5448","5458","78","10.1109/TCYB.2023.3238640","https://www.scopus.com/pages/publications/85148461737?origin=resultslist","Article","Final","","Scopus","2-s2.0-85148461737"
"Arun Pandian J.; Kanchanadevi K.; Sandeep P.; Dattatreya S.C.; Anil S.N.S.","Arun Pandian, J. (56398419000); Kanchanadevi, K. (57579207700); Sandeep, Pasupuleti. (57803769200); Dattatreya, S.C. (57804037200); Anil, S. Naga Sai (57804810400)","56398419000; 57579207700; 57803769200; 57804037200; 57804810400","Symmetry-Protected Topological Phase Classification Using Hybrid Quantum Convolutional Neural Network with Three Quantum Filters","2022","2022 2nd International Conference on Advances in Electrical, Computing, Communication and Sustainable Technologies, ICAECT 2022","","","","","","0","10.1109/ICAECT54875.2022.9807939","https://www.scopus.com/pages/publications/85134263114?origin=resultslist","Conference paper","Final","","Scopus","2-s2.0-85134263114"
"Wang H.; Zhang J.","Wang, Hua (57708988600); Zhang, Jun (60232977000)","57708988600; 60232977000","Automatic English-Speaking Fluency Scoring System Based on Automatic Speech Assessment","2026","Circuits, Systems, and Signal Processing","45","6","","4828","4854","1","10.1007/s00034-025-03429-7","https://www.scopus.com/pages/publications/105024480929?origin=resultslist","Article","Final","","Scopus","2-s2.0-105024480929"
"Al Isawi A.S.H.; Cevik M.","Al Isawi, Ather Salah Hadi (57796526800); Cevik, Mesut (57796708000)","57796526800; 57796708000","Eliminate Entanglement in Quantum Information Processing Utilizing Hybrid Quantum-Classical Neural Networks","2022","HORA 2022 - 4th International Congress on Human-Computer Interaction, Optimization and Robotic Applications, Proceedings","","","","","","0","10.1109/HORA55278.2022.9799832","https://www.scopus.com/pages/publications/85133975439?origin=resultslist","Conference paper","Final","","Scopus","2-s2.0-85133975439"
"Li Y.; Hao X.; Liu G.; Shang R.; Jiao L.","Li, Yangyang (35388751400); Hao, Xiaobin (58634535400); Liu, Guanlong (59138527200); Shang, Ronghua (15030217300); Jiao, Licheng (7102491544)","35388751400; 58634535400; 59138527200; 15030217300; 7102491544","QEA-QCNN: optimization of quantum convolutional neural network architecture based on quantum evolution","2024","Memetic Computing","16","3","","233","254","10","10.1007/s12293-024-00417-3","https://www.scopus.com/pages/publications/85198110126?origin=resultslist","Article","Final","","Scopus","2-s2.0-85198110126"
"Arulmozhi B.; Sheeba J.I.; Pradeep Devaneyan S.","Arulmozhi, B. (58099569500); Sheeba, J.I. (55446023700); Pradeep Devaneyan, S. (56910277000)","58099569500; 55446023700; 56910277000","Securing Health Records Using Quantum Convolutional Neural Network","2023","Lecture Notes in Networks and Systems","587","","","719","733","1","10.1007/978-981-19-7874-6_53","https://www.scopus.com/pages/publications/85149679787?origin=resultslist","Conference paper","Final","","Scopus","2-s2.0-85149679787"
"Chou L.-Y.A.; Islam M.M.; He S.","Chou, Li-Yen Alyssa (60614945300); Islam, Md Majedul (59553892300); He, Selena (57214005009)","60614945300; 59553892300; 57214005009","Quantum Convolutional Neural Networks in Injury Detection of 3D Computed Tomography Volumes","2025","Proceedings of the IEEE International Conference on Big Data, BigData","","2025","","7055","7063","0","10.1109/BigData66926.2025.11401688","https://www.scopus.com/pages/publications/105037855034?origin=resultslist","Conference paper","Final","","Scopus","2-s2.0-105037855034"
"Lu T.-C.","Lu, Tzyy-Chyang (23493209700)","23493209700","CNN Convolutional layer optimisation based on quantum evolutionary algorithm","2021","Connection Science","33","3","","482","494","30","10.1080/09540091.2020.1841111","https://www.scopus.com/pages/publications/85096530415?origin=resultslist","Article","Final","All Open Access; Bronze Open Access","Scopus","2-s2.0-85096530415"
"Liu W.; Du B.; Liu W.; Zhu Y.","Liu, Wenjie (55723562200); Du, Bohan (59910369600); Liu, Weiwei (60347698800); Zhu, Yifan (59909431800)","55723562200; 59910369600; 60347698800; 59909431800","Rotation equivariant quantum graph neural networks with trainable compression encoder and entanglement-enhanced aggregation","2026","Neural Networks","198","","108625","","","0","10.1016/j.neunet.2026.108625","https://www.scopus.com/pages/publications/105028356144?origin=resultslist","Article","Final","All Open Access; Hybrid Gold Open Access","Scopus","2-s2.0-105028356144"
